time_stamp,ram_avg,running_hosts,idle_hosts,offline_hosts,predicted_ram,ram_compute1,vms_compute1,ram_compute2,vms_compute2,ram_compute3,vms_compute3
2026-09-02 06:45:19,14.67,0,3,0,,17.10,0,15.00,0,11.90,0
2026-09-02 06:45:31,3.68,0,3,0,,11.05,0,0.00,0,0.00,0
2026-09-02 06:45:52,5.63,0,3,0,,16.90,0,0.00,0,0.00,0
2026-09-02 06:46:03,13.85,0,1,2,,13.85,0,0.00,0,0.00,0
2026-09-02 06:46:15,10.70,0,1,2,,10.70,0,0.00,0,0.00,0
2026-09-02 06:46:26,16.60,0,1,2,,16.60,0,0.00,0,0.00,0
2026-09-02 06:46:38,21.40,1,0,2,,21.40,1,0.00,0,0.00,0
2026-09-02 06:46:49,16.70,1,0,2,,16.70,1,0.00,0,0.00,0
2026-09-02 06:47:00,21.80,1,0,2,,21.80,1,0.00,0,0.00,0
2026-09-02 06:47:12,25.85,1,0,2,,25.85,1,0.00,0,0.00,0
2026-09-02 06:47:23,19.80,1,0,2,,19.80,1,0.00,0,0.00,0
2026-09-02 06:47:34,17.85,1,0,2,,17.85,1,0.00,0,0.00,0
2026-09-02 06:47:46,17.25,1,0,2,,17.25,1,0.00,0,0.00,0
2026-09-02 06:47:58,28.55,1,0,2,,28.55,2,0.00,0,0.00,0
2026-09-02 06:48:10,23.70,1,0,2,,23.70,2,0.00,0,0.00,0
2026-09-02 06:48:21,27.00,1,0,2,,27.00,2,0.00,0,0.00,0
2026-09-02 06:48:33,27.55,1,0,2,,27.55,2,0.00,0,0.00,0
2026-09-02 06:48:44,28.65,1,0,2,,28.65,2,0.00,0,0.00,0
2026-09-02 06:48:56,27.90,1,0,2,,27.90,2,0.00,0,0.00,0
2026-09-02 06:49:09,23.85,1,0,2,,23.85,2,0.00,0,0.00,0
2026-09-02 06:49:20,31.35,1,0,2,,31.35,3,0.00,0,0.00,0
2026-09-02 06:49:32,28.35,1,0,2,,28.35,3,0.00,0,0.00,0
2026-09-02 06:49:44,37.95,1,0,2,,37.95,3,0.00,0,0.00,0
2026-09-02 06:49:55,35.25,1,0,2,,35.25,3,0.00,0,0.00,0
2026-09-02 06:50:07,39.70,1,0,2,,39.70,3,0.00,0,0.00,0
2026-09-02 06:50:18,34.55,1,0,2,,34.55,3,0.00,0,0.00,0
2026-09-02 06:50:30,33.45,1,0,2,,33.45,4,0.00,0,0.00,0
2026-09-02 06:50:42,37.70,1,0,2,,37.70,4,0.00,0,0.00,0
2026-09-02 06:50:53,36.45,1,0,2,,36.45,4,0.00,0,0.00,0
2026-09-02 06:51:05,40.40,1,0,2,,40.40,4,0.00,0,0.00,0
2026-09-02 06:51:16,46.60,1,0,2,,46.60,4,0.00,0,0.00,0
2026-09-02 06:51:29,43.95,1,0,2,,43.95,4,0.00,0,0.00,0
2026-09-02 06:51:40,38.10,1,0,2,,38.10,5,0.00,0,0.00,0
2026-09-02 06:51:51,48.40,1,0,2,,48.40,5,0.00,0,0.00,0
2026-09-02 06:52:03,40.30,1,0,2,,40.30,5,0.00,0,0.00,0
2026-09-02 06:52:14,46.40,1,0,2,,46.40,5,0.00,0,0.00,0
2026-09-02 06:52:25,51.75,1,0,2,,51.75,5,0.00,0,0.00,0
2026-09-02 06:52:36,46.50,1,0,2,,46.50,5,0.00,0,0.00,0
2026-09-02 06:52:48,48.55,1,0,2,,48.55,5,0.00,0,0.00,0
2026-09-02 06:52:59,47.75,1,0,2,,47.75,6,0.00,0,0.00,0
2026-09-02 06:53:11,50.65,1,0,2,,50.65,6,0.00,0,0.00,0
2026-09-02 06:53:22,55.30,1,0,2,,55.30,6,0.00,0,0.00,0
2026-09-02 06:53:33,51.65,1,0,2,,51.65,6,0.00,0,0.00,0
2026-09-02 06:53:45,50.10,1,0,2,,50.10,6,0.00,0,0.00,0
2026-09-02 06:53:56,59.40,1,0,2,,59.40,6,0.00,0,0.00,0
2026-09-02 06:54:09,51.45,1,0,2,,51.45,6,0.00,0,0.00,0
2026-09-02 06:54:20,62.00,1,0,2,,62.00,7,0.00,0,0.00,0
2026-09-02 06:54:32,59.05,1,0,2,,59.05,7,0.00,0,0.00,0
2026-09-02 06:54:43,54.55,1,0,2,,54.55,7,0.00,0,0.00,0
2026-09-02 06:54:55,65.20,1,0,2,,65.20,7,0.00,0,0.00,0
2026-09-02 06:55:06,58.15,1,0,2,,58.15,7,0.00,0,0.00,0
2026-09-02 06:55:18,62.10,1,0,2,,62.10,7,0.00,0,0.00,0
2026-09-02 06:55:29,63.65,1,0,2,,63.65,8,0.00,0,0.00,0
2026-09-02 06:55:40,60.50,1,0,2,,60.50,8,0.00,0,0.00,0
2026-09-02 06:55:51,69.75,1,0,2,,69.75,8,0.00,0,0.00,0
2026-09-02 06:56:03,62.75,1,0,2,,62.75,8,0.00,0,0.00,0
2026-09-02 06:56:14,71.25,1,0,2,,71.25,8,0.00,0,0.00,0
2026-09-02 06:56:26,65.05,1,0,2,,65.05,8,0.00,0,0.00,0
2026-09-02 06:56:38,68.85,1,0,2,,68.85,8,0.00,0,0.00,0
2026-09-02 06:56:49,71.05,1,0,2,,71.05,9,0.00,0,0.00,0
2026-09-02 06:57:01,71.20,1,0,2,,71.20,9,0.00,0,0.00,0
2026-09-02 06:57:12,70.55,1,0,2,,70.55,9,0.00,0,0.00,0
2026-09-02 06:57:24,68.35,1,0,2,,68.35,9,0.00,0,0.00,0
2026-09-02 06:57:35,73.35,1,0,2,,73.35,9,0.00,0,0.00,0
2026-09-02 06:57:48,76.45,1,0,2,,76.45,9,0.00,0,0.00,0
2026-09-02 06:57:59,75.55,1,0,2,,75.55,9,0.00,0,0.00,0
2026-09-02 06:58:11,44.93,1,1,1,,73.20,10,16.65,0,0.00,0
2026-09-02 06:58:24,46.10,1,1,1,,81.70,10,10.50,0,0.00,0
2026-09-02 06:58:36,46.67,1,1,1,,74.60,10,18.75,0,0.00,0
2026-09-02 06:58:48,42.48,1,1,1,,73.50,10,11.45,0,0.00,0
2026-09-02 06:59:00,50.15,1,1,1,,81.05,10,19.25,0,0.00,0
2026-09-02 06:59:13,46.45,1,1,1,,80.70,10,12.20,0,0.00,0
2026-09-02 06:59:25,45.72,2,0,1,,78.35,10,13.10,1,0.00,0
2026-09-02 06:59:37,50.80,2,0,1,,81.65,10,19.95,1,0.00,0
2026-09-02 06:59:50,55.10,2,0,1,,85.25,10,24.95,1,0.00,0
2026-09-02 07:00:02,47.30,2,0,1,,77.15,10,17.45,1,0.00,0
2026-09-02 07:00:15,52.68,2,0,1,,85.35,10,20.00,1,0.00,0
2026-09-02 07:00:27,53.40,2,0,1,,81.10,10,25.70,1,0.00,0
2026-09-02 07:00:40,56.57,2,0,1,,85.60,10,27.55,2,0.00,0
2026-09-02 07:00:53,54.75,2,0,1,,86.35,10,23.15,2,0.00,0
2026-09-02 07:01:05,52.98,2,0,1,,78.95,10,27.00,2,0.00,0
2026-09-02 07:01:18,57.00,2,0,1,,81.60,10,32.40,2,0.00,0
2026-09-02 07:01:30,53.15,2,0,1,,77.25,10,29.05,2,0.00,0
2026-09-02 07:01:43,51.77,2,0,1,,79.25,10,24.30,2,0.00,0
2026-09-02 07:01:56,56.55,2,0,1,,82.65,10,30.45,3,0.00,0
2026-09-02 07:02:09,57.20,2,0,1,,77.95,10,36.45,3,0.00,0
2026-09-02 07:02:21,55.85,2,0,1,,79.55,10,32.15,3,0.00,0
2026-09-02 07:02:34,57.25,2,0,1,,83.50,10,31.00,3,0.00,0
2026-09-02 07:02:46,58.37,2,0,1,,81.70,10,35.05,3,0.00,0
2026-09-02 07:02:59,58.17,2,0,1,,81.75,10,34.60,3,0.00,0
2026-09-02 07:03:12,61.65,2,0,1,,86.15,10,37.15,4,0.00,0
2026-09-02 07:03:25,62.32,2,0,1,,81.70,10,42.95,4,0.00,0
2026-09-02 07:03:37,59.25,2,0,1,,77.30,10,41.20,4,0.00,0
2026-09-02 07:03:49,58.52,2,0,1,,79.05,10,38.00,4,0.00,0
2026-09-02 07:04:02,63.58,2,0,1,,80.35,10,46.80,4,0.00,0
2026-09-02 07:04:16,59.57,2,0,1,,77.80,10,41.35,4,0.00,0
2026-09-02 07:04:29,60.25,2,0,1,,80.75,10,39.75,5,0.00,0
2026-09-02 07:04:41,67.62,2,0,1,,86.05,10,49.20,5,0.00,0
2026-09-02 07:04:54,65.05,2,0,1,,81.75,10,48.35,5,0.00,0
2026-09-02 07:05:07,65.27,2,0,1,,81.85,10,48.70,5,0.00,0
2026-09-02 07:05:19,69.52,2,0,1,,86.10,10,52.95,5,0.00,0
2026-09-02 07:05:32,65.95,2,0,1,,81.80,10,50.10,5,0.00,0
2026-09-02 07:05:46,62.27,2,0,1,,77.80,10,46.75,6,0.00,0
2026-09-02 07:05:58,69.70,2,0,1,,83.40,10,56.00,6,0.00,0
2026-09-02 07:06:11,63.70,2,0,1,,78.30,10,49.10,6,0.00,0
2026-09-02 07:06:23,66.00,2,0,1,,77.85,10,54.15,6,0.00,0
2026-09-02 07:06:36,70.70,2,0,1,,81.80,10,59.60,6,0.00,0
2026-09-02 07:06:49,70.83,2,0,1,,86.35,10,55.30,6,0.00,0
2026-09-02 07:07:02,69.67,2,0,1,,81.85,10,57.50,7,0.00,0
2026-09-02 07:07:14,71.28,2,0,1,,86.05,10,56.50,7,0.00,0
2026-09-02 07:07:27,70.10,2,0,1,,86.40,10,53.80,7,0.00,0
2026-09-02 07:07:39,70.90,2,0,1,,81.85,10,59.95,7,0.00,0
2026-09-02 07:07:52,71.40,2,0,1,,77.50,10,65.30,7,0.00,0
2026-09-02 07:08:06,67.95,2,0,1,,77.85,10,58.05,7,0.00,0
2026-09-02 07:08:20,54.13,2,1,0,,81.85,10,66.10,8,14.45,0
2026-09-02 07:08:34,50.53,2,1,0,,77.65,10,60.45,8,13.50,0
2026-09-02 07:08:47,51.35,2,1,0,,79.25,10,64.45,8,10.35,0
2026-09-02 07:09:01,58.28,2,1,0,,85.80,10,69.90,8,19.15,0
2026-09-02 07:09:15,53.52,2,1,0,,81.35,10,62.80,8,16.40,0
2026-09-02 07:09:29,55.72,3,0,0,,83.05,10,67.45,8,16.65,1
2026-09-02 07:09:43,59.45,3,0,0,,81.75,10,73.10,8,23.50,1
2026-09-02 07:09:58,57.47,3,0,0,,77.80,10,71.10,8,23.50,1
2026-09-02 07:10:12,53.18,3,0,0,,77.80,10,64.35,8,17.40,1
2026-09-02 07:10:26,57.17,3,0,0,,77.65,10,73.10,8,20.75,1
2026-09-02 07:10:40,60.65,3,0,0,,82.15,10,73.45,8,26.35,2
2026-09-02 07:10:54,60.20,3,0,0,,86.15,10,68.65,8,25.80,2
2026-09-02 07:11:08,59.53,3,0,0,,81.80,10,73.40,8,23.40,2
2026-09-02 07:11:21,61.58,3,0,0,,85.90,10,70.55,8,28.30,2
2026-09-02 07:11:36,61.65,3,0,0,,81.75,10,70.00,8,33.20,2
2026-09-02 07:11:50,59.70,3,0,0,,78.20,10,68.60,8,32.30,2
2026-09-02 07:12:05,61.90,3,0,0,,83.35,10,68.75,8,33.60,3
2026-09-02 07:12:19,59.58,3,0,0,,81.30,10,68.65,8,28.80,3
2026-09-02 07:12:32,61.22,3,0,0,,83.80,10,65.35,8,34.50,3
2026-09-02 07:12:46,64.55,3,0,0,,81.75,10,72.50,8,39.40,3
2026-09-02 07:13:00,61.17,3,0,0,,77.70,10,68.70,8,37.10,3
2026-09-02 07:13:14,60.67,3,0,0,,77.80,10,73.00,8,31.20,3
2026-09-02 07:13:28,62.48,3,0,0,,76.60,10,68.70,8,42.15,4
2026-09-02 07:13:43,62.83,3,0,0,,79.90,10,65.20,8,43.40,4
2026-09-02 07:13:57,67.27,3,0,0,,86.40,10,73.25,8,42.15,4
2026-09-02 07:14:10,64.25,3,0,0,,81.85,10,72.90,8,38.00,4
2026-09-02 07:14:24,68.70,3,0,0,,86.25,10,73.30,8,46.55,4
2026-09-02 07:14:38,63.00,3,0,0,,81.75,10,64.50,8,42.75,5
2026-09-02 07:14:51,61.58,3,0,0,,77.85,10,66.75,8,40.15,5
2026-09-02 07:15:05,65.40,3,0,0,,83.10,10,72.65,8,40.45,5
2026-09-02 07:15:19,66.15,3,0,0,,79.25,10,67.45,8,51.75,5
2026-09-02 07:15:33,66.33,3,0,0,,80.65,10,73.45,8,44.90,5
2026-09-02 07:15:48,65.35,3,0,0,,86.45,10,64.50,8,45.10,6
2026-09-02 07:16:02,67.97,3,0,0,,77.70,10,70.60,8,55.60,6
2026-09-02 07:16:16,65.00,3,0,0,,77.70,10,66.70,8,50.60,6
2026-09-02 07:16:30,67.73,3,0,0,,77.65,10,72.80,8,52.75,6
2026-09-02 07:16:44,67.43,3,0,0,,80.15,10,63.75,8,58.40,6
2026-09-02 07:16:58,70.63,3,0,0,,86.50,10,66.55,8,58.85,6
2026-09-02 07:17:12,67.15,3,0,0,,81.75,10,66.10,8,53.60,7
2026-09-02 07:17:26,71.83,3,0,0,,86.30,10,66.75,8,62.45,7
2026-09-02 07:17:40,69.95,3,0,0,,81.75,10,73.20,8,54.90,7
2026-09-02 07:17:54,67.57,3,0,0,,77.80,10,68.70,8,56.20,7
2026-09-02 07:18:08,70.28,3,0,0,,83.90,10,66.50,8,60.45,7
2026-09-02 07:18:23,70.37,3,0,0,,80.05,10,64.65,8,66.40,8
2026-09-02 07:18:36,71.40,3,0,0,,83.75,10,70.35,8,60.10,8
2026-09-02 07:18:51,73.28,3,0,0,,81.70,10,69.00,8,69.15,8
2026-09-02 07:19:05,69.72,3,0,0,,77.80,10,64.70,8,66.65,8
2026-09-02 07:19:19,69.00,3,0,0,,77.75,10,64.70,8,64.55,8
2026-09-02 07:19:34,70.65,3,0,0,,77.70,10,66.65,8,67.60,8
2026-09-02 07:19:48,72.82,3,0,0,,81.20,10,69.85,8,67.40,9
2026-09-02 07:20:02,72.62,3,0,0,,86.55,10,64.50,8,66.80,9
2026-09-02 07:20:15,72.55,3,0,0,,81.75,10,64.75,8,71.15,9
2026-09-02 07:20:30,74.68,3,0,0,,86.40,10,64.60,8,73.05,9
2026-09-02 07:20:44,75.03,3,0,0,,81.90,10,70.30,8,72.90,9
2026-09-02 07:20:58,75.35,3,0,0,,79.25,10,68.60,8,78.20,9
2026-09-02 07:21:12,76.43,3,0,0,,86.25,10,64.80,8,78.25,9
2026-09-02 07:21:26,70.95,3,0,0,,83.50,10,64.25,8,65.10,9
2026-09-02 07:21:40,73.83,3,0,0,,85.95,10,66.50,8,69.05,8
2026-09-02 07:21:54,74.57,3,0,0,,81.75,10,73.10,8,68.85,8
2026-09-02 07:22:08,70.37,3,0,0,,77.90,10,68.70,8,64.50,8
2026-09-02 07:22:22,70.28,3,0,0,,77.80,10,68.75,8,64.30,8
2026-09-02 07:22:37,69.73,3,0,0,,77.65,10,64.45,8,67.10,8
2026-09-02 07:22:51,70.42,3,0,0,,83.25,10,70.65,8,57.35,7
2026-09-02 07:23:05,70.02,3,0,0,,81.75,10,68.65,8,59.65,7
2026-09-02 07:23:19,72.45,3,0,0,,82.05,10,68.75,8,66.55,7
2026-09-02 07:23:34,72.15,3,0,0,,81.80,10,68.80,8,65.85,7
2026-09-02 07:23:47,68.05,3,0,0,,77.70,10,66.35,8,60.10,6
2026-09-02 07:24:01,68.03,3,0,0,,79.85,10,72.90,8,51.35,6
2026-09-02 07:24:15,71.45,3,0,0,,86.20,10,73.50,8,54.65,6
2026-09-02 07:24:28,71.93,3,0,0,,83.35,10,72.95,8,59.50,6
2026-09-02 07:24:42,70.78,3,0,0,,83.55,10,68.65,8,60.15,6
2026-09-02 07:24:56,67.22,3,0,0,,86.60,10,66.15,8,48.90,5
2026-09-02 07:25:14,66.27,3,0,0,,81.15,10,68.80,8,48.85,5
2026-09-02 07:25:29,65.17,3,0,0,,81.40,10,69.05,8,45.05,5
2026-09-02 07:25:43,66.62,3,0,0,,83.70,10,66.40,8,49.75,5
2026-09-02 07:25:57,67.97,3,0,0,,81.80,10,73.30,8,48.80,5
2026-09-02 07:26:11,61.45,3,0,0,,77.75,10,68.80,8,37.80,4
2026-09-02 07:26:24,62.62,3,0,0,,78.00,10,68.65,8,41.20,4
2026-09-02 07:26:38,62.18,3,0,0,,76.75,10,64.00,8,45.80,4
2026-09-02 07:26:51,62.28,3,0,0,,79.20,10,65.80,8,41.85,4
2026-09-02 07:27:05,65.80,3,0,0,,84.15,10,73.00,8,40.25,4
2026-09-02 07:27:19,64.72,3,0,0,,81.75,10,73.00,8,39.40,3
2026-09-02 07:27:32,64.80,3,0,0,,86.30,10,72.95,8,35.15,3
2026-09-02 07:27:46,62.15,3,0,0,,85.85,10,68.65,8,31.95,3
2026-09-02 07:28:00,62.30,3,0,0,,82.10,10,65.15,8,39.65,3
2026-09-02 07:28:14,60.38,3,0,0,,77.80,10,71.95,8,31.40,3
2026-09-02 07:28:28,57.98,3,0,0,,79.65,10,67.20,8,27.10,2
2026-09-02 07:28:41,61.30,3,0,0,,77.75,10,72.95,8,33.20,2
2026-09-02 07:28:55,57.80,3,0,0,,80.30,10,68.65,8,24.45,2
2026-09-02 07:29:09,61.12,3,0,0,,86.05,10,64.70,8,32.60,2
2026-09-02 07:29:22,56.83,3,0,0,,81.75,10,64.65,8,24.10,2
2026-09-02 07:29:37,56.18,3,0,0,,81.95,10,66.20,8,20.40,1
2026-09-02 07:29:51,58.35,3,0,0,,81.80,10,71.80,8,21.45,1
2026-09-02 07:30:04,55.08,3,0,0,,77.85,10,68.65,8,18.75,1
2026-09-02 07:30:18,57.22,3,0,0,,80.60,10,64.80,8,26.25,1
2026-09-02 07:30:31,56.43,3,0,0,,83.25,10,68.65,8,17.40,1
2026-09-02 07:30:45,54.08,3,0,0,,78.25,10,64.85,8,19.15,1
2026-09-02 07:30:59,55.15,2,1,0,,85.15,10,69.55,8,10.75,0
2026-09-02 07:31:11,50.13,2,1,0,,81.75,10,68.65,8,0.00,0
2026-09-02 07:31:29,50.30,2,1,0,,77.40,10,73.50,8,0.00,0
2026-09-02 07:31:42,71.72,2,0,1,,78.00,10,65.45,8,0.00,0
2026-09-02 07:31:55,71.03,2,0,1,,79.90,10,62.15,8,0.00,0
2026-09-02 07:32:07,75.95,2,0,1,,85.80,10,66.10,7,0.00,0
2026-09-02 07:32:19,76.73,2,0,1,,86.55,10,66.90,7,0.00,0
2026-09-02 07:32:32,76.38,2,0,1,,86.65,10,66.10,7,0.00,0
2026-09-02 07:32:45,72.95,2,0,1,,83.85,10,62.05,7,0.00,0
2026-09-02 07:32:58,69.90,2,0,1,,81.75,10,58.05,7,0.00,0
2026-09-02 07:33:11,66.30,2,0,1,,77.80,10,54.80,6,0.00,0
2026-09-02 07:33:24,68.70,2,0,1,,79.85,10,57.55,6,0.00,0
2026-09-02 07:33:36,67.82,2,0,1,,78.15,10,57.50,6,0.00,0
2026-09-02 07:33:49,66.35,2,0,1,,77.35,10,55.35,6,0.00,0
2026-09-02 07:34:01,65.25,2,0,1,,79.20,10,51.30,6,0.00,0
2026-09-02 07:34:14,65.85,2,0,1,,84.15,10,47.55,6,0.00,0
2026-09-02 07:34:27,66.93,2,0,1,,86.55,10,47.30,5,0.00,0
2026-09-02 07:34:39,68.45,2,0,1,,85.95,10,50.95,5,0.00,0
2026-09-02 07:34:51,66.05,2,0,1,,83.35,10,48.75,5,0.00,0
2026-09-02 07:35:04,65.53,2,0,1,,86.45,10,44.60,5,0.00,0
2026-09-02 07:35:17,63.67,2,0,1,,76.75,10,50.60,5,0.00,0
2026-09-02 07:35:30,59.45,2,0,1,,78.05,10,40.85,4,0.00,0
2026-09-02 07:35:42,61.48,2,0,1,,76.75,10,46.20,4,0.00,0
2026-09-02 07:35:55,61.95,2,0,1,,81.85,10,42.05,4,0.00,0
2026-09-02 07:36:07,58.12,2,0,1,,78.00,10,38.25,4,0.00,0
2026-09-02 07:36:19,62.48,2,0,1,,80.70,10,44.25,4,0.00,0
2026-09-02 07:36:32,64.78,2,0,1,,85.75,10,43.80,4,0.00,0
2026-09-02 07:36:44,59.88,2,0,1,,79.75,10,40.00,3,0.00,0
2026-09-02 07:36:56,54.45,2,0,1,,77.90,10,31.00,3,0.00,0
2026-09-02 07:37:09,56.08,2,0,1,,78.70,10,33.45,3,0.00,0
2026-09-02 07:37:21,61.12,2,0,1,,82.50,10,39.75,3,0.00,0
2026-09-02 07:37:34,62.88,2,0,1,,85.75,10,40.00,3,0.00,0
2026-09-02 07:37:46,52.03,2,0,1,,80.15,10,23.90,2,0.00,0
2026-09-02 07:37:59,52.75,2,0,1,,79.90,10,25.60,2,0.00,0
2026-09-02 07:38:11,58.05,2,0,1,,83.95,10,32.15,2,0.00,0
2026-09-02 07:38:23,57.40,2,0,1,,86.50,10,28.30,2,0.00,0
2026-09-02 07:38:36,52.88,2,0,1,,81.85,10,23.90,2,0.00,0
2026-09-02 07:38:48,57.50,2,0,1,,86.05,10,28.95,2,0.00,0
2026-09-02 07:39:01,55.98,2,0,1,,85.75,10,26.20,1,0.00,0
2026-09-02 07:39:13,49.15,2,0,1,,81.75,10,16.55,1,0.00,0
2026-09-02 07:39:26,47.98,2,0,1,,76.70,10,19.25,1,0.00,0
2026-09-02 07:39:38,51.60,2,0,1,,77.05,10,26.15,1,0.00,0
2026-09-02 07:39:51,49.75,2,0,1,,81.95,10,17.55,1,0.00,0
2026-09-02 07:40:03,49.25,2,0,1,,81.80,10,16.70,1,0.00,0
2026-09-02 07:40:15,38.90,1,1,1,,77.80,10,0.00,0,0.00,0
2026-09-02 07:40:31,39.45,1,1,1,,78.90,10,0.00,0,0.00,0
2026-09-02 07:40:42,86.45,1,0,2,,86.45,10,0.00,0,0.00,0
2026-09-02 07:40:54,85.70,1,0,2,,85.70,10,0.00,0,0.00,0
2026-09-02 07:41:05,86.55,1,0,2,,86.55,10,0.00,0,0.00,0
2026-09-02 07:41:17,75.55,1,0,2,,75.55,9,0.00,0,0.00,0
2026-09-02 07:41:30,71.40,1,0,2,,71.40,9,0.00,0,0.00,0
2026-09-02 07:41:41,75.90,1,0,2,,75.90,9,0.00,0,0.00,0
2026-09-02 07:41:53,75.75,1,0,2,,75.75,9,0.00,0,0.00,0
2026-09-02 07:42:04,71.25,1,0,2,,71.25,9,0.00,0,0.00,0
2026-09-02 07:42:16,72.45,1,0,2,,72.45,9,0.00,0,0.00,0
2026-09-02 07:42:28,67.20,1,0,2,,67.20,8,0.00,0,0.00,0
2026-09-02 07:42:39,66.30,1,0,2,,66.30,8,0.00,0,0.00,0
2026-09-02 07:42:50,64.75,1,0,2,,64.75,8,0.00,0,0.00,0
2026-09-02 07:43:01,65.50,1,0,2,,65.50,8,0.00,0,0.00,0
2026-09-02 07:43:13,70.45,1,0,2,,70.45,8,0.00,0,0.00,0
2026-09-02 07:43:24,73.45,1,0,2,,73.45,8,0.00,0,0.00,0
2026-09-02 07:43:36,66.85,1,0,2,,66.85,7,0.00,0,0.00,0
2026-09-02 07:43:47,63.75,1,0,2,,63.75,7,0.00,0,0.00,0
2026-09-02 07:43:58,66.70,1,0,2,,66.70,7,0.00,0,0.00,0
2026-09-02 07:44:10,62.10,1,0,2,,62.10,7,0.00,0,0.00,0
2026-09-02 07:44:21,58.15,1,0,2,,58.15,7,0.00,0,0.00,0
2026-09-02 07:44:34,63.45,1,0,2,,63.45,7,0.00,0,0.00,0
2026-09-02 07:44:45,52.35,1,0,2,,52.35,7,0.00,0,0.00,0
2026-09-02 07:44:57,53.15,1,0,2,,53.15,6,0.00,0,0.00,0
2026-09-02 07:45:08,57.30,1,0,2,,57.30,6,0.00,0,0.00,0
2026-09-02 07:45:19,60.15,1,0,2,,60.15,6,0.00,0,0.00,0
2026-09-02 07:45:31,51.00,1,0,2,,51.00,6,0.00,0,0.00,0
2026-09-02 07:45:43,50.95,1,0,2,,50.95,6,0.00,0,0.00,0
2026-09-02 07:45:54,44.30,1,0,2,,44.30,5,0.00,0,0.00,0
2026-09-02 07:46:06,46.65,1,0,2,,46.65,5,0.00,0,0.00,0
2026-09-02 07:46:17,52.45,1,0,2,,52.45,5,0.00,0,0.00,0
2026-09-02 07:46:28,48.55,1,0,2,,48.55,5,0.00,0,0.00,0
2026-09-02 07:46:40,43.50,1,0,2,,43.50,5,0.00,0,0.00,0
2026-09-02 07:46:51,48.70,1,0,2,,48.70,5,0.00,0,0.00,0
2026-09-02 07:47:02,37.70,1,0,2,,37.70,5,0.00,0,0.00,0
2026-09-02 07:47:13,39.55,1,0,2,,39.55,4,0.00,0,0.00,0
2026-09-02 07:47:25,45.80,1,0,2,,45.80,4,0.00,0,0.00,0
2026-09-02 07:47:36,41.85,1,0,2,,41.85,4,0.00,0,0.00,0
2026-09-02 07:47:48,41.80,1,0,2,,41.80,4,0.00,0,0.00,0
2026-09-02 07:47:59,37.85,1,0,2,,37.85,4,0.00,0,0.00,0
2026-09-02 07:48:10,33.20,1,0,2,,33.20,4,0.00,0,0.00,0
2026-09-02 07:48:21,39.05,1,0,2,,39.05,3,0.00,0,0.00,0
2026-09-02 07:48:32,35.15,1,0,2,,35.15,3,0.00,0,0.00,0
2026-09-02 07:48:43,35.40,1,0,2,,35.40,3,0.00,0,0.00,0
2026-09-02 07:48:54,31.15,1,0,2,,31.15,3,0.00,0,0.00,0
2026-09-02 07:49:06,33.65,1,0,2,,33.65,3,0.00,0,0.00,0
2026-09-02 07:49:17,33.20,1,0,2,,33.20,3,0.00,0,0.00,0
2026-09-02 07:49:29,28.50,1,0,2,,28.50,2,0.00,0,0.00,0
2026-09-02 07:49:40,24.55,1,0,2,,24.55,2,0.00,0,0.00,0
2026-09-02 07:49:51,25.85,1,0,2,,25.85,2,0.00,0,0.00,0
2026-09-02 07:50:02,32.50,1,0,2,,32.50,2,0.00,0,0.00,0
2026-09-02 07:50:14,28.60,1,0,2,,28.60,2,0.00,0,0.00,0
2026-09-02 07:50:25,24.55,1,0,2,,24.55,2,0.00,0,0.00,0
2026-09-02 07:50:36,21.20,1,0,2,,21.20,1,0.00,0,0.00,0
2026-09-02 07:50:47,25.80,1,0,2,,25.80,1,0.00,0,0.00,0
2026-09-02 07:50:58,21.85,1,0,2,,21.85,1,0.00,0,0.00,0
2026-09-02 07:51:10,18.90,1,0,2,,18.90,1,0.00,0,0.00,0
2026-09-02 07:51:21,25.65,1,0,2,,25.65,1,0.00,0,0.00,0
2026-09-02 07:51:32,21.75,1,0,2,,21.75,1,0.00,0,0.00,0
2026-09-02 07:51:43,11.00,0,1,2,,11.00,0,0.00,0,0.00,0
2026-09-02 07:51:54,17.20,0,1,2,,17.20,0,0.00,0,0.00,0
2026-09-02 07:52:06,10.80,0,1,2,,10.80,0,0.00,0,0.00,0
2026-09-02 07:52:17,17.10,0,1,2,,17.10,0,0.00,0,0.00,0
2026-09-02 07:52:28,15.15,0,1,2,,15.15,0,0.00,0,0.00,0
2026-09-02 07:52:39,14.45,0,1,2,,14.45,0,0.00,0,0.00,0
2026-09-02 07:52:50,15.00,0,1,2,,15.00,0,0.00,0,0.00,0
2026-09-02 07:53:01,12.45,0,1,2,,12.45,0,0.00,0,0.00,0
2026-09-02 07:53:13,19.80,0,1,2,,19.80,0,0.00,0,0.00,0
2026-09-02 07:53:24,15.05,1,0,2,,15.05,1,0.00,0,0.00,0
2026-09-02 07:53:35,23.75,1,0,2,,23.75,1,0.00,0,0.00,0
2026-09-02 07:53:47,19.60,1,0,2,,19.60,1,0.00,0,0.00,0
2026-09-02 07:53:58,16.60,1,0,2,,16.60,1,0.00,0,0.00,0
2026-09-02 07:54:09,21.70,1,0,2,,21.70,1,0.00,0,0.00,0
2026-09-02 07:54:21,17.75,1,0,2,,17.75,1,0.00,0,0.00,0
2026-09-02 07:54:33,20.65,1,0,2,,20.65,1,0.00,0,0.00,0
2026-09-02 07:54:44,20.15,1,0,2,,20.15,2,0.00,0,0.00,0
2026-09-02 07:54:55,31.60,1,0,2,,31.60,2,0.00,0,0.00,0
2026-09-02 07:55:07,29.80,1,0,2,,29.80,2,0.00,0,0.00,0
2026-09-02 07:55:18,24.95,1,0,2,,24.95,2,0.00,0,0.00,0
2026-09-02 07:55:30,28.55,1,0,2,,28.55,2,0.00,0,0.00,0
2026-09-02 07:55:41,28.45,1,0,2,,28.45,2,0.00,0,0.00,0
2026-09-02 07:55:53,29.05,1,0,2,,29.05,3,0.00,0,0.00,0
2026-09-02 07:56:04,33.00,1,0,2,,33.00,3,0.00,0,0.00,0
2026-09-02 07:56:16,30.75,1,0,2,,30.75,3,0.00,0,0.00,0
2026-09-02 07:56:27,35.50,1,0,2,,35.50,3,0.00,0,0.00,0
2026-09-02 07:56:38,40.05,1,0,2,,40.05,3,0.00,0,0.00,0
2026-09-02 07:56:50,34.90,1,0,2,,34.90,3,0.00,0,0.00,0
2026-09-02 07:57:01,35.40,1,0,2,,35.40,3,0.00,0,0.00,0
2026-09-02 07:57:13,39.55,1,0,2,,39.55,4,0.00,0,0.00,0
2026-09-02 07:57:25,36.50,1,0,2,,36.50,4,0.00,0,0.00,0
2026-09-02 07:57:36,36.55,1,0,2,,36.55,4,0.00,0,0.00,0
2026-09-02 07:57:47,46.80,1,0,2,,46.80,4,0.00,0,0.00,0
2026-09-02 07:57:59,38.40,1,0,2,,38.40,4,0.00,0,0.00,0
2026-09-02 07:58:11,42.05,1,0,2,,42.05,4,0.00,0,0.00,0
2026-09-02 07:58:22,46.55,1,0,2,,46.55,5,0.00,0,0.00,0
2026-09-02 07:58:34,40.70,1,0,2,,40.70,5,0.00,0,0.00,0
2026-09-02 07:58:45,42.90,1,0,2,,42.90,5,0.00,0,0.00,0
2026-09-02 07:58:56,51.00,1,0,2,,51.00,5,0.00,0,0.00,0
2026-09-02 07:59:08,44.60,1,0,2,,44.60,5,0.00,0,0.00,0
2026-09-02 07:59:19,48.65,1,0,2,,48.65,5,0.00,0,0.00,0
2026-09-02 07:59:31,52.60,1,0,2,,52.60,5,0.00,0,0.00,0
2026-09-02 07:59:42,44.75,1,0,2,,44.75,6,0.00,0,0.00,0
2026-09-02 07:59:54,55.90,1,0,2,,55.90,6,0.00,0,0.00,0
2026-09-02 08:00:05,48.65,1,0,2,,48.65,6,0.00,0,0.00,0
2026-09-02 08:00:16,54.45,1,0,2,,54.45,6,0.00,0,0.00,0
2026-09-02 08:00:28,59.40,1,0,2,,59.40,6,0.00,0,0.00,0
2026-09-02 08:00:39,53.25,1,0,2,,53.25,6,0.00,0,0.00,0
2026-09-02 08:00:51,51.40,1,0,2,,51.40,6,0.00,0,0.00,0
2026-09-02 08:01:03,59.10,1,0,2,,59.10,7,0.00,0,0.00,0
2026-09-02 08:01:14,57.95,1,0,2,,57.95,7,0.00,0,0.00,0
2026-09-02 08:01:25,64.10,1,0,2,,64.10,7,0.00,0,0.00,0
2026-09-02 08:01:36,59.35,1,0,2,,59.35,7,0.00,0,0.00,0
2026-09-02 08:01:48,58.10,1,0,2,,58.10,7,0.00,0,0.00,0
2026-09-02 08:01:59,66.70,1,0,2,,66.70,7,0.00,0,0.00,0
2026-09-02 08:02:11,58.20,1,0,2,,58.20,8,0.00,0,0.00,0
2026-09-02 08:02:22,66.55,1,0,2,,66.55,8,0.00,0,0.00,0
2026-09-02 08:02:33,62.35,1,0,2,,62.35,8,0.00,0,0.00,0
2026-09-02 08:02:45,62.10,1,0,2,,62.10,8,0.00,0,0.00,0
2026-09-02 08:02:56,73.50,1,0,2,,73.50,8,0.00,0,0.00,0
2026-09-02 08:03:08,65.10,1,0,2,,65.10,8,0.00,0,0.00,0
2026-09-02 08:03:19,73.30,1,0,2,,73.30,8,0.00,0,0.00,0
2026-09-02 08:03:31,67.20,1,0,2,,67.20,9,0.00,0,0.00,0
2026-09-02 08:03:43,71.45,1,0,2,,71.45,9,0.00,0,0.00,0
2026-09-02 08:03:54,75.50,1,0,2,,75.50,9,0.00,0,0.00,0
2026-09-02 08:04:05,68.50,1,0,2,,68.50,9,0.00,0,0.00,0
2026-09-02 08:04:17,75.90,1,0,2,,75.90,9,0.00,0,0.00,0
2026-09-02 08:04:29,71.75,1,0,2,,71.75,9,0.00,0,0.00,0
2026-09-02 08:04:40,76.00,1,0,2,,76.00,10,0.00,0,0.00,0
2026-09-02 08:04:52,75.45,1,0,2,,75.45,10,0.00,0,0.00,0
2026-09-02 08:05:04,48.22,1,1,1,,77.80,10,18.65,0,0.00,0
2026-09-02 08:05:16,43.27,1,1,1,,76.05,10,10.50,0,0.00,0
2026-09-02 08:05:28,49.32,1,1,1,,79.85,10,18.80,0,0.00,0
2026-09-02 08:05:40,47.82,1,1,1,,84.90,10,10.75,0,0.00,0
2026-09-02 08:05:53,47.55,1,1,1,,80.70,10,14.40,0,0.00,0
2026-09-02 08:06:06,51.85,2,0,1,,82.35,10,21.35,1,0.00,0
2026-09-02 08:06:19,49.67,2,0,1,,80.05,10,19.30,1,0.00,0
2026-09-02 08:06:31,49.67,2,0,1,,82.25,10,17.10,1,0.00,0
2026-09-02 08:06:44,54.15,2,0,1,,86.85,10,21.45,1,0.00,0
2026-09-02 08:06:56,51.35,2,0,1,,81.15,10,21.55,1,0.00,0
2026-09-02 08:07:09,52.05,2,0,1,,82.35,10,21.75,1,0.00,0
2026-09-02 08:07:22,56.75,2,0,1,,85.10,10,28.40,2,0.00,0
2026-09-02 08:07:34,54.72,2,0,1,,83.90,10,25.55,2,0.00,0
2026-09-02 08:07:47,51.75,2,0,1,,79.30,10,24.20,2,0.00,0
2026-09-02 08:08:00,57.45,2,0,1,,81.70,10,33.20,2,0.00,0
2026-09-02 08:08:12,54.15,2,0,1,,78.35,10,29.95,2,0.00,0
2026-09-02 08:08:25,51.60,2,0,1,,78.20,10,25.00,2,0.00,0
2026-09-02 08:08:38,55.48,2,0,1,,80.10,10,30.85,3,0.00,0
2026-09-02 08:08:51,61.95,2,0,1,,86.20,10,37.70,3,0.00,0
2026-09-02 08:09:03,59.67,2,0,1,,86.95,10,32.40,3,0.00,0
2026-09-02 08:09:16,56.38,2,0,1,,81.65,10,31.10,3,0.00,0
2026-09-02 08:09:28,59.23,2,0,1,,83.20,10,35.25,3,0.00,0
2026-09-02 08:09:42,60.85,2,0,1,,82.30,10,39.40,3,0.00,0
2026-09-02 08:09:55,55.83,2,0,1,,78.10,10,33.55,4,0.00,0
2026-09-02 08:10:08,60.10,2,0,1,,77.40,10,42.80,4,0.00,0
2026-09-02 08:10:21,61.17,2,0,1,,82.30,10,40.05,4,0.00,0
2026-09-02 08:10:33,58.05,2,0,1,,78.00,10,38.10,4,0.00,0
2026-09-02 08:10:46,60.93,2,0,1,,79.80,10,42.05,4,0.00,0
2026-09-02 08:10:59,64.05,2,0,1,,83.90,10,44.20,4,0.00,0
2026-09-02 08:11:11,61.67,2,0,1,,80.90,10,42.45,5,0.00,0
2026-09-02 08:11:24,63.70,2,0,1,,78.70,10,48.70,5,0.00,0
2026-09-02 08:11:37,64.78,2,0,1,,84.05,10,45.50,5,0.00,0
2026-09-02 08:11:49,65.58,2,0,1,,87.15,10,44.00,5,0.00,0
2026-09-02 08:12:02,67.95,2,0,1,,82.45,10,53.45,5,0.00,0
2026-09-02 08:12:15,63.92,2,0,1,,82.45,10,45.40,6,0.00,0
2026-09-02 08:12:27,68.92,2,0,1,,87.00,10,50.85,6,0.00,0
2026-09-02 08:12:40,68.75,2,0,1,,82.35,10,55.15,6,0.00,0
2026-09-02 08:12:52,64.05,2,0,1,,78.30,10,49.80,6,0.00,0
2026-09-02 08:13:05,66.60,2,0,1,,79.10,10,54.10,6,0.00,0
2026-09-02 08:13:17,65.35,2,0,1,,78.10,10,52.60,6,0.00,0
2026-09-02 08:13:31,70.22,2,0,1,,78.35,10,62.10,7,0.00,0
2026-09-02 08:13:44,68.83,2,0,1,,81.75,10,55.90,7,0.00,0
2026-09-02 08:13:57,71.82,2,0,1,,86.60,10,57.05,7,0.00,0
2026-09-02 08:14:10,72.65,2,0,1,,86.85,10,58.45,7,0.00,0
2026-09-02 08:14:23,69.45,2,0,1,,81.80,10,57.10,7,0.00,0
2026-09-02 08:14:37,52.77,2,1,0,,84.60,10,57.10,7,16.60,0
2026-09-02 08:14:51,53.43,3,0,0,,82.30,10,62.05,7,15.95,1
2026-09-02 08:15:05,55.65,3,0,0,,78.30,10,65.15,7,23.50,1
2026-09-02 08:15:20,53.07,3,0,0,,78.10,10,58.10,7,23.00,1
2026-09-02 08:15:34,51.57,3,0,0,,78.35,10,57.85,7,18.50,1
2026-09-02 08:15:47,54.85,3,0,0,,81.40,10,60.00,7,23.15,1
2026-09-02 08:16:01,56.58,3,0,0,,86.90,10,61.30,7,21.55,1
2026-09-02 08:16:16,56.90,3,0,0,,82.35,10,60.40,7,27.95,2
2026-09-02 08:16:29,55.85,3,0,0,,85.60,10,58.45,7,23.50,2
2026-09-02 08:16:43,56.57,3,0,0,,87.10,10,59.25,7,23.35,2
2026-09-02 08:16:56,57.42,3,0,0,,78.05,10,66.35,7,27.85,2
2026-09-02 08:17:11,59.53,3,0,0,,80.35,10,65.85,7,32.40,2
2026-09-02 08:17:24,57.67,3,0,0,,78.40,10,62.20,7,32.40,3
2026-09-02 08:17:38,54.93,3,0,0,,77.75,10,60.40,7,26.65,3
2026-09-02 08:17:52,57.92,3,0,0,,78.55,10,62.05,7,33.15,3
2026-09-02 08:18:05,60.35,3,0,0,,84.40,10,62.15,7,34.50,3
2026-09-02 08:18:19,59.72,3,0,0,,84.00,10,57.95,7,37.20,3
2026-09-02 08:18:33,58.15,3,0,0,,80.35,10,63.55,7,30.55,3
2026-09-02 08:18:47,63.23,3,0,0,,86.40,10,62.05,7,41.25,4
2026-09-02 08:19:00,60.02,3,0,0,,82.35,10,58.25,7,39.45,4
2026-09-02 08:19:14,58.08,3,0,0,,78.40,10,58.05,7,37.80,4
2026-09-02 08:19:28,63.05,3,0,0,,82.50,10,65.15,7,41.50,4
2026-09-02 08:19:41,61.85,3,0,0,,77.85,10,62.10,7,45.60,4
2026-09-02 08:19:55,60.03,3,0,0,,79.25,10,59.90,7,40.95,5
2026-09-02 08:20:09,63.33,3,0,0,,86.30,10,64.15,7,39.55,5
2026-09-02 08:20:23,64.98,3,0,0,,84.50,10,66.35,7,44.10,5
2026-09-02 08:20:37,63.17,3,0,0,,83.50,10,57.50,7,48.50,5
2026-09-02 08:20:50,65.28,3,0,0,,87.15,10,63.55,7,45.15,5
2026-09-02 08:21:04,61.52,3,0,0,,78.05,10,62.20,7,44.30,5
2026-09-02 08:21:19,66.70,3,0,0,,78.55,10,66.90,7,54.65,6
2026-09-02 08:21:32,63.43,3,0,0,,82.40,10,58.40,7,49.50,6
2026-09-02 08:21:46,63.42,3,0,0,,78.40,10,65.95,7,45.90,6
2026-09-02 08:22:00,64.87,3,0,0,,83.95,10,57.70,7,52.95,6
2026-09-02 08:22:13,66.60,3,0,0,,82.30,10,58.00,7,59.50,6
2026-09-02 08:22:28,68.58,3,0,0,,86.95,10,61.55,7,57.25,7
2026-09-02 08:22:41,70.17,3,0,0,,86.85,10,66.85,7,56.80,7
2026-09-02 08:22:55,67.33,3,0,0,,82.45,10,58.05,7,61.50,7
2026-09-02 08:23:09,65.25,3,0,0,,78.40,10,60.60,7,56.75,7
2026-09-02 08:23:23,64.13,3,0,0,,78.45,10,58.55,7,55.40,7
2026-09-02 08:23:37,69.90,3,0,0,,82.35,10,66.60,7,60.75,7
2026-09-02 08:23:51,65.32,3,0,0,,78.50,10,57.95,7,59.50,8
2026-09-02 08:24:04,70.35,3,0,0,,83.55,10,63.70,7,63.80,8
2026-09-02 08:24:18,70.45,3,0,0,,87.05,10,60.40,7,63.90,8
2026-09-02 08:24:32,72.32,3,0,0,,86.50,10,62.05,7,68.40,8
2026-09-02 08:24:46,68.95,3,0,0,,86.65,10,58.10,7,62.10,8
2026-09-02 08:25:00,71.92,3,0,0,,82.45,10,66.40,7,66.90,8
2026-09-02 08:25:13,71.28,3,0,0,,78.70,10,62.80,8,72.35,8
2026-09-02 08:25:27,71.43,3,0,0,,78.40,10,67.60,8,68.30,8
2026-09-02 08:25:41,71.67,3,0,0,,78.15,10,72.95,8,63.90,8
2026-09-02 08:25:55,73.97,3,0,0,,81.20,10,68.05,8,72.65,8
2026-09-02 08:26:09,76.80,3,0,0,,86.80,10,71.40,8,72.20,8
2026-09-02 08:26:23,74.43,3,0,0,,82.45,10,66.55,8,74.30,9
2026-09-02 08:26:36,74.33,3,0,0,,87.00,10,68.50,8,67.50,9
2026-09-02 08:26:50,77.70,3,0,0,,86.25,10,73.35,8,73.50,9
2026-09-02 08:27:04,76.45,3,0,0,,82.35,10,73.40,8,73.60,9
2026-09-02 08:27:17,73.30,3,0,0,,78.35,10,69.90,8,71.65,9
2026-09-02 08:27:30,71.85,3,0,0,,77.30,10,67.60,8,70.65,9
2026-09-02 08:27:44,78.57,3,0,0,,82.35,10,73.80,8,79.55,9
2026-09-02 08:27:58,72.12,3,0,0,,78.35,10,64.95,8,73.05,9
2026-09-02 08:28:11,74.20,3,0,0,,83.40,10,69.15,8,70.05,8
2026-09-02 08:28:24,72.85,3,0,0,,84.50,10,65.85,8,68.20,8
2026-09-02 08:28:38,73.80,3,0,0,,80.45,10,72.60,8,68.35,8
2026-09-02 08:28:52,73.65,3,0,0,,83.70,10,69.00,8,68.25,8
2026-09-02 08:29:06,71.37,3,0,0,,82.30,10,66.75,8,65.05,8
2026-09-02 08:29:20,70.82,3,0,0,,78.25,10,61.35,7,72.85,8
2026-09-02 08:29:34,68.07,3,0,0,,77.40,10,62.95,7,63.85,8
2026-09-02 08:29:47,70.98,3,0,0,,82.45,10,62.10,7,68.40,8
2026-09-02 08:30:00,67.25,3,0,0,,79.10,10,58.30,7,64.35,8
2026-09-02 08:30:14,73.67,3,0,0,,84.45,10,66.25,7,70.30,8
2026-09-02 08:30:27,71.45,3,0,0,,86.55,10,61.35,7,66.45,7
2026-09-02 08:30:41,68.47,3,0,0,,81.55,10,62.10,7,61.75,7
2026-09-02 08:30:54,67.92,3,0,0,,84.00,10,58.10,7,61.65,7
2026-09-02 08:31:07,69.63,3,0,0,,87.10,10,63.85,7,57.95,7
2026-09-02 08:31:21,71.38,3,0,0,,82.40,10,66.05,7,65.70,7
2026-09-02 08:31:34,68.15,3,0,0,,82.50,10,66.55,7,55.40,7
2026-09-02 08:31:48,66.58,3,0,0,,87.05,10,57.65,7,55.05,6
2026-09-02 08:32:01,62.95,3,0,0,,77.20,10,60.55,7,51.10,6
2026-09-02 08:32:15,68.03,3,0,0,,79.05,10,66.90,7,58.15,6
2026-09-02 08:32:28,67.75,3,0,0,,81.90,10,66.25,7,55.10,6
2026-09-02 08:32:42,63.00,3,0,0,,79.15,10,57.50,7,52.35,6
2026-09-02 08:32:55,62.08,3,0,0,,79.80,10,61.10,7,45.35,5
2026-09-02 08:33:09,68.48,3,0,0,,85.85,10,66.70,7,52.90,5
2026-09-02 08:33:22,62.90,3,0,0,,82.30,10,62.30,7,44.10,5
2026-09-02 08:33:35,66.32,3,0,0,,87.25,10,62.10,7,49.60,5
2026-09-02 08:33:49,66.13,3,0,0,,86.50,10,59.60,7,52.30,5
2026-09-02 08:34:02,63.37,3,0,0,,82.30,10,66.35,7,41.45,4
2026-09-02 08:34:16,57.72,3,0,0,,78.25,10,57.05,7,37.85,4
2026-09-02 08:34:29,61.13,3,0,0,,80.20,10,57.10,7,46.10,4
2026-09-02 08:34:43,58.18,3,0,0,,78.45,10,58.60,7,37.50,4
2026-09-02 08:34:57,61.27,3,0,0,,78.50,10,66.50,7,38.80,4
2026-09-02 08:35:10,59.58,3,0,0,,82.75,10,57.05,7,38.95,3
2026-09-02 08:35:23,58.73,3,0,0,,87.05,10,58.85,7,30.30,3
2026-09-02 08:35:36,60.60,3,0,0,,87.25,10,58.15,7,36.40,3
2026-09-02 08:35:50,62.50,3,0,0,,84.30,10,64.10,7,39.10,3
2026-09-02 08:36:03,59.82,3,0,0,,86.65,10,62.10,7,30.70,3
2026-09-02 08:36:17,56.85,3,0,0,,82.40,10,58.50,7,29.65,2
2026-09-02 08:36:30,55.17,3,0,0,,78.50,10,58.90,7,28.10,2
2026-09-02 08:36:43,57.33,3,0,0,,82.50,10,61.35,7,28.15,2
2026-09-02 08:36:56,60.62,3,0,0,,82.35,10,66.90,7,32.60,2
2026-09-02 08:37:10,53.47,3,0,0,,78.35,10,58.00,7,24.05,2
2026-09-02 08:37:23,59.80,3,0,0,,83.40,10,63.55,7,32.45,2
2026-09-02 08:37:37,53.85,3,0,0,,84.05,10,60.10,7,17.40,1
2026-09-02 08:37:51,57.30,3,0,0,,80.05,10,66.60,7,25.25,1
2026-09-02 08:38:04,53.85,3,0,0,,86.20,10,58.05,7,17.30,1
2026-09-02 08:38:17,57.50,3,0,0,,87.10,10,60.55,7,24.85,1
2026-09-02 08:38:31,54.50,3,0,0,,82.40,10,64.20,7,16.90,1
2026-09-02 08:38:45,51.62,2,1,0,,82.30,10,63.90,7,8.65,0
2026-09-02 08:39:03,49.73,2,1,0,,87.05,10,62.15,7,0.00,0
2026-09-02 08:39:15,73.82,2,0,1,,84.30,10,63.35,7,0.00,0
2026-09-02 08:39:28,70.08,2,0,1,,82.30,10,57.85,7,0.00,0
2026-09-02 08:39:41,69.90,2,0,1,,82.50,10,57.30,7,0.00,0
2026-09-02 08:39:54,70.43,2,0,1,,87.15,10,53.70,6,0.00,0
2026-09-02 08:40:06,71.20,2,0,1,,82.35,10,60.05,6,0.00,0
2026-09-02 08:40:19,64.32,2,0,1,,78.30,10,50.35,6,0.00,0
2026-09-02 08:40:31,65.53,2,0,1,,79.50,10,51.55,6,0.00,0
2026-09-02 08:40:43,64.82,2,0,1,,78.30,10,51.35,6,0.00,0
2026-09-02 08:40:56,64.47,2,0,1,,82.30,10,46.65,6,0.00,0
2026-09-02 08:41:08,65.67,2,0,1,,78.30,10,53.05,5,0.00,0
2026-09-02 08:41:21,61.28,2,0,1,,78.95,10,43.60,5,0.00,0
2026-09-02 08:41:33,64.40,2,0,1,,83.70,10,45.10,5,0.00,0
2026-09-02 08:41:45,63.15,2,0,1,,80.15,10,46.15,5,0.00,0
2026-09-02 08:41:58,65.72,2,0,1,,78.35,10,53.10,5,0.00,0
2026-09-02 08:42:10,61.55,2,0,1,,81.05,10,42.05,4,0.00,0
2026-09-02 08:42:22,61.25,2,0,1,,84.35,10,38.15,4,0.00,0
2026-09-02 08:42:35,63.93,2,0,1,,87.05,10,40.80,4,0.00,0
2026-09-02 08:42:47,66.45,2,0,1,,86.55,10,46.35,4,0.00,0
2026-09-02 08:43:00,59.47,2,0,1,,81.30,10,37.65,4,0.00,0
2026-09-02 08:43:13,65.20,2,0,1,,86.85,10,43.55,4,0.00,0
2026-09-02 08:43:25,61.20,2,0,1,,82.35,10,40.05,3,0.00,0
2026-09-02 08:43:37,56.80,2,0,1,,78.30,10,35.30,3,0.00,0
2026-09-02 08:43:50,57.02,2,0,1,,82.35,10,31.70,3,0.00,0
2026-09-02 08:44:02,63.38,2,0,1,,87.15,10,39.60,3,0.00,0
2026-09-02 08:44:15,54.30,2,0,1,,77.50,10,31.10,3,0.00,0
2026-09-02 08:44:27,52.27,2,0,1,,78.35,10,26.20,2,0.00,0
2026-09-02 08:44:39,55.73,2,0,1,,80.65,10,30.80,2,0.00,0
2026-09-02 08:44:52,53.45,2,0,1,,78.45,10,28.45,2,0.00,0
2026-09-02 08:45:05,52.15,2,0,1,,78.10,10,26.20,2,0.00,0
2026-09-02 08:45:17,56.25,2,0,1,,79.40,10,33.10,2,0.00,0
2026-09-02 08:45:29,53.12,2,0,1,,81.80,10,24.45,2,0.00,0
2026-09-02 08:45:42,53.00,2,0,1,,86.65,10,19.35,1,0.00,0
2026-09-02 08:45:54,53.80,2,0,1,,81.35,10,26.25,1,0.00,0
2026-09-02 08:46:06,48.53,2,0,1,,79.40,10,17.65,1,0.00,0
2026-09-02 08:46:18,54.95,2,0,1,,84.25,10,25.65,1,0.00,0
2026-09-02 08:46:30,54.18,2,0,1,,86.65,10,21.70,1,0.00,0
2026-09-02 08:46:43,50.55,2,0,1,,82.30,10,18.80,1,0.00,0
2026-09-02 08:46:55,53.15,1,1,1,,86.85,10,19.45,0,0.00,0
2026-09-02 08:47:07,42.23,1,1,1,,84.45,10,0.00,0,0.00,0
2026-09-02 08:47:23,40.90,1,1,1,,81.80,10,0.00,0,0.00,0
2026-09-02 08:47:34,78.30,1,0,2,,78.30,10,0.00,0,0.00,0
2026-09-02 08:47:46,79.85,1,0,2,,79.85,10,0.00,0,0.00,0
2026-09-02 08:47:58,71.65,1,0,2,,71.65,10,0.00,0,0.00,0
2026-09-02 08:48:09,75.75,1,0,2,,75.75,9,0.00,0,0.00,0
2026-09-02 08:48:21,71.40,1,0,2,,71.40,9,0.00,0,0.00,0
2026-09-02 08:48:32,71.80,1,0,2,,71.80,9,0.00,0,0.00,0
2026-09-02 08:48:43,73.90,1,0,2,,73.90,9,0.00,0,0.00,0
2026-09-02 08:48:55,71.75,1,0,2,,71.75,9,0.00,0,0.00,0
2026-09-02 08:49:06,69.05,1,0,2,,69.05,8,0.00,0,0.00,0
2026-09-02 08:49:18,65.10,1,0,2,,65.10,8,0.00,0,0.00,0
2026-09-02 08:49:29,66.15,1,0,2,,66.15,8,0.00,0,0.00,0
2026-09-02 08:49:41,65.10,1,0,2,,65.10,8,0.00,0,0.00,0
2026-09-02 08:49:52,69.15,1,0,2,,69.15,8,0.00,0,0.00,0
2026-09-02 08:50:04,67.80,1,0,2,,67.80,8,0.00,0,0.00,0
2026-09-02 08:50:16,58.95,1,0,2,,58.95,8,0.00,0,0.00,0
2026-09-02 08:50:27,58.05,1,0,2,,58.05,7,0.00,0,0.00,0
2026-09-02 08:50:39,57.15,1,0,2,,57.15,7,0.00,0,0.00,0
2026-09-02 08:50:51,62.15,1,0,2,,62.15,7,0.00,0,0.00,0
2026-09-02 08:51:02,60.90,1,0,2,,60.90,7,0.00,0,0.00,0
2026-09-02 08:51:14,59.25,1,0,2,,59.25,7,0.00,0,0.00,0
2026-09-02 08:51:26,58.80,1,0,2,,58.80,7,0.00,0,0.00,0
2026-09-02 08:51:38,51.30,1,0,2,,51.30,6,0.00,0,0.00,0
2026-09-02 08:51:49,55.65,1,0,2,,55.65,6,0.00,0,0.00,0
2026-09-02 08:52:00,59.30,1,0,2,,59.30,6,0.00,0,0.00,0
2026-09-02 08:52:12,55.50,1,0,2,,55.50,6,0.00,0,0.00,0
2026-09-02 08:52:24,54.35,1,0,2,,54.35,6,0.00,0,0.00,0
2026-09-02 08:52:35,53.90,1,0,2,,53.90,6,0.00,0,0.00,0
2026-09-02 08:52:47,44.85,1,0,2,,44.85,5,0.00,0,0.00,0
2026-09-02 08:52:58,48.65,1,0,2,,48.65,5,0.00,0,0.00,0
2026-09-02 08:53:10,49.95,1,0,2,,49.95,5,0.00,0,0.00,0
2026-09-02 08:53:22,53.40,1,0,2,,53.40,5,0.00,0,0.00,0
2026-09-02 08:53:33,53.25,1,0,2,,53.25,5,0.00,0,0.00,0
2026-09-02 08:53:45,53.00,1,0,2,,53.00,5,0.00,0,0.00,0
2026-09-02 08:53:57,39.25,1,0,2,,39.25,4,0.00,0,0.00,0
2026-09-02 08:54:08,38.10,1,0,2,,38.10,4,0.00,0,0.00,0
2026-09-02 08:54:20,38.00,1,0,2,,38.00,4,0.00,0,0.00,0
2026-09-02 08:54:31,37.95,1,0,2,,37.95,4,0.00,0,0.00,0
2026-09-02 08:54:43,38.00,1,0,2,,38.00,4,0.00,0,0.00,0
2026-09-02 08:54:54,42.10,1,0,2,,42.10,4,0.00,0,0.00,0
2026-09-02 08:55:06,39.75,1,0,2,,39.75,3,0.00,0,0.00,0
2026-09-02 08:55:17,39.65,1,0,2,,39.65,3,0.00,0,0.00,0
2026-09-02 08:55:29,39.65,1,0,2,,39.65,3,0.00,0,0.00,0
2026-09-02 08:55:40,39.70,1,0,2,,39.70,3,0.00,0,0.00,0
2026-09-02 08:55:51,39.45,1,0,2,,39.45,3,0.00,0,0.00,0
2026-09-02 08:56:03,33.65,1,0,2,,33.65,3,0.00,0,0.00,0
2026-09-02 08:56:14,26.15,1,0,2,,26.15,3,0.00,0,0.00,0
2026-09-02 08:56:26,25.05,1,0,2,,25.05,2,0.00,0,0.00,0
2026-09-02 08:56:37,25.45,1,0,2,,25.45,2,0.00,0,0.00,0
2026-09-02 08:56:49,25.95,1,0,2,,25.95,2,0.00,0,0.00,0
2026-09-02 08:57:00,24.45,1,0,2,,24.45,2,0.00,0,0.00,0
2026-09-02 08:57:12,24.45,1,0,2,,24.45,2,0.00,0,0.00,0
2026-09-02 08:57:24,24.45,1,0,2,,24.45,2,0.00,0,0.00,0
2026-09-02 08:57:35,17.60,1,0,2,,17.60,1,0.00,0,0.00,0
2026-09-02 08:57:46,17.65,1,0,2,,17.65,1,0.00,0,0.00,0
2026-09-02 08:57:58,17.05,1,0,2,,17.05,1,0.00,0,0.00,0
2026-09-02 08:58:09,17.55,1,0,2,,17.55,1,0.00,0,0.00,0
2026-09-02 08:58:21,17.60,1,0,2,,17.60,1,0.00,0,0.00,0
2026-09-02 08:58:32,17.90,1,0,2,,17.90,1,0.00,0,0.00,0
2026-09-02 08:58:43,16.85,0,1,2,,16.85,0,0.00,0,0.00,0
2026-09-02 08:58:54,15.00,0,1,2,,15.00,0,0.00,0,0.00,0
2026-09-02 08:59:05,12.60,0,1,2,,12.60,0,0.00,0,0.00,0
2026-09-02 08:59:17,15.00,0,1,2,,15.00,0,0.00,0,0.00,0
2026-09-02 08:59:28,12.90,0,1,2,,12.90,0,0.00,0,0.00,0
2026-09-02 08:59:39,18.05,0,1,2,,18.05,0,0.00,0,0.00,0
2026-09-02 08:59:50,11.45,0,1,2,,11.45,0,0.00,0,0.00,0
2026-09-02 09:00:01,19.15,0,1,2,,19.15,0,0.00,0,0.00,0
2026-09-02 09:00:12,10.95,0,1,2,,10.95,0,0.00,0,0.00,0
2026-09-02 09:00:24,13.80,1,0,2,,13.80,1,0.00,0,0.00,0
2026-09-02 09:00:35,15.20,1,0,2,,15.20,1,0.00,0,0.00,0
2026-09-02 09:00:46,26.80,1,0,2,,26.80,1,0.00,0,0.00,0
2026-09-02 09:00:58,22.85,1,0,2,,22.85,1,0.00,0,0.00,0
2026-09-02 09:01:09,19.50,1,0,2,,19.50,1,0.00,0,0.00,0
2026-09-02 09:01:20,23.60,1,0,2,,23.60,1,0.00,0,0.00,0
2026-09-02 09:01:32,26.50,1,0,2,,26.50,1,0.00,0,0.00,0
2026-09-02 09:01:44,23.90,1,0,2,,23.90,2,0.00,0,0.00,0
2026-09-02 09:01:55,23.35,1,0,2,,23.35,2,0.00,0,0.00,0
2026-09-02 09:02:06,33.55,1,0,2,,33.55,2,0.00,0,0.00,0
2026-09-02 09:02:18,27.70,1,0,2,,27.70,2,0.00,0,0.00,0
2026-09-02 09:02:29,25.00,1,0,2,,25.00,2,0.00,0,0.00,0
2026-09-02 09:02:41,24.40,1,0,2,,24.40,2,0.00,0,0.00,0
2026-09-02 09:02:53,26.45,1,0,2,,26.45,3,0.00,0,0.00,0
2026-09-02 09:03:04,37.95,1,0,2,,37.95,3,0.00,0,0.00,0
2026-09-02 09:03:16,31.30,1,0,2,,31.30,3,0.00,0,0.00,0
2026-09-02 09:03:27,35.65,1,0,2,,35.65,3,0.00,0,0.00,0
2026-09-02 09:03:38,40.05,1,0,2,,40.05,3,0.00,0,0.00,0
2026-09-02 09:03:50,34.50,1,0,2,,34.50,3,0.00,0,0.00,0
2026-09-02 09:04:01,31.60,1,0,2,,31.60,3,0.00,0,0.00,0
2026-09-02 09:04:13,35.80,1,0,2,,35.80,4,0.00,0,0.00,0
2026-09-02 09:04:24,42.10,1,0,2,,42.10,4,0.00,0,0.00,0
2026-09-02 09:04:35,38.15,1,0,2,,38.15,4,0.00,0,0.00,0
2026-09-02 09:04:47,37.50,1,0,2,,37.50,4,0.00,0,0.00,0
2026-09-02 09:04:58,47.25,1,0,2,,47.25,4,0.00,0,0.00,0
2026-09-02 09:05:10,40.15,1,0,2,,40.15,4,0.00,0,0.00,0
2026-09-02 09:05:21,42.90,1,0,2,,42.90,5,0.00,0,0.00,0
2026-09-02 09:05:32,43.80,1,0,2,,43.80,5,0.00,0,0.00,0
2026-09-02 09:05:44,42.90,1,0,2,,42.90,5,0.00,0,0.00,0
2026-09-02 09:05:55,48.35,1,0,2,,48.35,5,0.00,0,0.00,0
2026-09-02 09:06:06,51.10,1,0,2,,51.10,5,0.00,0,0.00,0
2026-09-02 09:06:18,49.45,1,0,2,,49.45,5,0.00,0,0.00,0
2026-09-02 09:06:30,54.00,1,0,2,,54.00,5,0.00,0,0.00,0
2026-09-02 09:06:42,47.25,1,0,2,,47.25,6,0.00,0,0.00,0
2026-09-02 09:06:53,46.60,1,0,2,,46.60,6,0.00,0,0.00,0
2026-09-02 09:07:04,58.45,1,0,2,,58.45,6,0.00,0,0.00,0
2026-09-02 09:07:16,51.75,1,0,2,,51.75,6,0.00,0,0.00,0
2026-09-02 09:07:27,60.80,1,0,2,,60.80,6,0.00,0,0.00,0
2026-09-02 09:07:39,57.95,1,0,2,,57.95,6,0.00,0,0.00,0
2026-09-02 09:07:50,52.20,1,0,2,,52.20,7,0.00,0,0.00,0
2026-09-02 09:08:02,62.85,1,0,2,,62.85,7,0.00,0,0.00,0
2026-09-02 09:08:13,55.10,1,0,2,,55.10,7,0.00,0,0.00,0
2026-09-02 09:08:24,65.20,1,0,2,,65.20,7,0.00,0,0.00,0
2026-09-02 09:08:36,61.40,1,0,2,,61.40,7,0.00,0,0.00,0
2026-09-02 09:08:47,58.70,1,0,2,,58.70,7,0.00,0,0.00,0
2026-09-02 09:08:59,62.65,1,0,2,,62.65,7,0.00,0,0.00,0
2026-09-02 09:09:10,65.20,1,0,2,,65.20,8,0.00,0,0.00,0
2026-09-02 09:09:22,64.70,1,0,2,,64.70,8,0.00,0,0.00,0
2026-09-02 09:09:33,64.20,1,0,2,,64.20,8,0.00,0,0.00,0
2026-09-02 09:09:45,63.40,1,0,2,,63.40,8,0.00,0,0.00,0
2026-09-02 09:09:56,69.35,1,0,2,,69.35,8,0.00,0,0.00,0
2026-09-02 09:10:08,73.50,1,0,2,,73.50,8,0.00,0,0.00,0
2026-09-02 09:10:20,64.95,1,0,2,,64.95,8,0.00,0,0.00,0
2026-09-02 09:10:32,71.60,1,0,2,,71.60,9,0.00,0,0.00,0
2026-09-02 09:10:43,67.60,1,0,2,,67.60,9,0.00,0,0.00,0
2026-09-02 09:10:54,71.90,1,0,2,,71.90,9,0.00,0,0.00,0
2026-09-02 09:11:06,76.00,1,0,2,,76.00,9,0.00,0,0.00,0
2026-09-02 09:11:17,75.65,1,0,2,,75.65,9,0.00,0,0.00,0
2026-09-02 09:11:29,74.75,1,0,2,,74.75,9,0.00,0,0.00,0
2026-09-02 09:11:42,41.02,2,0,1,,71.00,9,11.05,1,0.00,0
2026-09-02 09:11:55,45.02,2,0,1,,76.15,9,13.90,1,0.00,0
2026-09-02 09:12:09,51.02,2,0,1,,80.70,9,21.35,1,0.00,0
2026-09-02 09:12:23,50.23,2,0,1,,75.00,9,25.45,1,0.00,0
2026-09-02 09:12:36,50.45,2,0,1,,75.10,9,25.80,1,0.00,0
2026-09-02 09:12:48,49.97,2,0,1,,78.55,9,21.40,1,0.00,0
2026-09-02 09:13:01,51.82,2,0,1,,80.05,9,23.60,2,0.00,0
2026-09-02 09:13:14,51.95,2,0,1,,73.90,9,30.00,2,0.00,0
2026-09-02 09:13:27,50.70,2,0,1,,76.25,9,25.15,2,0.00,0
2026-09-02 09:13:39,49.60,2,0,1,,76.25,9,22.95,2,0.00,0
2026-09-02 09:13:52,53.22,2,0,1,,73.60,9,32.85,2,0.00,0
2026-09-02 09:14:05,54.20,2,0,1,,78.30,9,30.10,2,0.00,0
2026-09-02 09:14:18,53.40,2,0,1,,80.25,9,26.55,3,0.00,0
2026-09-02 09:14:31,54.08,2,0,1,,75.60,9,32.55,3,0.00,0
2026-09-02 09:14:43,58.28,2,0,1,,80.95,9,35.60,3,0.00,0
2026-09-02 09:14:56,51.38,2,0,1,,71.75,9,31.00,3,0.00,0
2026-09-02 09:15:08,54.12,2,0,1,,73.20,9,35.05,3,0.00,0
2026-09-02 09:15:21,55.85,2,0,1,,72.25,9,39.45,3,0.00,0
2026-09-02 09:15:33,51.72,2,0,1,,72.05,9,31.40,4,0.00,0
2026-09-02 09:15:46,55.92,2,0,1,,74.50,9,37.35,4,0.00,0
2026-09-02 09:15:58,61.20,2,0,1,,80.55,9,41.85,4,0.00,0
2026-09-02 09:16:11,57.30,2,0,1,,76.15,9,38.45,4,0.00,0
2026-09-02 09:16:23,61.33,2,0,1,,80.95,9,41.70,4,0.00,0
2026-09-02 09:16:37,62.85,2,0,1,,80.95,9,44.75,4,0.00,0
2026-09-02 09:16:49,55.33,2,0,1,,72.00,9,38.65,5,0.00,0
2026-09-02 09:17:02,61.73,2,0,1,,74.55,9,48.90,5,0.00,0
2026-09-02 09:17:15,64.07,2,0,1,,78.35,9,49.80,5,0.00,0
2026-09-02 09:17:28,59.88,2,0,1,,74.45,9,45.30,5,0.00,0
2026-09-02 09:17:41,65.80,2,0,1,,78.30,9,53.30,5,0.00,0
2026-09-02 09:17:54,63.15,2,0,1,,76.15,9,50.15,5,0.00,0
2026-09-02 09:18:07,59.33,2,0,1,,72.15,9,46.50,6,0.00,0
2026-09-02 09:18:19,62.17,2,0,1,,73.50,9,50.85,6,0.00,0
2026-09-02 09:18:32,63.90,2,0,1,,72.15,9,55.65,6,0.00,0
2026-09-02 09:18:45,62.77,2,0,1,,74.60,9,50.95,6,0.00,0
2026-09-02 09:18:57,67.58,2,0,1,,80.60,9,54.55,6,0.00,0
2026-09-02 09:19:10,64.83,2,0,1,,76.20,9,53.45,6,0.00,0
2026-09-02 09:19:23,66.72,2,0,1,,76.20,9,57.25,7,0.00,0
2026-09-02 09:19:35,67.92,2,0,1,,76.15,9,59.70,7,0.00,0
2026-09-02 09:19:48,62.45,2,0,1,,72.15,9,52.75,7,0.00,0
2026-09-02 09:20:02,70.68,2,0,1,,77.10,9,64.25,7,0.00,0
2026-09-02 09:20:15,70.90,2,0,1,,77.35,9,64.45,7,0.00,0
2026-09-02 09:20:28,70.45,2,0,1,,80.85,9,60.05,7,0.00,0
2026-09-02 09:20:40,72.15,2,0,1,,80.45,9,63.85,8,0.00,0
2026-09-02 09:20:54,72.17,2,0,1,,76.15,9,68.20,8,0.00,0
2026-09-02 09:21:07,49.03,2,1,0,,72.15,9,64.55,8,10.40,0
2026-09-02 09:21:21,54.53,2,1,0,,73.95,9,70.40,8,19.25,0
2026-09-02 09:21:35,50.78,2,1,0,,72.15,9,64.90,8,15.30,0
2026-09-02 09:21:49,51.05,3,0,0,,75.20,9,68.20,8,9.75,1
2026-09-02 09:22:04,56.38,3,0,0,,76.15,9,69.60,8,23.40,1
2026-09-02 09:22:18,53.57,3,0,0,,72.30,9,65.80,8,22.60,1
2026-09-02 09:22:32,51.65,3,0,0,,71.30,9,64.60,8,19.05,1
2026-09-02 09:22:46,55.53,3,0,0,,72.70,9,73.20,8,20.70,1
2026-09-02 09:23:00,58.88,3,0,0,,80.15,9,70.45,8,26.05,1
2026-09-02 09:23:14,58.97,3,0,0,,76.25,9,73.05,8,27.60,2
2026-09-02 09:23:28,56.48,3,0,0,,76.25,9,68.65,8,24.55,2
2026-09-02 09:23:43,57.57,3,0,0,,76.25,9,72.35,8,24.10,2
2026-09-02 09:23:57,56.82,3,0,0,,74.00,9,68.10,8,28.35,2
2026-09-02 09:24:11,60.68,3,0,0,,80.90,9,68.60,8,32.55,2
2026-09-02 09:24:25,57.52,3,0,0,,76.25,9,64.60,8,31.70,3
2026-09-02 09:24:39,58.47,3,0,0,,80.95,9,65.60,8,28.85,3
2026-09-02 09:24:53,55.37,3,0,0,,71.90,9,64.60,8,29.60,3
2026-09-02 09:25:07,61.77,3,0,0,,75.85,9,70.30,8,39.15,3
2026-09-02 09:25:21,63.77,3,0,0,,81.05,9,73.45,8,36.80,3
2026-09-02 09:25:35,59.15,3,0,0,,80.30,9,64.50,8,32.65,3
2026-09-02 09:25:49,60.63,3,0,0,,76.15,9,68.80,8,36.95,4
2026-09-02 09:26:03,59.47,3,0,0,,72.20,9,64.70,8,41.50,4
2026-09-02 09:26:17,62.97,3,0,0,,79.55,9,72.55,8,36.80,4
2026-09-02 09:26:31,60.72,3,0,0,,77.55,9,68.65,8,35.95,4
2026-09-02 09:26:45,63.50,3,0,0,,80.20,9,68.75,8,41.55,4
2026-09-02 09:26:59,63.55,3,0,0,,76.15,9,68.70,8,45.80,5
2026-09-02 09:27:13,59.92,3,0,0,,73.45,9,66.55,8,39.75,5
2026-09-02 09:27:29,64.93,3,0,0,,77.75,9,72.95,8,44.10,5
2026-09-02 09:27:43,64.08,3,0,0,,77.35,9,68.85,8,46.05,5
2026-09-02 09:27:57,65.65,3,0,0,,76.15,9,68.60,8,52.20,5
2026-09-02 09:28:11,60.18,3,0,0,,72.15,9,64.65,8,43.75,6
2026-09-02 09:28:25,67.57,3,0,0,,77.30,9,70.55,8,54.85,6
2026-09-02 09:28:40,65.13,3,0,0,,74.05,9,68.65,8,52.70,6
2026-09-02 09:28:54,66.77,3,0,0,,80.50,9,68.80,8,51.00,6
2026-09-02 09:29:08,62.97,3,0,0,,71.20,9,64.20,8,53.50,6
2026-09-02 09:29:22,66.95,3,0,0,,75.35,9,67.55,8,57.95,6
2026-09-02 09:29:36,66.52,3,0,0,,73.45,9,73.20,8,52.90,7
2026-09-02 09:29:49,69.20,3,0,0,,77.05,9,73.30,8,57.25,7
2026-09-02 09:30:03,71.93,3,0,0,,80.90,9,73.25,8,61.65,7
2026-09-02 09:30:18,63.80,3,0,0,,72.10,9,64.35,8,54.95,7
2026-09-02 09:30:31,66.53,3,0,0,,72.35,9,67.80,8,59.45,7
2026-09-02 09:30:46,70.03,3,0,0,,72.15,9,73.05,8,64.90,8
2026-09-02 09:31:01,71.62,3,0,0,,80.05,9,72.90,8,61.90,8
2026-09-02 09:31:15,66.55,3,0,0,,71.15,9,64.50,8,64.00,8
2026-09-02 09:31:28,68.88,3,0,0,,72.50,9,67.15,8,67.00,8
2026-09-02 09:31:42,69.52,3,0,0,,71.85,9,72.80,8,63.90,8
2026-09-02 09:31:58,69.60,3,0,0,,75.45,9,70.30,8,63.05,8
2026-09-02 09:32:13,72.62,3,0,0,,76.15,9,68.65,8,73.05,9
2026-09-02 09:32:27,68.25,3,0,0,,72.30,9,65.50,8,66.95,9
2026-09-02 09:32:41,71.43,3,0,0,,71.85,9,71.75,8,70.70,9
2026-09-02 09:32:54,71.98,3,0,0,,73.10,9,67.40,8,75.45,9
2026-09-02 09:33:09,74.65,3,0,0,,80.60,9,72.95,8,70.40,9
2026-09-02 09:33:23,74.78,3,0,0,,76.25,9,75.35,9,72.75,9
2026-09-02 09:33:37,76.28,3,0,0,,76.35,9,74.85,9,77.65,9
2026-09-02 09:33:51,72.80,3,0,0,,71.65,9,71.00,9,75.75,9
2026-09-02 09:34:05,75.47,3,0,0,,75.35,9,79.95,9,71.10,9
2026-09-02 09:34:20,78.12,3,0,0,,80.90,9,74.05,9,79.40,9
2026-09-02 09:34:34,76.07,3,0,0,,76.20,9,79.35,9,72.65,9
2026-09-02 09:34:48,76.53,3,0,0,,80.95,9,77.65,9,71.00,9
2026-09-02 09:35:02,70.82,3,0,0,,72.05,9,65.35,9,75.05,9
2026-09-02 09:35:16,73.58,3,0,0,,75.05,9,69.10,8,76.60,9
2026-09-02 09:35:30,71.95,3,0,0,,76.10,9,68.70,8,71.05,9
2026-09-02 09:35:44,73.00,3,0,0,,80.70,9,64.65,8,73.65,9
2026-09-02 09:35:58,73.00,3,0,0,,76.15,9,69.05,8,73.80,9
2026-09-02 09:36:12,68.55,3,0,0,,72.15,9,65.05,8,68.45,9
2026-09-02 09:36:26,70.42,3,0,0,,72.15,9,70.85,8,68.25,8
2026-09-02 09:36:39,68.43,3,0,0,,72.25,9,68.70,8,64.35,8
2026-09-02 09:36:53,70.43,3,0,0,,72.10,9,68.80,8,70.40,8
2026-09-02 09:37:07,72.65,3,0,0,,77.50,9,68.70,8,71.75,8
2026-09-02 09:37:21,68.30,3,0,0,,76.15,9,64.70,8,64.05,8
2026-09-02 09:37:35,69.77,3,0,0,,72.15,9,70.70,8,66.45,7
2026-09-02 09:37:49,69.23,3,0,0,,76.60,9,73.40,8,57.70,7
2026-09-02 09:38:03,68.77,3,0,0,,73.60,9,72.60,8,60.10,7
2026-09-02 09:38:17,69.60,3,0,0,,80.60,9,68.70,8,59.50,7
2026-09-02 09:38:31,66.80,3,0,0,,76.25,9,65.00,8,59.15,7
2026-09-02 09:38:45,67.88,3,0,0,,76.25,9,72.55,8,54.85,6
2026-09-02 09:38:59,64.85,3,0,0,,76.10,9,67.20,8,51.25,6
2026-09-02 09:39:13,65.30,3,0,0,,72.20,9,73.05,8,50.65,6
2026-09-02 09:39:27,64.67,3,0,0,,76.40,9,63.85,8,53.75,6
2026-09-02 09:39:40,66.88,3,0,0,,80.55,9,67.45,8,52.65,6
2026-09-02 09:39:54,65.47,3,0,0,,77.65,9,70.45,8,48.30,5
2026-09-02 09:40:07,64.97,3,0,0,,80.80,9,70.20,8,43.90,5
2026-09-02 09:40:21,62.18,3,0,0,,71.85,9,68.70,8,46.00,5
2026-09-02 09:40:35,63.33,3,0,0,,72.15,9,65.35,8,52.50,5
2026-09-02 09:40:49,64.38,3,0,0,,76.40,9,72.95,8,43.80,5
2026-09-02 09:41:02,60.42,3,0,0,,72.10,9,69.70,8,39.45,4
2026-09-02 09:41:15,62.67,3,0,0,,75.00,9,73.50,8,39.50,4
2026-09-02 09:41:29,63.78,3,0,0,,80.50,9,64.60,8,46.25,4
2026-09-02 09:41:42,62.80,3,0,0,,81.00,9,69.95,8,37.45,4
2026-09-02 09:41:56,65.45,3,0,0,,80.50,9,72.25,8,43.60,4
2026-09-02 09:42:10,62.53,3,0,0,,76.15,9,72.65,8,38.80,3
2026-09-02 09:42:23,58.67,3,0,0,,72.30,9,68.85,8,34.85,3
2026-09-02 09:42:36,57.48,3,0,0,,75.70,9,65.50,8,31.25,3
2026-09-02 09:42:50,61.58,3,0,0,,72.80,9,73.05,8,38.90,3
2026-09-02 09:43:03,59.20,3,0,0,,74.70,9,67.95,8,34.95,3
2026-09-02 09:43:17,59.43,3,0,0,,80.60,9,73.30,8,24.40,3
2026-09-02 09:43:30,55.18,3,0,0,,71.35,9,64.45,8,29.75,2
2026-09-02 09:43:44,57.52,3,0,0,,76.40,9,67.95,8,28.20,2
2026-09-02 09:43:57,57.30,3,0,0,,76.15,9,70.90,8,24.85,2
2026-09-02 09:44:11,58.02,3,0,0,,72.20,9,70.40,8,31.45,2
2026-09-02 09:44:25,57.45,3,0,0,,80.05,9,68.75,8,23.55,2
2026-09-02 09:44:38,53.80,3,0,0,,76.25,9,65.50,8,19.65,1
2026-09-02 09:44:51,59.77,3,0,0,,80.40,9,72.75,8,26.15,1
2026-09-02 09:45:05,54.47,3,0,0,,77.70,9,68.05,8,17.65,1
2026-09-02 09:45:18,56.38,3,0,0,,72.10,9,73.50,8,23.55,1
2026-09-02 09:45:32,52.15,3,0,0,,75.00,9,64.55,8,16.90,1
2026-09-02 09:45:50,49.33,2,1,0,,78.05,9,69.95,8,0.00,0
2026-09-02 09:46:02,72.45,2,0,1,,76.15,9,68.75,8,0.00,0
2026-09-02 09:46:14,68.35,2,0,1,,72.15,9,64.55,8,0.00,0
2026-09-02 09:46:27,70.80,2,0,1,,74.50,9,67.10,8,0.00,0
2026-09-02 09:46:40,76.70,2,0,1,,80.15,9,73.25,8,0.00,0
2026-09-02 09:46:52,68.40,2,0,1,,74.65,9,62.15,7,0.00,0
2026-09-02 09:47:05,72.55,2,0,1,,78.30,9,66.80,7,0.00,0
2026-09-02 09:47:18,67.00,2,0,1,,76.15,9,57.85,7,0.00,0
2026-09-02 09:47:30,66.28,2,0,1,,72.05,9,60.50,7,0.00,0
2026-09-02 09:47:42,69.43,2,0,1,,72.45,9,66.40,7,0.00,0
2026-09-02 09:47:55,66.70,2,0,1,,71.20,9,62.20,7,0.00,0
2026-09-02 09:48:08,63.73,2,0,1,,72.20,9,55.25,6,0.00,0
2026-09-02 09:48:20,63.22,2,0,1,,75.35,9,51.10,6,0.00,0
2026-09-02 09:48:32,67.53,2,0,1,,80.65,9,54.40,6,0.00,0
2026-09-02 09:48:45,67.97,2,0,1,,76.10,9,59.85,6,0.00,0
2026-09-02 09:48:58,67.75,2,0,1,,80.20,9,55.30,6,0.00,0
2026-09-02 09:49:10,64.72,2,0,1,,80.95,9,48.50,5,0.00,0
2026-09-02 09:49:22,60.40,2,0,1,,76.25,9,44.55,5,0.00,0
2026-09-02 09:49:35,61.62,2,0,1,,72.40,9,50.85,5,0.00,0
2026-09-02 09:49:47,61.58,2,0,1,,74.65,9,48.50,5,0.00,0
2026-09-02 09:49:59,60.47,2,0,1,,72.25,9,48.70,5,0.00,0
2026-09-02 09:50:12,59.38,2,0,1,,74.10,9,44.65,5,0.00,0
2026-09-02 09:50:25,61.65,2,0,1,,80.05,9,43.25,4,0.00,0
2026-09-02 09:50:37,58.95,2,0,1,,76.15,9,41.75,4,0.00,0
2026-09-02 09:50:49,57.10,2,0,1,,76.25,9,37.95,4,0.00,0
2026-09-02 09:51:03,60.80,2,0,1,,80.85,9,40.75,4,0.00,0
2026-09-02 09:51:15,56.92,2,0,1,,72.10,9,41.75,4,0.00,0
2026-09-02 09:51:28,54.33,2,0,1,,73.50,9,35.15,3,0.00,0
2026-09-02 09:51:40,55.95,2,0,1,,78.35,9,33.55,3,0.00,0
2026-09-02 09:51:53,58.80,2,0,1,,77.75,9,39.85,3,0.00,0
2026-09-02 09:52:05,54.67,2,0,1,,74.30,9,35.05,3,0.00,0
2026-09-02 09:52:17,56.15,2,0,1,,80.10,9,32.20,3,0.00,0
2026-09-02 09:52:30,57.97,2,0,1,,76.15,9,39.80,3,0.00,0
2026-09-02 09:52:43,48.08,2,0,1,,72.15,9,24.00,2,0.00,0
2026-09-02 09:52:55,49.92,2,0,1,,71.30,9,28.55,2,0.00,0
2026-09-02 09:53:07,54.38,2,0,1,,76.20,9,32.55,2,0.00,0
2026-09-02 09:53:20,48.02,2,0,1,,72.20,9,23.85,2,0.00,0
2026-09-02 09:53:32,52.12,2,0,1,,74.70,9,29.55,2,0.00,0
2026-09-02 09:53:45,51.20,2,0,1,,80.50,9,21.90,2,0.00,0
2026-09-02 09:53:57,48.12,2,0,1,,78.45,9,17.80,1,0.00,0
2026-09-02 09:54:09,49.15,2,0,1,,74.60,9,23.70,1,0.00,0
2026-09-02 09:54:21,50.85,2,0,1,,80.10,9,21.60,1,0.00,0
2026-09-02 09:54:34,48.00,2,0,1,,76.15,9,19.85,1,0.00,0
2026-09-02 09:54:46,46.60,2,0,1,,71.65,9,21.55,1,0.00,0
2026-09-02 09:54:59,42.48,1,1,1,,76.25,9,8.70,0,0.00,0
2026-09-02 09:55:15,38.07,1,1,1,,76.15,9,0.00,0,0.00,0
2026-09-02 09:55:28,76.25,1,0,2,,76.25,9,0.00,0,0.00,0
2026-09-02 09:55:39,72.10,1,0,2,,72.10,9,0.00,0,0.00,0
2026-09-02 09:55:50,73.95,1,0,2,,73.95,9,0.00,0,0.00,0
2026-09-02 09:56:02,71.95,1,0,2,,71.95,9,0.00,0,0.00,0
2026-09-02 09:56:13,65.30,1,0,2,,65.30,8,0.00,0,0.00,0
2026-09-02 09:56:25,67.45,1,0,2,,67.45,8,0.00,0,0.00,0
2026-09-02 09:56:36,73.40,1,0,2,,73.40,8,0.00,0,0.00,0
2026-09-02 09:56:48,69.50,1,0,2,,69.50,8,0.00,0,0.00,0
2026-09-02 09:56:59,73.90,1,0,2,,73.90,8,0.00,0,0.00,0
2026-09-02 09:57:11,73.90,1,0,2,,73.90,8,0.00,0,0.00,0
2026-09-02 09:57:22,62.70,1,0,2,,62.70,7,0.00,0,0.00,0
2026-09-02 09:57:34,57.60,1,0,2,,57.60,7,0.00,0,0.00,0
2026-09-02 09:57:45,58.95,1,0,2,,58.95,7,0.00,0,0.00,0
2026-09-02 09:57:56,58.75,1,0,2,,58.75,7,0.00,0,0.00,0
2026-09-02 09:58:07,58.65,1,0,2,,58.65,7,0.00,0,0.00,0
2026-09-02 09:58:19,61.70,1,0,2,,61.70,7,0.00,0,0.00,0
2026-09-02 09:58:31,59.85,1,0,2,,59.85,6,0.00,0,0.00,0
2026-09-02 09:58:42,60.85,1,0,2,,60.85,6,0.00,0,0.00,0
2026-09-02 09:58:56,52.25,1,0,2,,52.25,6,0.00,0,0.00,0
2026-09-02 09:59:08,52.10,1,0,2,,52.10,6,0.00,0,0.00,0
2026-09-02 09:59:20,58.10,1,0,2,,58.10,6,0.00,0,0.00,0
2026-09-02 09:59:32,49.35,1,0,2,,49.35,6,0.00,0,0.00,0
2026-09-02 09:59:44,45.35,1,0,2,,45.35,5,0.00,0,0.00,0
2026-09-02 09:59:56,46.70,1,0,2,,46.70,5,0.00,0,0.00,0
2026-09-02 10:00:07,46.60,1,0,2,,46.60,5,0.00,0,0.00,0
2026-09-02 10:00:19,53.30,1,0,2,,53.30,5,0.00,0,0.00,0
2026-09-02 10:00:30,49.35,1,0,2,,49.35,5,0.00,0,0.00,0
2026-09-02 10:00:41,38.40,1,0,2,,38.40,5,0.00,0,0.00,0
2026-09-02 10:00:52,38.85,1,0,2,,38.85,4,0.00,0,0.00,0
2026-09-02 10:01:04,38.60,1,0,2,,38.60,4,0.00,0,0.00,0
2026-09-02 10:01:15,42.60,1,0,2,,42.60,4,0.00,0,0.00,0
2026-09-02 10:01:26,47.40,1,0,2,,47.40,4,0.00,0,0.00,0
2026-09-02 10:01:38,38.00,1,0,2,,38.00,4,0.00,0,0.00,0
2026-09-02 10:01:49,39.60,1,0,2,,39.60,4,0.00,0,0.00,0
2026-09-02 10:02:00,31.85,1,0,2,,31.85,3,0.00,0,0.00,0
2026-09-02 10:02:11,37.20,1,0,2,,37.20,3,0.00,0,0.00,0
2026-09-02 10:02:23,40.50,1,0,2,,40.50,3,0.00,0,0.00,0
2026-09-02 10:02:34,31.65,1,0,2,,31.65,3,0.00,0,0.00,0
2026-09-02 10:02:45,33.65,1,0,2,,33.65,3,0.00,0,0.00,0
2026-09-02 10:02:57,39.80,1,0,2,,39.80,3,0.00,0,0.00,0
2026-09-02 10:03:08,33.25,1,0,2,,33.25,2,0.00,0,0.00,0
2026-09-02 10:03:19,28.90,1,0,2,,28.90,2,0.00,0,0.00,0
2026-09-02 10:03:30,25.95,1,0,2,,25.95,2,0.00,0,0.00,0
2026-09-02 10:03:41,32.95,1,0,2,,32.95,2,0.00,0,0.00,0
2026-09-02 10:03:52,28.85,1,0,2,,28.85,2,0.00,0,0.00,0
2026-09-02 10:04:04,23.75,1,0,2,,23.75,2,0.00,0,0.00,0
2026-09-02 10:04:15,18.05,1,0,2,,18.05,1,0.00,0,0.00,0
2026-09-02 10:04:26,23.85,1,0,2,,23.85,1,0.00,0,0.00,0
2026-09-02 10:04:38,22.00,1,0,2,,22.00,1,0.00,0,0.00,0
2026-09-02 10:04:49,18.05,1,0,2,,18.05,1,0.00,0,0.00,0
2026-09-02 10:05:00,20.55,1,0,2,,20.55,1,0.00,0,0.00,0
2026-09-02 10:05:11,26.70,1,0,2,,26.70,1,0.00,0,0.00,0
2026-09-02 10:05:22,15.00,0,1,2,,15.00,0,0.00,0,0.00,0
2026-09-02 10:05:34,14.35,0,1,2,,14.35,0,0.00,0,0.00,0
2026-09-02 10:05:45,15.05,0,1,2,,15.05,0,0.00,0,0.00,0
2026-09-02 10:05:56,13.10,0,1,2,,13.10,0,0.00,0,0.00,0
2026-09-02 10:06:07,19.80,0,1,2,,19.80,0,0.00,0,0.00,0
2026-09-02 10:06:18,11.10,0,1,2,,11.10,0,0.00,0,0.00,0
2026-09-02 10:06:29,19.30,0,1,2,,19.30,0,0.00,0,0.00,0
2026-09-02 10:06:40,11.00,0,1,2,,11.00,0,0.00,0,0.00,0
2026-09-02 10:06:51,18.90,0,1,2,,18.90,0,0.00,0,0.00,0
2026-09-02 10:07:03,10.35,0,1,2,,10.35,0,0.00,0,0.00,0
2026-09-02 10:07:14,18.60,1,0,2,,18.60,1,0.00,0,0.00,0
2026-09-02 10:07:25,25.25,1,0,2,,25.25,1,0.00,0,0.00,0
2026-09-02 10:07:37,19.45,1,0,2,,19.45,1,0.00,0,0.00,0
2026-09-02 10:07:48,17.75,1,0,2,,17.75,1,0.00,0,0.00,0
2026-09-02 10:07:59,19.20,1,0,2,,19.20,1,0.00,0,0.00,0
2026-09-02 10:08:11,20.55,1,0,2,,20.55,1,0.00,0,0.00,0
2026-09-02 10:08:22,21.50,1,0,2,,21.50,2,0.00,0,0.00,0
2026-09-02 10:08:33,21.95,1,0,2,,21.95,2,0.00,0,0.00,0
2026-09-02 10:08:44,27.20,1,0,2,,27.20,2,0.00,0,0.00,0
2026-09-02 10:08:56,29.85,1,0,2,,29.85,2,0.00,0,0.00,0
2026-09-02 10:09:07,23.90,1,0,2,,23.90,2,0.00,0,0.00,0
2026-09-02 10:09:19,33.15,1,0,2,,33.15,2,0.00,0,0.00,0
2026-09-02 10:09:31,28.45,1,0,2,,28.45,2,0.00,0,0.00,0
2026-09-02 10:09:42,35.10,1,0,2,,35.10,3,0.00,0,0.00,0
2026-09-02 10:09:54,32.70,1,0,2,,32.70,3,0.00,0,0.00,0
2026-09-02 10:10:05,30.70,1,0,2,,30.70,3,0.00,0,0.00,0
2026-09-02 10:10:17,39.45,1,0,2,,39.45,3,0.00,0,0.00,0
2026-09-02 10:10:28,34.00,1,0,2,,34.00,3,0.00,0,0.00,0
2026-09-02 10:10:40,31.00,1,0,2,,31.00,3,0.00,0,0.00,0
2026-09-02 10:10:51,35.35,1,0,2,,35.35,4,0.00,0,0.00,0
2026-09-02 10:11:03,42.10,1,0,2,,42.10,4,0.00,0,0.00,0
2026-09-02 10:11:14,35.55,1,0,2,,35.55,4,0.00,0,0.00,0
2026-09-02 10:11:26,46.40,1,0,2,,46.40,4,0.00,0,0.00,0
2026-09-02 10:11:37,43.40,1,0,2,,43.40,4,0.00,0,0.00,0
2026-09-02 10:11:49,38.50,1,0,2,,38.50,4,0.00,0,0.00,0
2026-09-02 10:12:01,41.65,1,0,2,,41.65,4,0.00,0,0.00,0
2026-09-02 10:12:12,46.25,1,0,2,,46.25,5,0.00,0,0.00,0
2026-09-02 10:12:23,40.90,1,0,2,,40.90,5,0.00,0,0.00,0
2026-09-02 10:12:34,46.95,1,0,2,,46.95,5,0.00,0,0.00,0
2026-09-02 10:12:46,52.65,1,0,2,,52.65,5,0.00,0,0.00,0
2026-09-02 10:12:57,46.75,1,0,2,,46.75,5,0.00,0,0.00,0
2026-09-02 10:13:08,48.70,1,0,2,,48.70,5,0.00,0,0.00,0
2026-09-02 10:13:20,47.90,1,0,2,,47.90,5,0.00,0,0.00,0
2026-09-02 10:13:32,50.80,1,0,2,,50.80,6,0.00,0,0.00,0
2026-09-02 10:13:43,55.60,1,0,2,,55.60,6,0.00,0,0.00,0
2026-09-02 10:13:54,52.90,1,0,2,,52.90,6,0.00,0,0.00,0
2026-09-02 10:14:06,51.10,1,0,2,,51.10,6,0.00,0,0.00,0
2026-09-02 10:14:17,59.45,1,0,2,,59.45,6,0.00,0,0.00,0
2026-09-02 10:14:29,51.25,1,0,2,,51.25,6,0.00,0,0.00,0
2026-09-02 10:14:40,60.30,1,0,2,,60.30,7,0.00,0,0.00,0
2026-09-02 10:14:52,59.05,1,0,2,,59.05,7,0.00,0,0.00,0
2026-09-02 10:15:04,55.00,1,0,2,,55.00,7,0.00,0,0.00,0
2026-09-02 10:15:15,65.70,1,0,2,,65.70,7,0.00,0,0.00,0
2026-09-02 10:15:27,58.40,1,0,2,,58.40,7,0.00,0,0.00,0
2026-09-02 10:15:38,62.15,1,0,2,,62.15,7,0.00,0,0.00,0
2026-09-02 10:15:50,66.45,1,0,2,,66.45,7,0.00,0,0.00,0
2026-09-02 10:16:02,60.65,1,0,2,,60.65,8,0.00,0,0.00,0
2026-09-02 10:16:13,64.75,1,0,2,,64.75,8,0.00,0,0.00,0
2026-09-02 10:16:24,63.55,1,0,2,,63.55,8,0.00,0,0.00,0
2026-09-02 10:16:36,67.50,1,0,2,,67.50,8,0.00,0,0.00,0
2026-09-02 10:16:47,72.60,1,0,2,,72.60,8,0.00,0,0.00,0
2026-09-02 10:16:59,66.65,1,0,2,,66.65,8,0.00,0,0.00,0
2026-09-02 10:17:10,69.10,1,0,2,,69.10,9,0.00,0,0.00,0
2026-09-02 10:17:22,69.60,1,0,2,,69.60,9,0.00,0,0.00,0
2026-09-02 10:17:33,71.30,1,0,2,,71.30,9,0.00,0,0.00,0
2026-09-02 10:17:45,71.70,1,0,2,,71.70,9,0.00,0,0.00,0
2026-09-02 10:17:56,69.30,1,0,2,,69.30,9,0.00,0,0.00,0
2026-09-02 10:18:07,74.80,1,0,2,,74.80,9,0.00,0,0.00,0
2026-09-02 10:18:22,46.17,2,0,1,,75.80,9,16.55,1,0.00,0
2026-09-02 10:18:36,45.88,2,0,1,,75.55,9,16.20,1,0.00,0
2026-09-02 10:18:48,48.18,2,0,1,,79.80,9,16.55,1,0.00,0
2026-09-02 10:19:01,49.03,2,0,1,,76.90,9,21.15,1,0.00,0
2026-09-02 10:19:14,49.95,2,0,1,,74.60,9,25.30,1,0.00,0
2026-09-02 10:19:27,46.43,2,0,1,,71.65,9,21.20,1,0.00,0
2026-09-02 10:19:39,46.35,2,0,1,,71.35,9,21.35,2,0.00,0
2026-09-02 10:19:52,52.15,2,0,1,,75.45,9,28.85,2,0.00,0
2026-09-02 10:20:04,50.50,2,0,1,,75.45,9,25.55,2,0.00,0
2026-09-02 10:20:17,47.25,2,0,1,,71.50,9,23.00,2,0.00,0
2026-09-02 10:20:30,51.70,2,0,1,,75.55,9,27.85,2,0.00,0
2026-09-02 10:20:42,51.30,2,0,1,,71.15,9,31.45,2,0.00,0
2026-09-02 10:20:55,50.85,2,0,1,,72.10,9,29.60,3,0.00,0
2026-09-02 10:21:07,52.10,2,0,1,,77.50,9,26.70,3,0.00,0
2026-09-02 10:21:21,56.43,2,0,1,,79.90,9,32.95,3,0.00,0
2026-09-02 10:21:34,58.20,2,0,1,,77.75,9,38.65,3,0.00,0
2026-09-02 10:21:46,54.30,2,0,1,,75.45,9,33.15,3,0.00,0
2026-09-02 10:21:59,50.92,2,0,1,,71.20,9,30.65,3,0.00,0
2026-09-02 10:22:12,55.25,2,0,1,,71.20,9,39.30,4,0.00,0
2026-09-02 10:22:24,54.90,2,0,1,,75.65,9,34.15,4,0.00,0
2026-09-02 10:22:36,57.10,2,0,1,,75.45,9,38.75,4,0.00,0
2026-09-02 10:22:49,58.15,2,0,1,,71.45,9,44.85,4,0.00,0
2026-09-02 10:23:02,58.65,2,0,1,,74.35,9,42.95,4,0.00,0
2026-09-02 10:23:15,60.72,2,0,1,,80.00,9,41.45,4,0.00,0
2026-09-02 10:23:27,63.00,2,0,1,,79.95,9,46.05,5,0.00,0
2026-09-02 10:23:40,59.60,2,0,1,,78.55,9,40.65,5,0.00,0
2026-09-02 10:23:53,57.50,2,0,1,,75.40,9,39.60,5,0.00,0
2026-09-02 10:24:07,58.97,2,0,1,,71.40,9,46.55,5,0.00,0
2026-09-02 10:24:20,60.72,2,0,1,,76.30,9,45.15,5,0.00,0
2026-09-02 10:24:33,58.00,2,0,1,,72.15,9,43.85,5,0.00,0
2026-09-02 10:24:46,63.70,2,0,1,,74.75,9,52.65,6,0.00,0
2026-09-02 10:24:59,64.90,2,0,1,,80.15,9,49.65,6,0.00,0
2026-09-02 10:25:12,58.72,2,0,1,,70.90,9,46.55,6,0.00,0
2026-09-02 10:25:25,64.00,2,0,1,,71.60,9,56.40,6,0.00,0
2026-09-02 10:25:38,61.48,2,0,1,,70.85,9,52.10,6,0.00,0
2026-09-02 10:25:51,61.90,2,0,1,,73.15,9,50.65,6,0.00,0
2026-09-02 10:26:04,68.33,2,0,1,,77.50,9,59.15,7,0.00,0
2026-09-02 10:26:16,64.38,2,0,1,,75.40,9,53.35,7,0.00,0
2026-09-02 10:26:29,68.72,2,0,1,,75.55,9,61.90,7,0.00,0
2026-09-02 10:26:41,69.02,2,0,1,,79.85,9,58.20,7,0.00,0
2026-09-02 10:26:54,65.53,2,0,1,,75.50,9,55.55,7,0.00,0
2026-09-02 10:27:07,66.60,2,0,1,,71.55,9,61.65,7,0.00,0
2026-09-02 10:27:20,71.15,2,0,1,,76.75,9,65.55,8,0.00,0
2026-09-02 10:27:33,69.03,2,0,1,,73.85,9,64.20,8,0.00,0
2026-09-02 10:27:47,71.00,2,0,1,,73.70,9,68.30,8,0.00,0
2026-09-02 10:28:00,50.70,2,1,0,,79.50,9,62.15,8,10.45,0
2026-09-02 10:28:13,50.68,2,1,0,,75.45,9,62.20,8,14.40,0
2026-09-02 10:28:28,53.48,2,1,0,,70.65,9,71.25,8,18.55,0
2026-09-02 10:28:42,52.03,3,0,0,,75.45,9,64.30,8,16.35,1
2026-09-02 10:28:56,52.18,3,0,0,,71.90,9,68.40,8,16.25,1
2026-09-02 10:29:10,57.33,3,0,0,,77.55,9,73.20,8,21.25,1
2026-09-02 10:29:23,54.68,3,0,0,,75.45,9,67.35,8,21.25,1
2026-09-02 10:29:37,53.78,3,0,0,,75.60,9,68.45,8,17.30,1
2026-09-02 10:29:51,52.57,3,0,0,,75.40,9,64.35,8,17.95,2
2026-09-02 10:30:04,53.63,3,0,0,,71.45,9,64.95,8,24.50,2
2026-09-02 10:30:18,56.72,3,0,0,,75.05,9,64.65,8,30.45,2
2026-09-02 10:30:32,60.42,3,0,0,,79.85,9,73.30,8,28.10,2
2026-09-02 10:30:46,56.42,3,0,0,,76.95,9,68.40,8,23.90,2
2026-09-02 10:31:00,53.87,3,0,0,,75.45,9,64.55,8,21.60,2
2026-09-02 10:31:15,58.33,3,0,0,,71.85,9,70.60,8,32.55,3
2026-09-02 10:31:29,59.97,3,0,0,,79.50,9,70.05,8,30.35,3
2026-09-02 10:31:43,58.90,3,0,0,,74.95,9,72.85,8,28.90,3
2026-09-02 10:31:56,58.65,3,0,0,,79.85,9,64.40,8,31.70,3
2026-09-02 10:32:10,59.22,3,0,0,,70.35,9,69.90,8,37.40,3
2026-09-02 10:32:24,58.73,3,0,0,,71.95,9,72.65,8,31.60,4
2026-09-02 10:32:37,57.72,3,0,0,,71.65,9,70.50,8,31.00,4
2026-09-02 10:32:51,59.88,3,0,0,,71.45,9,68.40,8,39.80,4
2026-09-02 10:33:04,58.88,3,0,0,,76.45,9,65.25,8,34.95,4
2026-09-02 10:33:18,61.95,3,0,0,,80.00,9,72.30,8,33.55,4
2026-09-02 10:33:32,60.47,3,0,0,,75.45,9,67.20,8,38.75,4
2026-09-02 10:33:45,65.18,3,0,0,,79.80,9,72.60,8,43.15,5
2026-09-02 10:33:59,62.02,3,0,0,,75.45,9,68.50,8,42.10,5
2026-09-02 10:34:12,61.08,3,0,0,,71.50,9,65.35,8,46.40,5
2026-09-02 10:34:25,63.00,3,0,0,,74.50,9,70.10,8,44.40,5
2026-09-02 10:34:39,62.12,3,0,0,,76.60,9,67.90,8,41.85,5
2026-09-02 10:34:53,63.93,3,0,0,,74.10,9,73.25,8,44.45,6
2026-09-02 10:35:06,62.53,3,0,0,,80.05,9,64.45,8,43.10,6
2026-09-02 10:35:20,61.70,3,0,0,,71.20,9,70.40,8,43.50,6
2026-09-02 10:35:33,62.73,3,0,0,,72.10,9,67.85,8,48.25,6
2026-09-02 10:35:47,65.73,3,0,0,,71.35,9,72.65,8,53.20,6
2026-09-02 10:36:01,61.13,3,0,0,,73.25,9,64.30,8,45.85,6
2026-09-02 10:36:15,67.63,3,0,0,,79.90,9,67.25,8,55.75,7
2026-09-02 10:36:28,67.88,3,0,0,,75.55,9,72.90,8,55.20,7
2026-09-02 10:36:42,66.22,3,0,0,,75.50,9,72.55,8,50.60,7
2026-09-02 10:36:57,63.12,3,0,0,,70.65,9,64.10,8,54.60,7
2026-09-02 10:37:10,66.73,3,0,0,,74.90,9,70.00,8,55.30,7
2026-09-02 10:37:25,65.87,3,0,0,,75.40,9,68.40,8,53.80,8
2026-09-02 10:37:38,69.43,3,0,0,,75.45,9,73.25,8,59.60,8
2026-09-02 10:37:52,70.40,3,0,0,,80.25,9,68.50,8,62.45,8
2026-09-02 10:38:06,66.47,3,0,0,,71.10,9,67.45,8,60.85,8
2026-09-02 10:38:19,70.67,3,0,0,,73.85,9,72.90,8,65.25,8
2026-09-02 10:38:33,69.68,3,0,0,,79.70,9,68.50,8,60.85,8
2026-09-02 10:38:47,67.42,3,0,0,,75.25,9,68.40,8,58.60,9
2026-09-02 10:39:01,71.02,3,0,0,,78.20,9,64.40,8,70.45,9
2026-09-02 10:39:15,69.40,3,0,0,,75.45,9,70.30,8,62.45,9
2026-09-02 10:39:30,70.68,3,0,0,,71.75,9,68.55,8,71.75,9
2026-09-02 10:39:43,70.48,3,0,0,,71.60,9,68.40,8,71.45,9
2026-09-02 10:39:57,67.07,3,0,0,,71.50,9,64.10,8,65.60,9
2026-09-02 10:40:10,74.42,3,0,0,,77.00,9,70.80,9,75.45,9
2026-09-02 10:40:24,74.40,3,0,0,,75.40,9,77.80,9,70.00,9
2026-09-02 10:40:38,71.43,3,0,0,,70.75,9,74.75,9,68.80,9
2026-09-02 10:40:52,74.73,3,0,0,,75.45,9,75.55,9,73.20,9
2026-09-02 10:41:06,73.30,3,0,0,,71.65,9,75.25,9,73.00,9
2026-09-02 10:41:20,74.10,3,0,0,,77.65,9,70.80,9,73.85,9
2026-09-02 10:41:34,74.67,3,0,0,,75.45,9,71.35,9,77.20,9
2026-09-02 10:41:47,74.00,3,0,0,,75.55,9,68.55,8,77.90,9
2026-09-02 10:42:01,70.32,3,0,0,,75.45,9,64.40,8,71.10,9
2026-09-02 10:42:14,73.60,3,0,0,,71.45,9,69.95,8,79.40,9
2026-09-02 10:42:28,72.53,3,0,0,,76.30,9,68.45,8,72.85,9
2026-09-02 10:42:42,73.07,3,0,0,,79.55,9,68.45,8,71.20,9
2026-09-02 10:42:56,70.15,3,0,0,,77.55,9,64.50,8,68.40,8
2026-09-02 10:43:10,70.83,3,0,0,,75.50,9,70.10,8,66.90,8
2026-09-02 10:43:24,69.45,3,0,0,,71.45,9,68.45,8,68.45,8
2026-09-02 10:43:37,72.93,3,0,0,,76.95,9,68.65,8,73.20,8
2026-09-02 10:43:51,69.57,3,0,0,,72.50,9,63.85,8,72.35,8
2026-09-02 10:44:05,66.97,3,0,0,,77.20,9,67.70,8,56.00,8
2026-09-02 10:44:19,69.48,3,0,0,,75.40,9,68.45,8,64.60,7
2026-09-02 10:44:32,64.97,3,0,0,,71.40,9,64.50,8,59.00,7
2026-09-02 10:44:46,64.10,3,0,0,,71.75,9,64.25,8,56.30,7
2026-09-02 10:44:59,66.00,3,0,0,,71.40,9,66.65,8,59.95,7
2026-09-02 10:45:13,67.37,3,0,0,,74.55,9,72.80,8,54.75,7
2026-09-02 10:45:26,64.38,3,0,0,,80.10,9,64.35,8,48.70,6
2026-09-02 10:45:40,63.13,3,0,0,,71.30,9,65.10,8,53.00,6
2026-09-02 10:45:53,65.77,3,0,0,,75.45,9,64.55,8,57.30,6
2026-09-02 10:46:07,64.03,3,0,0,,70.55,9,70.60,8,50.95,6
2026-09-02 10:46:21,62.70,3,0,0,,72.95,9,68.60,8,46.55,6
2026-09-02 10:46:35,65.82,3,0,0,,80.10,9,66.80,8,50.55,5
2026-09-02 10:46:49,63.23,3,0,0,,75.45,9,66.20,8,48.05,5
2026-09-02 10:47:02,65.07,3,0,0,,80.15,9,72.35,8,42.70,5
2026-09-02 10:47:16,63.72,3,0,0,,71.30,9,68.50,8,51.35,5
2026-09-02 10:47:30,63.07,3,0,0,,73.90,9,66.80,8,48.50,5
2026-09-02 10:47:43,62.10,3,0,0,,80.10,9,69.70,8,36.50,4
2026-09-02 10:47:57,60.75,3,0,0,,77.40,9,69.50,8,35.35,4
2026-09-02 10:48:11,64.22,3,0,0,,79.85,9,68.45,8,44.35,4
2026-09-02 10:48:24,59.47,3,0,0,,75.55,9,64.55,8,38.30,4
2026-09-02 10:48:38,60.63,3,0,0,,73.30,9,72.65,8,35.95,4
2026-09-02 10:48:52,59.67,3,0,0,,76.15,9,70.00,8,32.85,3
2026-09-02 10:49:06,60.97,3,0,0,,72.45,9,73.25,8,37.20,3
2026-09-02 10:49:19,58.32,3,0,0,,79.90,9,64.45,8,30.60,3
2026-09-02 10:49:33,58.32,3,0,0,,75.50,9,70.60,8,28.85,3
2026-09-02 10:49:47,59.62,3,0,0,,72.90,9,73.10,8,32.85,3
2026-09-02 10:50:01,58.35,3,0,0,,71.45,9,73.15,8,30.45,2
2026-09-02 10:50:14,53.87,3,0,0,,73.35,9,64.45,8,23.80,2
2026-09-02 10:50:28,57.33,3,0,0,,79.55,9,70.35,8,22.10,2
2026-09-02 10:50:42,53.45,3,0,0,,70.90,9,68.50,8,20.95,2
2026-09-02 10:50:56,56.98,3,0,0,,71.60,9,73.30,8,26.05,2
2026-09-02 10:51:09,54.03,3,0,0,,71.35,9,64.50,8,26.25,1
2026-09-02 10:51:23,54.00,3,0,0,,74.15,9,70.05,8,17.80,1
2026-09-02 10:51:36,58.07,3,0,0,,79.90,9,68.45,8,25.85,1
2026-09-02 10:51:50,53.90,3,0,0,,75.65,9,68.65,8,17.40,1
2026-09-02 10:52:03,57.98,3,0,0,,80.40,9,68.60,8,24.95,1
2026-09-02 10:52:16,51.75,3,0,0,,75.45,9,65.10,8,14.70,1
2026-09-02 10:52:29,48.08,2,1,0,,71.50,9,72.75,8,0.00,0
2026-09-02 10:52:42,46.97,2,1,0,,77.05,9,63.85,8,0.00,0
2026-09-02 10:52:59,48.75,2,1,0,,77.70,9,68.55,8,0.00,0
2026-09-02 10:53:12,73.90,2,0,1,,75.45,9,72.35,8,0.00,0
2026-09-02 10:53:24,66.72,2,0,1,,71.40,9,62.05,8,0.00,0
2026-09-02 10:53:37,65.33,2,0,1,,73.00,9,57.65,7,0.00,0
2026-09-02 10:53:49,68.75,2,0,1,,79.45,9,58.05,7,0.00,0
2026-09-02 10:54:02,65.83,2,0,1,,73.75,9,57.90,7,0.00,0
2026-09-02 10:54:14,68.40,2,0,1,,73.70,9,63.10,7,0.00,0
2026-09-02 10:54:26,73.15,2,0,1,,79.65,9,66.65,7,0.00,0
2026-09-02 10:54:39,65.20,2,0,1,,75.40,9,55.00,6,0.00,0
2026-09-02 10:54:51,60.53,2,0,1,,70.45,9,50.60,6,0.00,0
2026-09-02 10:55:03,63.27,2,0,1,,75.60,9,50.95,6,0.00,0
2026-09-02 10:55:16,66.10,2,0,1,,75.40,9,56.80,6,0.00,0
2026-09-02 10:55:28,63.08,2,0,1,,71.25,9,54.90,6,0.00,0
2026-09-02 10:55:41,62.00,2,0,1,,73.00,9,51.00,6,0.00,0
2026-09-02 10:55:53,60.55,2,0,1,,76.95,9,44.15,5,0.00,0
2026-09-02 10:56:05,59.12,2,0,1,,71.95,9,46.30,5,0.00,0
2026-09-02 10:56:17,62.85,2,0,1,,73.10,9,52.60,5,0.00,0
2026-09-02 10:56:30,60.98,2,0,1,,78.50,9,43.45,5,0.00,0
2026-09-02 10:56:42,63.40,2,0,1,,80.20,9,46.60,5,0.00,0
2026-09-02 10:56:55,59.75,2,0,1,,75.60,9,43.90,5,0.00,0
2026-09-02 10:57:07,63.08,2,0,1,,80.35,9,45.80,4,0.00,0
2026-09-02 10:57:19,58.73,2,0,1,,80.25,9,37.20,4,0.00,0
2026-09-02 10:57:31,55.73,2,0,1,,71.15,9,40.30,4,0.00,0
2026-09-02 10:57:43,58.95,2,0,1,,71.70,9,46.20,4,0.00,0
2026-09-02 10:57:56,57.85,2,0,1,,74.30,9,41.40,4,0.00,0
2026-09-02 10:58:08,53.23,2,0,1,,71.65,9,34.80,3,0.00,0
2026-09-02 10:58:20,51.90,2,0,1,,71.55,9,32.25,3,0.00,0
2026-09-02 10:58:33,56.85,2,0,1,,74.65,9,39.05,3,0.00,0
2026-09-02 10:58:45,54.70,2,0,1,,79.45,9,29.95,3,0.00,0
2026-09-02 10:58:58,55.57,2,0,1,,80.35,9,30.80,3,0.00,0
2026-09-02 10:59:10,59.25,2,0,1,,79.60,9,38.90,3,0.00,0
2026-09-02 10:59:22,54.05,2,0,1,,80.00,9,28.10,2,0.00,0
2026-09-02 10:59:34,50.40,2,0,1,,75.60,9,25.20,2,0.00,0
2026-09-02 10:59:47,52.00,2,0,1,,71.40,9,32.60,2,0.00,0
2026-09-02 10:59:59,50.62,2,0,1,,72.90,9,28.35,2,0.00,0
2026-09-02 11:00:11,48.88,2,0,1,,71.60,9,26.15,2,0.00,0
2026-09-02 11:00:24,46.55,2,0,1,,71.65,9,21.45,2,0.00,0
2026-09-02 11:00:36,47.17,2,0,1,,76.95,9,17.40,1,0.00,0
2026-09-02 11:00:49,52.55,2,0,1,,79.80,9,25.30,1,0.00,0
2026-09-02 11:01:01,50.88,2,0,1,,80.35,9,21.40,1,0.00,0
2026-09-02 11:01:13,49.47,2,0,1,,79.35,9,19.60,1,0.00,0
2026-09-02 11:01:27,48.40,2,0,1,,75.40,9,21.40,1,0.00,0
2026-09-02 11:01:38,35.55,1,1,1,,71.10,9,0.00,0,0.00,0
2026-09-02 11:01:55,35.73,1,1,1,,71.45,9,0.00,0,0.00,0
2026-09-02 11:02:06,79.50,1,0,2,,79.50,9,0.00,0,0.00,0
2026-09-02 11:02:17,79.35,1,0,2,,79.35,9,0.00,0,0.00,0
2026-09-02 11:02:28,75.40,1,0,2,,75.40,9,0.00,0,0.00,0
2026-09-02 11:02:40,71.05,1,0,2,,71.05,9,0.00,0,0.00,0
2026-09-02 11:02:51,64.60,1,0,2,,64.60,8,0.00,0,0.00,0
2026-09-02 11:03:03,63.90,1,0,2,,63.90,8,0.00,0,0.00,0
2026-09-02 11:03:14,68.80,1,0,2,,68.80,8,0.00,0,0.00,0
2026-09-02 11:03:25,68.75,1,0,2,,68.75,8,0.00,0,0.00,0
2026-09-02 11:03:37,64.40,1,0,2,,64.40,8,0.00,0,0.00,0
2026-09-02 11:03:48,65.80,1,0,2,,65.80,8,0.00,0,0.00,0
2026-09-02 11:03:59,60.05,1,0,2,,60.05,7,0.00,0,0.00,0
2026-09-02 11:04:11,58.10,1,0,2,,58.10,7,0.00,0,0.00,0
2026-09-02 11:04:22,58.65,1,0,2,,58.65,7,0.00,0,0.00,0
2026-09-02 11:04:33,61.00,1,0,2,,61.00,7,0.00,0,0.00,0
2026-09-02 11:04:44,66.10,1,0,2,,66.10,7,0.00,0,0.00,0
2026-09-02 11:04:55,66.90,1,0,2,,66.90,7,0.00,0,0.00,0
2026-09-02 11:05:07,59.80,1,0,2,,59.80,6,0.00,0,0.00,0
2026-09-02 11:05:18,59.55,1,0,2,,59.55,6,0.00,0,0.00,0
2026-09-02 11:05:29,55.15,1,0,2,,55.15,6,0.00,0,0.00,0
2026-09-02 11:05:41,51.10,1,0,2,,51.10,6,0.00,0,0.00,0
2026-09-02 11:05:52,52.60,1,0,2,,52.60,6,0.00,0,0.00,0
2026-09-02 11:06:03,53.80,1,0,2,,53.80,6,0.00,0,0.00,0
2026-09-02 11:06:14,44.55,1,0,2,,44.55,5,0.00,0,0.00,0
2026-09-02 11:06:25,49.60,1,0,2,,49.60,5,0.00,0,0.00,0
2026-09-02 11:06:37,53.00,1,0,2,,53.00,5,0.00,0,0.00,0
2026-09-02 11:06:48,48.70,1,0,2,,48.70,5,0.00,0,0.00,0
2026-09-02 11:06:59,44.55,1,0,2,,44.55,5,0.00,0,0.00,0
2026-09-02 11:07:11,44.50,1,0,2,,44.50,5,0.00,0,0.00,0
2026-09-02 11:07:22,38.25,1,0,2,,38.25,4,0.00,0,0.00,0
2026-09-02 11:07:33,42.25,1,0,2,,42.25,4,0.00,0,0.00,0
2026-09-02 11:07:45,46.35,1,0,2,,46.35,4,0.00,0,0.00,0
2026-09-02 11:07:56,36.60,1,0,2,,36.60,4,0.00,0,0.00,0
2026-09-02 11:08:08,36.95,1,0,2,,36.95,4,0.00,0,0.00,0
2026-09-02 11:08:19,37.95,1,0,2,,37.95,4,0.00,0,0.00,0
2026-09-02 11:08:30,36.30,1,0,2,,36.30,3,0.00,0,0.00,0
2026-09-02 11:08:41,39.45,1,0,2,,39.45,3,0.00,0,0.00,0
2026-09-02 11:08:53,35.05,1,0,2,,35.05,3,0.00,0,0.00,0
2026-09-02 11:09:04,31.10,1,0,2,,31.10,3,0.00,0,0.00,0
2026-09-02 11:09:15,31.05,1,0,2,,31.05,3,0.00,0,0.00,0
2026-09-02 11:09:26,36.25,1,0,2,,36.25,3,0.00,0,0.00,0
2026-09-02 11:09:37,32.90,1,0,2,,32.90,3,0.00,0,0.00,0
2026-09-02 11:09:48,28.30,1,0,2,,28.30,2,0.00,0,0.00,0
2026-09-02 11:10:00,24.35,1,0,2,,24.35,2,0.00,0,0.00,0
2026-09-02 11:10:11,24.90,1,0,2,,24.90,2,0.00,0,0.00,0
2026-09-02 11:10:22,32.20,1,0,2,,32.20,2,0.00,0,0.00,0
2026-09-02 11:10:33,28.30,1,0,2,,28.30,2,0.00,0,0.00,0
2026-09-02 11:10:44,24.30,1,0,2,,24.30,2,0.00,0,0.00,0
2026-09-02 11:10:55,19.65,1,0,2,,19.65,1,0.00,0,0.00,0
2026-09-02 11:11:07,23.75,1,0,2,,23.75,1,0.00,0,0.00,0
2026-09-02 11:11:18,21.70,1,0,2,,21.70,1,0.00,0,0.00,0
2026-09-02 11:11:29,17.75,1,0,2,,17.75,1,0.00,0,0.00,0
2026-09-02 11:11:40,23.25,1,0,2,,23.25,1,0.00,0,0.00,0
2026-09-02 11:11:52,21.70,1,0,2,,21.70,1,0.00,0,0.00,0
2026-09-02 11:12:03,10.90,0,1,2,,10.90,0,0.00,0,0.00,0
2026-09-02 11:12:14,16.25,0,1,2,,16.25,0,0.00,0,0.00,0
2026-09-02 11:12:25,15.00,0,1,2,,15.00,0,0.00,0,0.00,0
2026-09-02 11:12:36,13.55,0,1,2,,13.55,0,0.00,0,0.00,0
2026-09-02 11:12:47,15.00,0,1,2,,15.00,0,0.00,0,0.00,0
2026-09-02 11:12:58,11.45,0,1,2,,11.45,0,0.00,0,0.00,0
2026-09-02 11:13:09,19.60,0,1,2,,19.60,0,0.00,0,0.00,0
2026-09-02 11:13:20,11.05,0,1,2,,11.05,0,0.00,0,0.00,0
2026-09-02 11:13:31,19.20,0,1,2,,19.20,0,0.00,0,0.00,0
2026-09-02 11:13:43,15.20,1,0,2,,15.20,1,0.00,0,0.00,0
2026-09-02 11:13:54,24.00,1,0,2,,24.00,1,0.00,0,0.00,0
2026-09-02 11:14:05,20.85,1,0,2,,20.85,1,0.00,0,0.00,0
2026-09-02 11:14:17,17.30,1,0,2,,17.30,1,0.00,0,0.00,0
2026-09-02 11:14:28,21.90,1,0,2,,21.90,1,0.00,0,0.00,0
2026-09-02 11:14:39,17.75,1,0,2,,17.75,1,0.00,0,0.00,0
2026-09-02 11:14:51,19.60,1,0,2,,19.60,1,0.00,0,0.00,0
2026-09-02 11:15:02,20.10,1,0,2,,20.10,2,0.00,0,0.00,0
2026-09-02 11:15:14,27.05,1,0,2,,27.05,2,0.00,0,0.00,0
2026-09-02 11:15:26,29.85,1,0,2,,29.85,2,0.00,0,0.00,0
2026-09-02 11:15:37,24.85,1,0,2,,24.85,2,0.00,0,0.00,0
2026-09-02 11:15:48,28.60,1,0,2,,28.60,2,0.00,0,0.00,0
2026-09-02 11:15:59,33.15,1,0,2,,33.15,2,0.00,0,0.00,0
2026-09-02 11:16:11,28.60,1,0,2,,28.60,3,0.00,0,0.00,0
2026-09-02 11:16:22,30.20,1,0,2,,30.20,3,0.00,0,0.00,0
2026-09-02 11:16:34,29.60,1,0,2,,29.60,3,0.00,0,0.00,0
2026-09-02 11:16:45,35.15,1,0,2,,35.15,3,0.00,0,0.00,0
2026-09-02 11:16:56,39.30,1,0,2,,39.30,3,0.00,0,0.00,0
2026-09-02 11:17:08,33.35,1,0,2,,33.35,3,0.00,0,0.00,0
2026-09-02 11:17:19,35.30,1,0,2,,35.30,3,0.00,0,0.00,0
2026-09-02 11:17:31,39.30,1,0,2,,39.30,4,0.00,0,0.00,0
2026-09-02 11:17:42,35.70,1,0,2,,35.70,4,0.00,0,0.00,0
2026-09-02 11:17:53,40.75,1,0,2,,40.75,4,0.00,0,0.00,0
2026-09-02 11:18:05,46.55,1,0,2,,46.55,4,0.00,0,0.00,0
2026-09-02 11:18:16,40.55,1,0,2,,40.55,4,0.00,0,0.00,0
2026-09-02 11:18:27,41.95,1,0,2,,41.95,4,0.00,0,0.00,0
2026-09-02 11:18:39,46.10,1,0,2,,46.10,4,0.00,0,0.00,0
2026-09-02 11:18:51,40.35,1,0,2,,40.35,5,0.00,0,0.00,0
2026-09-02 11:19:02,46.45,1,0,2,,46.45,5,0.00,0,0.00,0
2026-09-02 11:19:14,52.15,1,0,2,,52.15,5,0.00,0,0.00,0
2026-09-02 11:19:25,44.60,1,0,2,,44.60,5,0.00,0,0.00,0
2026-09-02 11:19:37,53.35,1,0,2,,53.35,5,0.00,0,0.00,0
2026-09-02 11:19:49,50.65,1,0,2,,50.65,5,0.00,0,0.00,0
2026-09-02 11:20:00,44.60,1,0,2,,44.60,6,0.00,0,0.00,0
2026-09-02 11:20:11,55.85,1,0,2,,55.85,6,0.00,0,0.00,0
2026-09-02 11:20:23,51.20,1,0,2,,51.20,6,0.00,0,0.00,0
2026-09-02 11:20:34,55.20,1,0,2,,55.20,6,0.00,0,0.00,0
2026-09-02 11:20:46,57.40,1,0,2,,57.40,6,0.00,0,0.00,0
2026-09-02 11:20:57,52.05,1,0,2,,52.05,6,0.00,0,0.00,0
2026-09-02 11:21:09,55.30,1,0,2,,55.30,6,0.00,0,0.00,0
2026-09-02 11:21:20,57.70,1,0,2,,57.70,7,0.00,0,0.00,0
2026-09-02 11:21:31,57.70,1,0,2,,57.70,7,0.00,0,0.00,0
2026-09-02 11:21:43,63.95,1,0,2,,63.95,7,0.00,0,0.00,0
2026-09-02 11:21:54,59.65,1,0,2,,59.65,7,0.00,0,0.00,0
2026-09-02 11:22:05,57.30,1,0,2,,57.30,7,0.00,0,0.00,0
2026-09-02 11:22:17,66.80,1,0,2,,66.80,7,0.00,0,0.00,0
2026-09-02 11:22:30,58.55,1,0,2,,58.55,8,0.00,0,0.00,0
2026-09-02 11:22:41,66.75,1,0,2,,66.75,8,0.00,0,0.00,0
2026-09-02 11:22:52,63.25,1,0,2,,63.25,8,0.00,0,0.00,0
2026-09-02 11:23:04,62.55,1,0,2,,62.55,8,0.00,0,0.00,0
2026-09-02 11:23:15,68.15,1,0,2,,68.15,8,0.00,0,0.00,0
2026-09-02 11:23:26,67.05,1,0,2,,67.05,8,0.00,0,0.00,0
2026-09-02 11:23:38,68.70,1,0,2,,68.70,8,0.00,0,0.00,0
2026-09-02 11:23:49,66.70,1,0,2,,66.70,9,0.00,0,0.00,0
2026-09-02 11:24:01,66.25,1,0,2,,66.25,9,0.00,0,0.00,0
2026-09-02 11:24:12,75.75,1,0,2,,75.75,9,0.00,0,0.00,0
2026-09-02 11:24:24,70.95,1,0,2,,70.95,9,0.00,0,0.00,0
2026-09-02 11:24:35,79.20,1,0,2,,79.20,9,0.00,0,0.00,0
2026-09-02 11:24:47,71.50,1,0,2,,71.50,9,0.00,0,0.00,0
2026-09-02 11:25:00,47.20,2,0,1,,75.25,9,19.15,1,0.00,0
2026-09-02 11:25:12,48.68,2,0,1,,79.60,9,17.75,1,0.00,0
2026-09-02 11:25:26,47.05,2,0,1,,76.80,9,17.30,1,0.00,0
2026-09-02 11:25:39,45.80,2,0,1,,70.40,9,21.20,1,0.00,0
2026-09-02 11:25:51,47.95,2,0,1,,70.15,9,25.75,1,0.00,0
2026-09-02 11:26:03,46.23,2,0,1,,71.25,9,21.20,1,0.00,0
2026-09-02 11:26:16,44.25,2,0,1,,71.30,9,17.20,2,0.00,0
2026-09-02 11:26:29,49.42,2,0,1,,75.25,9,23.60,2,0.00,0
2026-09-02 11:26:42,53.85,2,0,1,,77.25,9,30.45,2,0.00,0
2026-09-02 11:26:54,51.90,2,0,1,,79.85,9,23.95,2,0.00,0
2026-09-02 11:27:07,49.10,2,0,1,,70.25,9,27.95,2,0.00,0
2026-09-02 11:27:19,51.82,2,0,1,,71.40,9,32.25,2,0.00,0
2026-09-02 11:27:32,49.38,2,0,1,,71.55,9,27.20,3,0.00,0
2026-09-02 11:27:45,48.80,2,0,1,,71.00,9,26.60,3,0.00,0
2026-09-02 11:27:57,53.20,2,0,1,,73.55,9,32.85,3,0.00,0
2026-09-02 11:28:10,56.68,2,0,1,,79.45,9,33.90,3,0.00,0
2026-09-02 11:28:22,52.92,2,0,1,,75.20,9,30.65,3,0.00,0
2026-09-02 11:28:34,54.97,2,0,1,,75.25,9,34.70,3,0.00,0
2026-09-02 11:28:48,57.25,2,0,1,,79.75,9,34.75,4,0.00,0
2026-09-02 11:29:01,52.62,2,0,1,,71.05,9,34.20,4,0.00,0
2026-09-02 11:29:13,53.62,2,0,1,,72.90,9,34.35,4,0.00,0
2026-09-02 11:29:26,61.25,2,0,1,,77.35,9,45.15,4,0.00,0
2026-09-02 11:29:38,60.58,2,0,1,,75.90,9,45.25,4,0.00,0
2026-09-02 11:29:51,56.85,2,0,1,,74.35,9,39.35,4,0.00,0
2026-09-02 11:30:04,60.62,2,0,1,,79.95,9,41.30,4,0.00,0
2026-09-02 11:30:17,58.00,2,0,1,,70.45,9,45.55,5,0.00,0
2026-09-02 11:30:29,56.40,2,0,1,,71.55,9,41.25,5,0.00,0
2026-09-02 11:30:42,56.55,2,0,1,,70.75,9,42.35,5,0.00,0
2026-09-02 11:30:55,61.90,2,0,1,,71.20,9,52.60,5,0.00,0
2026-09-02 11:31:07,59.30,2,0,1,,74.15,9,44.45,5,0.00,0
2026-09-02 11:31:20,63.90,2,0,1,,79.60,9,48.20,6,0.00,0
2026-09-02 11:31:33,65.05,2,0,1,,75.30,9,54.80,6,0.00,0
2026-09-02 11:31:45,64.70,2,0,1,,79.45,9,49.95,6,0.00,0
2026-09-02 11:31:57,66.42,2,0,1,,80.05,9,52.80,6,0.00,0
2026-09-02 11:32:10,63.88,2,0,1,,71.15,9,56.60,6,0.00,0
2026-09-02 11:32:22,62.05,2,0,1,,71.85,9,52.25,6,0.00,0
2026-09-02 11:32:35,64.45,2,0,1,,73.40,9,55.50,7,0.00,0
2026-09-02 11:32:47,66.20,2,0,1,,71.25,9,61.15,7,0.00,0
2026-09-02 11:33:00,63.20,2,0,1,,73.00,9,53.40,7,0.00,0
2026-09-02 11:33:12,71.10,2,0,1,,79.15,9,63.05,7,0.00,0
2026-09-02 11:33:25,67.53,2,0,1,,75.20,9,59.85,7,0.00,0
2026-09-02 11:33:37,66.55,2,0,1,,75.35,9,57.75,7,0.00,0
2026-09-02 11:33:50,70.90,2,0,1,,79.90,9,61.90,8,0.00,0
2026-09-02 11:34:03,69.35,2,0,1,,75.25,9,63.45,8,0.00,0
2026-09-02 11:34:15,67.67,2,0,1,,71.25,9,64.10,8,0.00,0
2026-09-02 11:34:27,71.12,2,0,1,,73.90,9,68.35,8,0.00,0
2026-09-02 11:34:40,69.38,2,0,1,,73.80,9,64.95,8,0.00,0
2026-09-02 11:34:52,67.53,2,0,1,,72.20,9,62.85,8,0.00,0
2026-09-02 11:35:06,74.30,2,0,1,,76.10,9,72.50,8,0.00,0
2026-09-02 11:35:18,72.20,2,0,1,,80.10,9,64.30,9,0.00,0
2026-09-02 11:35:31,75.17,2,0,1,,75.25,9,75.10,9,0.00,0
2026-09-02 11:35:44,55.50,2,1,0,,80.25,9,70.85,9,15.40,0
2026-09-02 11:35:57,52.55,2,1,0,,80.00,9,67.25,9,10.40,0
2026-09-02 11:36:11,55.70,2,1,0,,70.15,9,77.70,9,19.25,0
2026-09-02 11:36:25,51.87,3,0,0,,73.10,9,70.70,9,11.80,1
2026-09-02 11:36:38,53.67,3,0,0,,77.20,9,70.35,9,13.45,1
2026-09-02 11:36:52,56.60,3,0,0,,73.40,9,74.95,9,21.45,1
2026-09-02 11:37:06,61.22,3,0,0,,78.65,9,79.05,9,25.95,1
2026-09-02 11:37:19,57.35,3,0,0,,75.25,9,71.10,9,25.70,1
2026-09-02 11:37:33,56.03,3,0,0,,71.50,9,75.05,9,21.55,1
2026-09-02 11:37:47,58.32,3,0,0,,71.40,9,79.75,9,23.80,2
2026-09-02 11:38:00,58.82,3,0,0,,71.30,9,75.00,9,30.15,2
2026-09-02 11:38:14,60.82,3,0,0,,76.70,9,78.95,9,26.80,2
2026-09-02 11:38:28,57.62,3,0,0,,75.20,9,73.20,9,24.45,2
2026-09-02 11:38:41,58.27,3,0,0,,75.35,9,71.10,9,28.35,2
2026-09-02 11:38:56,63.35,3,0,0,,80.05,9,76.95,9,33.05,2
2026-09-02 11:39:10,59.33,3,0,0,,70.95,9,74.20,9,32.85,3
2026-09-02 11:39:24,60.12,3,0,0,,73.75,9,76.15,9,30.45,3
2026-09-02 11:39:37,64.80,3,0,0,,79.60,9,79.75,9,35.05,3
2026-09-02 11:39:51,62.38,3,0,0,,77.30,9,70.70,9,39.15,3
2026-09-02 11:40:05,62.45,3,0,0,,79.65,9,72.35,9,35.35,3
2026-09-02 11:40:19,59.12,3,0,0,,75.25,9,70.90,9,31.20,4
2026-09-02 11:40:32,62.40,3,0,0,,71.70,9,73.25,9,42.25,4
2026-09-02 11:40:47,63.67,3,0,0,,73.35,9,79.70,9,37.95,4
2026-09-02 11:41:00,60.35,3,0,0,,72.25,9,70.90,9,37.90,4
2026-09-02 11:41:14,65.20,3,0,0,,78.50,9,75.10,9,42.00,4
2026-09-02 11:41:28,64.18,3,0,0,,75.25,9,70.65,9,46.65,4
2026-09-02 11:41:42,62.00,3,0,0,,71.70,9,75.70,9,38.60,5
2026-09-02 11:41:55,63.78,3,0,0,,71.00,9,76.15,9,44.20,5
2026-09-02 11:42:09,65.83,3,0,0,,71.55,9,75.05,9,50.90,5
2026-09-02 11:42:23,68.28,3,0,0,,77.30,9,79.75,9,47.80,5
2026-09-02 11:42:37,63.58,3,0,0,,75.25,9,70.90,9,44.60,5
2026-09-02 11:42:51,68.58,3,0,0,,75.40,9,77.05,9,53.30,6
2026-09-02 11:43:04,67.93,3,0,0,,75.20,9,79.65,9,48.95,6
2026-09-02 11:43:18,65.83,3,0,0,,71.20,9,79.05,9,47.25,6
2026-09-02 11:43:31,67.60,3,0,0,,74.95,9,74.90,9,52.95,6
2026-09-02 11:43:45,68.03,3,0,0,,80.05,9,70.95,9,53.10,6
2026-09-02 11:44:00,69.75,3,0,0,,79.80,9,78.05,9,51.40,6
2026-09-02 11:44:14,73.43,3,0,0,,79.15,9,79.05,9,62.10,7
2026-09-02 11:44:28,71.57,3,0,0,,75.30,9,79.25,9,60.15,7
2026-09-02 11:44:42,66.15,3,0,0,,73.00,9,70.65,9,54.80,7
2026-09-02 11:44:56,70.48,3,0,0,,72.75,9,74.10,9,64.60,7
2026-09-02 11:45:09,70.85,3,0,0,,73.15,9,77.05,9,62.35,7
2026-09-02 11:45:23,70.37,3,0,0,,79.35,9,73.40,9,58.35,8
2026-09-02 11:45:37,74.77,3,0,0,,75.25,9,79.45,9,69.60,8
2026-09-02 11:45:51,68.10,3,0,0,,71.40,9,70.85,9,62.05,8
2026-09-02 11:46:05,71.72,3,0,0,,75.30,9,73.45,9,66.40,8
2026-09-02 11:46:18,71.97,3,0,0,,72.95,9,71.35,9,71.60,8
2026-09-02 11:46:33,75.08,3,0,0,,79.25,9,74.00,9,72.00,8
2026-09-02 11:46:47,70.25,3,0,0,,70.10,9,74.95,9,65.70,9
2026-09-02 11:47:00,73.90,3,0,0,,75.35,9,71.10,9,75.25,9
2026-09-02 11:47:14,71.28,3,0,0,,75.30,9,71.10,9,67.45,9
2026-09-02 11:47:28,70.32,3,0,0,,71.65,9,70.95,9,68.35,9
2026-09-02 11:47:41,77.95,3,0,0,,79.25,9,76.20,9,78.40,9
2026-09-02 11:47:55,75.08,3,0,0,,79.90,9,74.95,9,70.40,9
2026-09-02 11:48:09,75.17,3,0,0,,79.15,9,70.85,9,75.50,9
2026-09-02 11:48:24,72.27,3,0,0,,70.15,9,75.25,9,71.40,8
2026-09-02 11:48:37,72.15,3,0,0,,72.15,9,71.10,9,73.20,8
2026-09-02 11:48:51,75.05,3,0,0,,79.35,9,78.85,9,66.95,8
2026-09-02 11:49:04,71.53,3,0,0,,73.90,9,74.95,9,65.75,8
2026-09-02 11:49:18,72.95,3,0,0,,78.75,9,75.10,9,65.00,8
2026-09-02 11:49:32,68.57,3,0,0,,75.40,9,69.90,9,60.40,8
2026-09-02 11:49:46,67.55,3,0,0,,71.90,9,72.20,9,58.55,7
2026-09-02 11:49:59,70.80,3,0,0,,71.80,9,79.20,9,61.40,7
2026-09-02 11:50:13,72.63,3,0,0,,71.30,9,79.75,9,66.85,7
2026-09-02 11:50:27,71.55,3,0,0,,77.40,9,79.15,9,58.10,7
2026-09-02 11:50:41,67.52,3,0,0,,75.25,9,75.00,9,52.30,7
2026-09-02 11:50:54,65.20,3,0,0,,71.15,9,72.45,9,52.00,6
2026-09-02 11:51:08,71.53,3,0,0,,75.25,9,79.30,9,60.05,6
2026-09-02 11:51:22,66.35,3,0,0,,71.40,9,76.85,9,50.80,6
2026-09-02 11:51:36,71.02,3,0,0,,79.30,9,79.65,9,54.10,6
2026-09-02 11:51:50,66.52,3,0,0,,75.25,9,70.95,9,53.35,6
2026-09-02 11:52:04,67.28,3,0,0,,75.35,9,74.15,9,52.35,5
2026-09-02 11:52:17,66.92,3,0,0,,75.25,9,76.65,9,48.85,5
2026-09-02 11:52:30,63.75,3,0,0,,71.35,9,74.00,9,45.90,5
2026-09-02 11:52:44,66.98,3,0,0,,74.60,9,79.65,9,46.70,5
2026-09-02 11:52:58,67.82,3,0,0,,79.70,9,70.75,9,53.00,5
2026-09-02 11:53:11,63.28,3,0,0,,74.40,9,73.45,9,42.00,4
2026-09-02 11:53:24,62.95,3,0,0,,79.70,9,71.00,9,38.15,4
2026-09-02 11:53:38,63.00,3,0,0,,70.15,9,72.90,9,45.95,4
2026-09-02 11:53:51,65.68,3,0,0,,71.55,9,79.25,9,46.25,4
2026-09-02 11:54:05,61.30,3,0,0,,71.25,9,75.05,9,37.60,4
2026-09-02 11:54:19,58.57,3,0,0,,71.20,9,70.05,9,34.45,3
2026-09-02 11:54:33,63.35,3,0,0,,76.70,9,75.15,9,38.20,3
2026-09-02 11:54:46,62.48,3,0,0,,80.00,9,72.25,9,35.20,3
2026-09-02 11:54:59,62.12,3,0,0,,75.40,9,78.45,9,32.50,3
2026-09-02 11:55:13,65.07,3,0,0,,80.15,9,75.05,9,40.00,3
2026-09-02 11:55:27,58.17,3,0,0,,70.65,9,79.45,9,24.40,2
2026-09-02 11:55:40,58.72,3,0,0,,73.35,9,75.00,9,27.80,2
2026-09-02 11:55:56,59.07,3,0,0,,79.75,9,73.30,9,24.15,2
2026-09-02 11:56:09,60.08,3,0,0,,75.25,9,74.95,9,30.05,2
2026-09-02 11:56:23,62.70,3,0,0,,80.05,9,79.55,9,28.50,2
2026-09-02 11:56:37,56.65,3,0,0,,71.20,9,79.80,9,18.95,1
2026-09-02 11:56:50,56.92,3,0,0,,73.70,9,70.95,9,26.10,1
2026-09-02 11:57:04,56.42,3,0,0,,77.45,9,74.10,9,17.70,1
2026-09-02 11:57:17,59.38,3,0,0,,73.80,9,78.60,9,25.75,1
2026-09-02 11:57:31,57.25,3,0,0,,79.75,9,74.30,9,17.70,1
2026-09-02 11:57:46,54.93,3,0,0,,71.20,9,75.00,9,18.60,1
2026-09-02 11:57:58,48.08,2,1,0,,73.25,9,71.00,9,0.00,0
2026-09-02 11:58:15,48.27,2,1,0,,71.20,9,73.60,9,0.00,0
2026-09-02 11:58:28,79.55,2,0,1,,80.05,9,79.05,9,0.00,0
2026-09-02 11:58:40,73.00,2,0,1,,70.95,9,75.05,9,0.00,0
2026-09-02 11:58:53,70.12,2,0,1,,73.45,9,66.80,9,0.00,0
2026-09-02 11:59:06,73.80,2,0,1,,76.75,9,70.85,8,0.00,0
2026-09-02 11:59:19,72.72,2,0,1,,73.05,9,72.40,8,0.00,0
2026-09-02 11:59:31,75.70,2,0,1,,79.15,9,72.25,8,0.00,0
2026-09-02 11:59:44,71.83,2,0,1,,75.25,9,68.40,8,0.00,0
2026-09-02 11:59:57,68.55,2,0,1,,71.25,9,65.85,8,0.00,0
2026-09-02 12:00:10,67.40,2,0,1,,71.15,9,63.65,7,0.00,0
2026-09-02 12:00:23,66.10,2,0,1,,71.20,9,61.00,7,0.00,0
2026-09-02 12:00:35,69.60,2,0,1,,73.05,9,66.15,7,0.00,0
2026-09-02 12:00:48,68.17,2,0,1,,79.30,9,57.05,7,0.00,0
2026-09-02 12:01:00,67.67,2,0,1,,75.25,9,60.10,7,0.00,0
2026-09-02 12:01:13,72.78,2,0,1,,79.55,9,66.00,7,0.00,0
2026-09-02 12:01:26,67.05,2,0,1,,79.85,9,54.25,6,0.00,0
2026-09-02 12:01:38,67.50,2,0,1,,75.25,9,59.75,6,0.00,0
2026-09-02 12:01:51,61.12,2,0,1,,71.35,9,50.90,6,0.00,0
2026-09-02 12:02:04,64.78,2,0,1,,73.20,9,56.35,6,0.00,0
2026-09-02 12:02:16,65.58,2,0,1,,71.45,9,59.70,6,0.00,0
2026-09-02 12:02:28,62.75,2,0,1,,73.15,9,52.35,5,0.00,0
2026-09-02 12:02:41,62.80,2,0,1,,77.35,9,48.25,5,0.00,0
2026-09-02 12:02:53,60.53,2,0,1,,75.20,9,45.85,5,0.00,0
2026-09-02 12:03:06,63.92,2,0,1,,75.35,9,52.50,5,0.00,0
2026-09-02 12:03:18,63.85,2,0,1,,79.40,9,48.30,5,0.00,0
2026-09-02 12:03:30,61.77,2,0,1,,75.25,9,48.30,5,0.00,0
2026-09-02 12:03:43,54.25,2,0,1,,71.05,9,37.45,4,0.00,0
2026-09-02 12:03:55,58.20,2,0,1,,72.50,9,43.90,4,0.00,0
2026-09-02 12:04:07,57.42,2,0,1,,73.45,9,41.40,4,0.00,0
2026-09-02 12:04:20,54.05,2,0,1,,71.25,9,36.85,4,0.00,0
2026-09-02 12:04:32,56.95,2,0,1,,74.10,9,39.80,4,0.00,0
2026-09-02 12:04:44,58.93,2,0,1,,79.10,9,38.75,4,0.00,0
2026-09-02 12:04:56,57.40,2,0,1,,80.05,9,34.75,3,0.00,0
2026-09-02 12:05:09,55.75,2,0,1,,80.15,9,31.35,3,0.00,0
2026-09-02 12:05:21,57.08,2,0,1,,79.20,9,34.95,3,0.00,0
2026-09-02 12:05:34,55.00,2,0,1,,75.25,9,34.75,3,0.00,0
2026-09-02 12:05:47,51.17,2,0,1,,71.25,9,31.10,3,0.00,0
2026-09-02 12:05:59,52.35,2,0,1,,74.20,9,30.50,2,0.00,0
2026-09-02 12:06:12,50.65,2,0,1,,73.15,9,28.15,2,0.00,0
2026-09-02 12:06:24,47.73,2,0,1,,71.25,9,24.20,2,0.00,0
2026-09-02 12:06:36,52.90,2,0,1,,74.15,9,31.65,2,0.00,0
2026-09-02 12:06:49,53.77,2,0,1,,79.25,9,28.30,2,0.00,0
2026-09-02 12:07:01,50.90,2,0,1,,75.20,9,26.60,2,0.00,0
2026-09-02 12:07:14,50.58,2,0,1,,75.30,9,25.85,1,0.00,0
2026-09-02 12:07:26,47.90,2,0,1,,79.55,9,16.25,1,0.00,0
2026-09-02 12:07:38,47.77,2,0,1,,75.25,9,20.30,1,0.00,0
2026-09-02 12:07:50,46.27,2,0,1,,71.20,9,21.35,1,0.00,0
2026-09-02 12:08:03,45.60,2,0,1,,73.10,9,18.10,1,0.00,0
2026-09-02 12:08:15,45.28,1,1,1,,71.65,9,18.90,0,0.00,0
2026-09-02 12:08:26,35.60,1,1,1,,71.20,9,0.00,0,0.00,0
2026-09-02 12:08:43,36.10,1,1,1,,72.20,9,0.00,0,0.00,0
2026-09-02 12:08:54,71.05,1,0,2,,71.05,9,0.00,0,0.00,0
2026-09-02 12:09:05,72.95,1,0,2,,72.95,9,0.00,0,0.00,0
2026-09-02 12:09:17,71.40,1,0,2,,71.40,9,0.00,0,0.00,0
2026-09-02 12:09:29,68.65,1,0,2,,68.65,8,0.00,0,0.00,0
2026-09-02 12:09:40,64.60,1,0,2,,64.60,8,0.00,0,0.00,0
2026-09-02 12:09:52,66.10,1,0,2,,66.10,8,0.00,0,0.00,0
2026-09-02 12:10:03,70.35,1,0,2,,70.35,8,0.00,0,0.00,0
2026-09-02 12:10:15,70.50,1,0,2,,70.50,8,0.00,0,0.00,0
2026-09-02 12:10:27,66.70,1,0,2,,66.70,8,0.00,0,0.00,0
2026-09-02 12:10:38,63.80,1,0,2,,63.80,7,0.00,0,0.00,0
2026-09-02 12:10:50,66.55,1,0,2,,66.55,7,0.00,0,0.00,0
2026-09-02 12:11:01,62.00,1,0,2,,62.00,7,0.00,0,0.00,0
2026-09-02 12:11:13,57.85,1,0,2,,57.85,7,0.00,0,0.00,0
2026-09-02 12:11:24,61.95,1,0,2,,61.95,7,0.00,0,0.00,0
2026-09-02 12:11:36,58.00,1,0,2,,58.00,7,0.00,0,0.00,0
2026-09-02 12:11:47,53.50,1,0,2,,53.50,6,0.00,0,0.00,0
2026-09-02 12:11:59,57.40,1,0,2,,57.40,6,0.00,0,0.00,0
2026-09-02 12:12:10,55.20,1,0,2,,55.20,6,0.00,0,0.00,0
2026-09-02 12:12:22,59.20,1,0,2,,59.20,6,0.00,0,0.00,0
2026-09-02 12:12:33,55.20,1,0,2,,55.20,6,0.00,0,0.00,0
2026-09-02 12:12:45,51.20,1,0,2,,51.20,6,0.00,0,0.00,0
2026-09-02 12:12:56,45.10,1,0,2,,45.10,5,0.00,0,0.00,0
2026-09-02 12:13:08,50.45,1,0,2,,50.45,5,0.00,0,0.00,0
2026-09-02 12:13:19,47.35,1,0,2,,47.35,5,0.00,0,0.00,0
2026-09-02 12:13:30,52.70,1,0,2,,52.70,5,0.00,0,0.00,0
2026-09-02 12:13:41,48.60,1,0,2,,48.60,5,0.00,0,0.00,0
2026-09-02 12:13:53,44.65,1,0,2,,44.65,5,0.00,0,0.00,0
2026-09-02 12:14:05,39.75,1,0,2,,39.75,4,0.00,0,0.00,0
2026-09-02 12:14:16,41.15,1,0,2,,41.15,4,0.00,0,0.00,0
2026-09-02 12:14:28,45.80,1,0,2,,45.80,4,0.00,0,0.00,0
2026-09-02 12:14:39,41.90,1,0,2,,41.90,4,0.00,0,0.00,0
2026-09-02 12:14:50,37.90,1,0,2,,37.90,4,0.00,0,0.00,0
2026-09-02 12:15:02,40.75,1,0,2,,40.75,4,0.00,0,0.00,0
2026-09-02 12:15:13,37.45,1,0,2,,37.45,3,0.00,0,0.00,0
2026-09-02 12:15:24,39.55,1,0,2,,39.55,3,0.00,0,0.00,0
2026-09-02 12:15:36,35.25,1,0,2,,35.25,3,0.00,0,0.00,0
2026-09-02 12:15:47,31.80,1,0,2,,31.80,3,0.00,0,0.00,0
2026-09-02 12:15:58,37.05,1,0,2,,37.05,3,0.00,0,0.00,0
2026-09-02 12:16:10,35.15,1,0,2,,35.15,3,0.00,0,0.00,0
2026-09-02 12:16:21,33.40,1,0,2,,33.40,2,0.00,0,0.00,0
2026-09-02 12:16:32,24.55,1,0,2,,24.55,2,0.00,0,0.00,0
2026-09-02 12:16:44,27.65,1,0,2,,27.65,2,0.00,0,0.00,0
2026-09-02 12:16:55,33.15,1,0,2,,33.15,2,0.00,0,0.00,0
2026-09-02 12:17:06,28.70,1,0,2,,28.70,2,0.00,0,0.00,0
2026-09-02 12:17:17,24.55,1,0,2,,24.55,2,0.00,0,0.00,0
2026-09-02 12:17:29,20.00,1,0,2,,20.00,1,0.00,0,0.00,0
2026-09-02 12:17:40,26.00,1,0,2,,26.00,1,0.00,0,0.00,0
2026-09-02 12:17:51,21.85,1,0,2,,21.85,1,0.00,0,0.00,0
2026-09-02 12:18:02,18.35,1,0,2,,18.35,1,0.00,0,0.00,0
2026-09-02 12:18:14,25.65,1,0,2,,25.65,1,0.00,0,0.00,0
2026-09-02 12:18:25,26.55,1,0,2,,26.55,1,0.00,0,0.00,0
2026-09-02 12:18:36,15.05,1,0,2,,15.05,1,0.00,0,0.00,0
2026-09-02 12:18:47,13.85,0,1,2,,13.85,0,0.00,0,0.00,0
2026-09-02 12:18:58,15.00,0,1,2,,15.00,0,0.00,0,0.00,0
2026-09-02 12:19:09,12.15,0,1,2,,12.15,0,0.00,0,0.00,0
2026-09-02 12:19:20,19.70,0,1,2,,19.70,0,0.00,0,0.00,0
2026-09-02 12:19:31,11.55,0,1,2,,11.55,0,0.00,0,0.00,0
2026-09-02 12:19:43,19.35,0,1,2,,19.35,0,0.00,0,0.00,0
2026-09-02 12:19:54,11.00,0,1,2,,11.00,0,0.00,0,0.00,0
2026-09-02 12:20:05,19.15,0,1,2,,19.15,0,0.00,0,0.00,0
2026-09-02 12:20:17,11.00,0,1,2,,11.00,0,0.00,0,0.00,0
2026-09-02 12:20:29,13.50,1,0,2,,13.50,1,0.00,0,0.00,0
2026-09-02 12:20:40,20.90,1,0,2,,20.90,1,0.00,0,0.00,0
2026-09-02 12:20:52,26.40,1,0,2,,26.40,1,0.00,0,0.00,0
2026-09-02 12:21:03,21.50,1,0,2,,21.50,1,0.00,0,0.00,0
2026-09-02 12:21:15,26.00,1,0,2,,26.00,1,0.00,0,0.00,0
2026-09-02 12:21:26,26.65,1,0,2,,26.65,1,0.00,0,0.00,0
2026-09-02 12:21:39,29.30,1,0,2,,29.30,2,0.00,0,0.00,0
2026-09-02 12:21:50,28.15,1,0,2,,28.15,2,0.00,0,0.00,0
2026-09-02 12:22:01,24.45,1,0,2,,24.45,2,0.00,0,0.00,0
2026-09-02 12:22:13,28.75,1,0,2,,28.75,2,0.00,0,0.00,0
2026-09-02 12:22:24,32.45,1,0,2,,32.45,2,0.00,0,0.00,0
2026-09-02 12:22:36,25.35,1,0,2,,25.35,2,0.00,0,0.00,0
2026-09-02 12:22:48,28.40,1,0,2,,28.40,3,0.00,0,0.00,0
2026-09-02 12:23:00,27.50,1,0,2,,27.50,3,0.00,0,0.00,0
2026-09-02 12:23:11,34.25,1,0,2,,34.25,3,0.00,0,0.00,0
2026-09-02 12:23:23,37.70,1,0,2,,37.70,3,0.00,0,0.00,0
2026-09-02 12:23:34,31.55,1,0,2,,31.55,3,0.00,0,0.00,0
2026-09-02 12:23:45,35.55,1,0,2,,35.55,3,0.00,0,0.00,0
2026-09-02 12:23:57,39.45,1,0,2,,39.45,3,0.00,0,0.00,0
2026-09-02 12:24:09,35.50,1,0,2,,35.50,4,0.00,0,0.00,0
2026-09-02 12:24:20,40.20,1,0,2,,40.20,4,0.00,0,0.00,0
2026-09-02 12:24:32,43.45,1,0,2,,43.45,4,0.00,0,0.00,0
2026-09-02 12:24:43,38.65,1,0,2,,38.65,4,0.00,0,0.00,0
2026-09-02 12:24:55,42.55,1,0,2,,42.55,4,0.00,0,0.00,0
2026-09-02 12:25:06,46.85,1,0,2,,46.85,4,0.00,0,0.00,0
2026-09-02 12:25:18,38.50,1,0,2,,38.50,4,0.00,0,0.00,0
2026-09-02 12:25:33,44.85,1,0,2,,44.85,5,0.00,0,0.00,0
2026-09-02 12:25:44,51.05,1,0,2,,51.05,5,0.00,0,0.00,0
2026-09-02 12:25:56,46.65,1,0,2,,46.65,5,0.00,0,0.00,0
2026-09-02 12:26:08,45.30,1,0,2,,45.30,5,0.00,0,0.00,0
2026-09-02 12:26:20,49.35,1,0,2,,49.35,5,0.00,0,0.00,0
2026-09-02 12:26:33,51.00,1,0,2,,51.00,5,0.00,0,0.00,0
2026-09-02 12:26:45,46.95,1,0,2,,46.95,6,0.00,0,0.00,0
2026-09-02 12:26:57,57.50,1,0,2,,57.50,6,0.00,0,0.00,0
2026-09-02 12:27:09,53.30,1,0,2,,53.30,6,0.00,0,0.00,0
2026-09-02 12:27:20,55.75,1,0,2,,55.75,6,0.00,0,0.00,0
2026-09-02 12:27:32,54.70,1,0,2,,54.70,6,0.00,0,0.00,0
2026-09-02 12:27:44,60.75,1,0,2,,60.75,6,0.00,0,0.00,0
2026-09-02 12:27:56,53.25,1,0,2,,53.25,7,0.00,0,0.00,0
2026-09-02 12:28:08,62.75,1,0,2,,62.75,7,0.00,0,0.00,0
2026-09-02 12:28:19,55.80,1,0,2,,55.80,7,0.00,0,0.00,0
2026-09-02 12:28:31,64.20,1,0,2,,64.20,7,0.00,0,0.00,0
2026-09-02 12:28:42,56.05,1,0,2,,56.05,7,0.00,0,0.00,0
2026-09-02 12:28:54,63.25,1,0,2,,63.25,7,0.00,0,0.00,0
2026-09-02 12:29:06,58.55,1,0,2,,58.55,7,0.00,0,0.00,0
2026-09-02 12:29:18,66.55,1,0,2,,66.55,8,0.00,0,0.00,0
2026-09-02 12:29:30,65.05,1,0,2,,65.05,8,0.00,0,0.00,0
2026-09-02 12:29:41,63.45,1,0,2,,63.45,8,0.00,0,0.00,0
2026-09-02 12:29:53,71.15,1,0,2,,71.15,8,0.00,0,0.00,0
2026-09-02 12:30:04,66.15,1,0,2,,66.15,8,0.00,0,0.00,0
2026-09-02 12:30:16,63.85,1,0,2,,63.85,8,0.00,0,0.00,0
2026-09-02 12:30:28,68.85,1,0,2,,68.85,9,0.00,0,0.00,0
2026-09-02 12:30:39,67.80,1,0,2,,67.80,9,0.00,0,0.00,0
2026-09-02 12:30:51,76.40,1,0,2,,76.40,9,0.00,0,0.00,0
2026-09-02 12:31:02,69.90,1,0,2,,69.90,9,0.00,0,0.00,0
2026-09-02 12:31:14,73.90,1,0,2,,73.90,9,0.00,0,0.00,0
2026-09-02 12:31:27,47.83,1,1,1,,79.10,9,16.55,0,0.00,0
2026-09-02 12:31:40,41.00,1,1,1,,71.40,9,10.60,0,0.00,0
2026-09-02 12:31:53,47.00,2,0,1,,80.80,9,13.20,1,0.00,0
2026-09-02 12:32:06,49.05,2,0,1,,78.05,9,20.05,1,0.00,0
2026-09-02 12:32:20,49.88,2,0,1,,74.35,9,25.40,1,0.00,0
2026-09-02 12:32:32,45.73,2,0,1,,72.00,9,19.45,1,0.00,0
2026-09-02 12:32:45,52.95,2,0,1,,80.60,9,25.30,1,0.00,0
2026-09-02 12:32:58,47.47,2,0,1,,73.80,9,21.15,1,0.00,0
2026-09-02 12:33:11,49.58,2,0,1,,72.00,9,27.15,2,0.00,0
2026-09-02 12:33:24,47.45,2,0,1,,71.95,9,22.95,2,0.00,0
2026-09-02 12:33:37,50.10,2,0,1,,72.05,9,28.15,2,0.00,0
2026-09-02 12:33:50,56.70,2,0,1,,80.40,9,33.00,2,0.00,0
2026-09-02 12:34:03,54.17,2,0,1,,78.15,9,30.20,2,0.00,0
2026-09-02 12:34:16,51.02,2,0,1,,75.95,9,26.10,3,0.00,0
2026-09-02 12:34:29,49.23,2,0,1,,71.95,9,26.50,3,0.00,0
2026-09-02 12:34:43,52.80,2,0,1,,72.40,9,33.20,3,0.00,0
2026-09-02 12:34:57,53.75,2,0,1,,72.45,9,35.05,3,0.00,0
2026-09-02 12:35:09,59.55,2,0,1,,80.15,9,38.95,3,0.00,0
2026-09-02 12:35:22,53.50,2,0,1,,76.00,9,31.00,3,0.00,0
2026-09-02 12:35:34,52.95,2,0,1,,71.00,9,34.90,4,0.00,0
2026-09-02 12:35:47,58.62,2,0,1,,76.05,9,41.20,4,0.00,0
2026-09-02 12:36:00,56.47,2,0,1,,76.05,9,36.90,4,0.00,0
2026-09-02 12:36:12,54.12,2,0,1,,72.60,9,35.65,4,0.00,0
2026-09-02 12:36:25,61.85,2,0,1,,77.70,9,46.00,4,0.00,0
2026-09-02 12:36:38,61.48,2,0,1,,80.15,9,42.80,4,0.00,0
2026-09-02 12:36:50,56.05,2,0,1,,74.40,9,37.70,5,0.00,0
2026-09-02 12:37:02,61.88,2,0,1,,79.90,9,43.85,5,0.00,0
2026-09-02 12:37:15,59.77,2,0,1,,76.00,9,43.55,5,0.00,0
2026-09-02 12:37:27,56.45,2,0,1,,71.65,9,41.25,5,0.00,0
2026-09-02 12:37:40,59.85,2,0,1,,71.40,9,48.30,5,0.00,0
2026-09-02 12:37:53,64.25,2,0,1,,76.00,9,52.50,5,0.00,0
2026-09-02 12:38:05,59.23,2,0,1,,72.00,9,46.45,6,0.00,0
2026-09-02 12:38:17,62.95,2,0,1,,75.45,9,50.45,6,0.00,0
2026-09-02 12:38:30,64.38,2,0,1,,80.25,9,48.50,6,0.00,0
2026-09-02 12:38:42,64.08,2,0,1,,80.30,9,47.85,6,0.00,0
2026-09-02 12:38:54,63.25,2,0,1,,73.65,9,52.85,6,0.00,0
2026-09-02 12:39:08,69.80,2,0,1,,80.45,9,59.15,6,0.00,0
2026-09-02 12:39:20,63.65,2,0,1,,76.00,9,51.30,7,0.00,0
2026-09-02 12:39:33,65.85,2,0,1,,71.95,9,59.75,7,0.00,0
2026-09-02 12:39:46,65.90,2,0,1,,76.05,9,55.75,7,0.00,0
2026-09-02 12:39:58,64.75,2,0,1,,75.95,9,53.55,7,0.00,0
2026-09-02 12:40:10,65.65,2,0,1,,71.70,9,59.60,7,0.00,0
2026-09-02 12:40:23,66.42,2,0,1,,73.65,9,59.20,7,0.00,0
2026-09-02 12:40:36,70.50,2,0,1,,78.90,9,62.10,8,0.00,0
2026-09-02 12:40:48,70.05,2,0,1,,74.00,9,66.10,8,0.00,0
2026-09-02 12:41:00,67.83,2,0,1,,74.25,9,61.40,8,0.00,0
2026-09-02 12:41:13,72.93,2,0,1,,80.10,9,65.75,8,0.00,0
2026-09-02 12:41:25,72.03,2,0,1,,75.95,9,68.10,8,0.00,0
2026-09-02 12:41:38,67.30,2,0,1,,71.90,9,62.70,8,0.00,0
2026-09-02 12:41:51,72.17,2,0,1,,76.10,9,68.25,8,0.00,0
2026-09-02 12:42:04,73.07,2,0,1,,76.05,9,70.10,9,0.00,0
2026-09-02 12:42:17,69.12,2,0,1,,72.00,9,66.25,9,0.00,0
2026-09-02 12:42:30,75.10,2,0,1,,74.80,9,75.40,9,0.00,0
2026-09-02 12:42:43,55.17,2,1,0,,77.45,9,68.90,9,19.15,0
2026-09-02 12:42:56,53.28,2,1,0,,73.25,9,73.70,9,12.90,0
2026-09-02 12:43:10,55.45,3,0,0,,77.25,9,74.25,9,14.85,1
2026-09-02 12:43:24,58.82,3,0,0,,79.05,9,74.15,9,23.25,1
2026-09-02 12:43:38,55.50,3,0,0,,71.95,9,75.50,9,19.05,1
2026-09-02 12:43:52,56.32,3,0,0,,71.85,9,79.85,9,17.25,1
2026-09-02 12:44:05,56.45,3,0,0,,71.95,9,79.80,9,17.60,1
2026-09-02 12:44:20,60.60,3,0,0,,77.30,9,79.20,9,25.30,1
2026-09-02 12:44:34,57.58,3,0,0,,75.95,9,71.25,9,25.55,2
2026-09-02 12:44:47,56.30,3,0,0,,76.15,9,71.15,9,21.60,2
2026-09-02 12:45:00,59.77,3,0,0,,80.95,9,71.30,9,27.05,2
2026-09-02 12:45:14,58.13,3,0,0,,71.00,9,71.05,9,32.35,2
2026-09-02 12:45:28,59.83,3,0,0,,74.50,9,75.25,9,29.75,2
2026-09-02 12:45:43,59.18,3,0,0,,80.70,9,71.15,9,25.70,3
2026-09-02 12:45:57,60.80,3,0,0,,79.90,9,76.15,9,26.35,3
2026-09-02 12:46:10,62.80,3,0,0,,80.75,9,75.20,9,32.45,3
2026-09-02 12:46:25,61.95,3,0,0,,71.80,9,75.40,9,38.65,3
2026-09-02 12:46:38,61.07,3,0,0,,74.95,9,75.20,9,33.05,3
2026-09-02 12:46:52,59.68,3,0,0,,75.50,9,73.10,9,30.45,3
2026-09-02 12:47:06,64.32,3,0,0,,73.85,9,79.40,9,39.70,4
2026-09-02 12:47:19,64.77,3,0,0,,80.30,9,75.30,9,38.70,4
2026-09-02 12:47:33,61.77,3,0,0,,76.05,9,75.30,9,33.95,4
2026-09-02 12:47:47,61.07,3,0,0,,72.30,9,71.15,9,39.75,4
2026-09-02 12:48:01,64.73,3,0,0,,72.15,9,76.70,9,45.35,4
2026-09-02 12:48:17,63.10,3,0,0,,75.35,9,70.90,9,43.05,5
2026-09-02 12:48:31,65.27,3,0,0,,80.80,9,75.40,9,39.60,5
2026-09-02 12:48:45,63.90,3,0,0,,71.95,9,71.15,9,48.60,5
2026-09-02 12:48:58,65.83,3,0,0,,76.15,9,77.25,9,44.10,5
2026-09-02 12:49:12,63.48,3,0,0,,72.00,9,75.20,9,43.25,5
2026-09-02 12:49:26,62.93,3,0,0,,75.50,9,70.15,9,43.15,5
2026-09-02 12:49:41,67.95,3,0,0,,75.95,9,75.30,9,52.60,6
2026-09-02 12:49:54,65.55,3,0,0,,76.20,9,74.05,9,46.40,6
2026-09-02 12:50:08,68.78,3,0,0,,75.95,9,79.85,9,50.55,6
2026-09-02 12:50:22,66.90,3,0,0,,72.20,9,71.30,9,57.20,6
2026-09-02 12:50:37,68.53,3,0,0,,78.10,9,70.40,9,57.10,6
2026-09-02 12:50:51,66.25,3,0,0,,76.10,9,72.75,9,49.90,7
2026-09-02 12:51:04,73.70,3,0,0,,80.55,9,79.75,9,60.80,7
2026-09-02 12:51:18,67.63,3,0,0,,76.00,9,70.85,9,56.05,7
2026-09-02 12:51:32,66.03,3,0,0,,73.25,9,71.20,9,53.65,7
2026-09-02 12:51:46,70.18,3,0,0,,80.20,9,71.20,9,59.15,7
2026-09-02 12:52:00,72.30,3,0,0,,80.25,9,78.70,9,57.95,7
2026-09-02 12:52:14,72.58,3,0,0,,80.25,9,75.20,9,62.30,8
2026-09-02 12:52:27,73.23,3,0,0,,76.00,9,75.40,9,68.30,8
2026-09-02 12:52:41,70.20,3,0,0,,72.90,9,75.20,9,62.50,8
2026-09-02 12:52:56,72.35,3,0,0,,77.50,9,73.55,9,66.00,8
2026-09-02 12:53:09,74.63,3,0,0,,73.65,9,79.85,9,70.40,8
2026-09-02 12:53:23,72.17,3,0,0,,80.10,9,70.75,9,65.65,9
2026-09-02 12:53:39,73.92,3,0,0,,76.00,9,75.40,9,70.35,9
2026-09-02 12:53:53,73.18,3,0,0,,74.60,9,72.40,9,72.55,9
2026-09-02 12:54:07,72.90,3,0,0,,72.35,9,79.85,9,66.50,9
2026-09-02 12:54:21,73.45,3,0,0,,77.60,9,71.05,9,71.70,9
2026-09-02 12:54:36,74.80,3,0,0,,75.95,9,70.95,9,77.50,9
2026-09-02 12:54:49,71.32,3,0,0,,72.15,9,71.30,9,70.50,9
2026-09-02 12:55:04,75.18,3,0,0,,71.60,9,79.30,9,74.65,9
2026-09-02 12:55:17,72.32,3,0,0,,72.00,9,75.25,9,69.70,8
2026-09-02 12:55:31,73.07,3,0,0,,77.85,9,71.20,9,70.15,8
2026-09-02 12:55:45,71.17,3,0,0,,76.05,9,71.00,9,66.45,8
2026-09-02 12:55:59,71.53,3,0,0,,76.10,9,73.80,9,64.70,8
2026-09-02 12:56:13,71.70,3,0,0,,75.95,9,75.20,9,63.95,8
2026-09-02 12:56:27,67.10,3,0,0,,72.15,9,71.30,9,57.85,7
2026-09-02 12:56:41,71.03,3,0,0,,77.55,9,75.35,9,60.20,7
2026-09-02 12:56:54,68.85,3,0,0,,76.10,9,71.25,9,59.20,7
2026-09-02 12:57:08,74.20,3,0,0,,79.85,9,77.25,9,65.50,7
2026-09-02 12:57:22,70.95,3,0,0,,76.05,9,75.30,9,61.50,7
2026-09-02 12:57:35,66.05,3,0,0,,72.00,9,75.35,9,50.80,6
2026-09-02 12:57:49,66.42,3,0,0,,74.35,9,75.25,9,49.65,6
2026-09-02 12:58:02,65.90,3,0,0,,73.90,9,71.35,9,52.45,6
2026-09-02 12:58:15,69.67,3,0,0,,72.20,9,77.90,9,58.90,6
2026-09-02 12:58:29,67.68,3,0,0,,78.10,9,75.30,9,49.65,6
2026-09-02 12:58:43,67.98,3,0,0,,80.80,9,79.65,9,43.50,5
2026-09-02 12:58:56,63.65,3,0,0,,71.60,9,75.25,9,44.10,5
2026-09-02 12:59:09,65.90,3,0,0,,76.10,9,71.40,9,50.20,5
2026-09-02 12:59:23,65.45,3,0,0,,70.90,9,77.40,9,48.05,5
2026-09-02 12:59:36,65.82,3,0,0,,73.70,9,79.55,9,44.20,5
2026-09-02 12:59:50,64.18,3,0,0,,78.35,9,77.25,9,36.95,5
2026-09-02 13:00:03,66.03,3,0,0,,80.25,9,75.20,9,42.65,4
2026-09-02 13:00:16,63.33,3,0,0,,77.40,9,71.30,9,41.30,4
2026-09-02 13:00:30,64.87,3,0,0,,80.80,9,76.50,9,37.30,4
2026-09-02 13:00:43,61.53,3,0,0,,71.75,9,73.25,9,39.60,4
2026-09-02 13:00:57,65.37,3,0,0,,73.50,9,77.20,9,45.40,4
2026-09-02 13:01:10,60.77,3,0,0,,72.35,9,75.25,9,34.70,3
2026-09-02 13:01:24,58.77,3,0,0,,73.25,9,71.25,9,31.80,3
2026-09-02 13:01:38,63.70,3,0,0,,80.10,9,71.65,9,39.35,3
2026-09-02 13:01:51,60.67,3,0,0,,76.00,9,71.30,9,34.70,3
2026-09-02 13:02:05,62.63,3,0,0,,76.20,9,79.15,9,32.55,3
2026-09-02 13:02:18,61.20,3,0,0,,75.95,9,75.25,9,32.40,2
2026-09-02 13:02:32,55.72,3,0,0,,71.95,9,71.30,9,23.90,2
2026-09-02 13:02:46,58.38,3,0,0,,77.50,9,70.95,9,26.70,2
2026-09-02 13:02:59,61.85,3,0,0,,80.60,9,72.20,9,32.75,2
2026-09-02 13:03:12,60.48,3,0,0,,78.10,9,79.20,9,24.15,2
2026-09-02 13:03:26,58.80,3,0,0,,80.30,9,75.25,9,20.85,1
2026-09-02 13:03:39,57.67,3,0,0,,76.15,9,75.45,9,21.40,1
2026-09-02 13:03:52,55.15,3,0,0,,72.10,9,75.25,9,18.10,1
2026-09-02 13:04:05,56.35,3,0,0,,72.15,9,71.25,9,25.65,1
2026-09-02 13:04:19,55.60,3,0,0,,72.00,9,77.40,9,17.40,1
2026-09-02 13:04:33,55.68,2,1,0,,74.95,9,75.30,9,16.80,0
2026-09-02 13:04:50,53.57,2,1,0,,80.70,9,80.00,9,0.00,0
2026-09-02 13:05:03,74.03,2,0,1,,74.00,9,74.05,9,0.00,0
2026-09-02 13:05:15,75.97,2,0,1,,72.05,9,79.90,9,0.00,0
2026-09-02 13:05:27,74.22,2,0,1,,77.30,9,71.15,9,0.00,0
2026-09-02 13:05:40,72.22,2,0,1,,79.55,9,64.90,9,0.00,0
2026-09-02 13:05:52,69.77,2,0,1,,75.95,9,63.60,8,0.00,0
2026-09-02 13:06:05,73.53,2,0,1,,80.80,9,66.25,8,0.00,0
2026-09-02 13:06:17,76.20,2,0,1,,79.95,9,72.45,8,0.00,0
2026-09-02 13:06:29,74.68,2,0,1,,80.80,9,68.55,8,0.00,0
2026-09-02 13:06:42,70.28,2,0,1,,71.85,9,68.70,8,0.00,0
2026-09-02 13:06:55,67.97,2,0,1,,74.10,9,61.85,7,0.00,0
2026-09-02 13:07:07,64.97,2,0,1,,72.10,9,57.85,7,0.00,0
2026-09-02 13:07:19,66.17,2,0,1,,71.95,9,60.40,7,0.00,0
2026-09-02 13:07:31,70.12,2,0,1,,73.70,9,66.55,7,0.00,0
2026-09-02 13:07:44,73.07,2,0,1,,79.85,9,66.30,7,0.00,0
2026-09-02 13:07:56,71.32,2,0,1,,75.95,9,66.70,7,0.00,0
2026-09-02 13:08:09,65.67,2,0,1,,80.55,9,50.80,6,0.00,0
2026-09-02 13:08:21,66.62,2,0,1,,80.10,9,53.15,6,0.00,0
2026-09-02 13:08:33,70.15,2,0,1,,80.75,9,59.55,6,0.00,0
2026-09-02 13:08:46,65.17,2,0,1,,71.10,9,59.25,6,0.00,0
2026-09-02 13:08:58,63.93,2,0,1,,72.65,9,55.20,6,0.00,0
2026-09-02 13:09:10,58.20,2,0,1,,72.05,9,44.35,5,0.00,0
2026-09-02 13:09:23,60.45,2,0,1,,71.70,9,49.20,5,0.00,0
2026-09-02 13:09:35,60.60,2,0,1,,72.80,9,48.40,5,0.00,0
2026-09-02 13:09:47,65.38,2,0,1,,77.55,9,53.20,5,0.00,0
2026-09-02 13:10:00,62.23,2,0,1,,80.50,9,43.95,5,0.00,0
2026-09-02 13:10:12,62.52,2,0,1,,77.75,9,47.30,5,0.00,0
2026-09-02 13:10:25,61.88,2,0,1,,77.65,9,46.10,4,0.00,0
2026-09-02 13:10:37,58.88,2,0,1,,80.50,9,37.25,4,0.00,0
2026-09-02 13:10:50,56.92,2,0,1,,76.15,9,37.70,4,0.00,0
2026-09-02 13:11:02,57.45,2,0,1,,72.25,9,42.65,4,0.00,0
2026-09-02 13:11:14,58.58,2,0,1,,70.85,9,46.30,4,0.00,0
2026-09-02 13:11:26,56.75,2,0,1,,76.05,9,37.45,4,0.00,0
2026-09-02 13:11:39,52.62,2,0,1,,72.00,9,33.25,3,0.00,0
2026-09-02 13:11:51,54.50,2,0,1,,74.55,9,34.45,3,0.00,0
2026-09-02 13:12:03,57.55,2,0,1,,80.10,9,35.00,3,0.00,0
2026-09-02 13:12:15,52.55,2,0,1,,73.95,9,31.15,3,0.00,0
2026-09-02 13:12:27,55.53,2,0,1,,73.95,9,37.10,3,0.00,0
2026-09-02 13:12:39,52.88,2,0,1,,77.35,9,28.40,3,0.00,0
2026-09-02 13:12:52,52.12,2,0,1,,80.65,9,23.60,2,0.00,0
2026-09-02 13:13:04,52.92,2,0,1,,76.15,9,29.70,2,0.00,0
2026-09-02 13:13:16,54.55,2,0,1,,80.70,9,28.40,2,0.00,0
2026-09-02 13:13:28,52.60,2,0,1,,80.60,9,24.60,2,0.00,0
2026-09-02 13:13:41,54.50,2,0,1,,76.05,9,32.95,2,0.00,0
2026-09-02 13:13:53,49.12,2,0,1,,72.00,9,26.25,1,0.00,0
2026-09-02 13:14:05,45.60,2,0,1,,73.75,9,17.45,1,0.00,0
2026-09-02 13:14:18,48.93,2,0,1,,71.85,9,26.00,1,0.00,0
2026-09-02 13:14:30,44.70,2,0,1,,72.05,9,17.35,1,0.00,0
2026-09-02 13:14:42,50.57,2,0,1,,75.65,9,25.50,1,0.00,0
2026-09-02 13:14:55,50.98,2,0,1,,80.50,9,21.45,1,0.00,0
2026-09-02 13:15:07,46.75,1,1,1,,80.85,9,12.65,0,0.00,0
2026-09-02 13:15:23,38.90,1,1,1,,77.80,9,0.00,0,0.00,0
2026-09-02 13:15:34,72.00,1,0,2,,72.00,9,0.00,0,0.00,0
2026-09-02 13:15:45,74.55,1,0,2,,74.55,9,0.00,0,0.00,0
2026-09-02 13:15:57,80.05,1,0,2,,80.05,9,0.00,0,0.00,0
2026-09-02 13:16:08,73.80,1,0,2,,73.80,9,0.00,0,0.00,0
2026-09-02 13:16:19,67.45,1,0,2,,67.45,8,0.00,0,0.00,0
2026-09-02 13:16:30,70.05,1,0,2,,70.05,8,0.00,0,0.00,0
2026-09-02 13:16:41,73.65,1,0,2,,73.65,8,0.00,0,0.00,0
2026-09-02 13:16:53,69.30,1,0,2,,69.30,8,0.00,0,0.00,0
2026-09-02 13:17:04,64.50,1,0,2,,64.50,8,0.00,0,0.00,0
2026-09-02 13:17:16,62.85,1,0,2,,62.85,8,0.00,0,0.00,0
2026-09-02 13:17:27,67.40,1,0,2,,67.40,7,0.00,0,0.00,0
2026-09-02 13:17:38,62.70,1,0,2,,62.70,7,0.00,0,0.00,0
2026-09-02 13:17:49,58.60,1,0,2,,58.60,7,0.00,0,0.00,0
2026-09-02 13:18:01,60.95,1,0,2,,60.95,7,0.00,0,0.00,0
2026-09-02 13:18:12,58.30,1,0,2,,58.30,7,0.00,0,0.00,0
2026-09-02 13:18:24,62.60,1,0,2,,62.60,7,0.00,0,0.00,0
2026-09-02 13:18:35,55.95,1,0,2,,55.95,6,0.00,0,0.00,0
2026-09-02 13:18:46,51.95,1,0,2,,51.95,6,0.00,0,0.00,0
2026-09-02 13:18:57,53.75,1,0,2,,53.75,6,0.00,0,0.00,0
2026-09-02 13:19:08,57.60,1,0,2,,57.60,6,0.00,0,0.00,0
2026-09-02 13:19:19,54.00,1,0,2,,54.00,6,0.00,0,0.00,0
2026-09-02 13:19:31,59.45,1,0,2,,59.45,6,0.00,0,0.00,0
2026-09-02 13:19:42,53.90,1,0,2,,53.90,5,0.00,0,0.00,0
2026-09-02 13:19:54,49.35,1,0,2,,49.35,5,0.00,0,0.00,0
2026-09-02 13:20:05,45.35,1,0,2,,45.35,5,0.00,0,0.00,0
2026-09-02 13:20:16,44.90,1,0,2,,44.90,5,0.00,0,0.00,0
2026-09-02 13:20:27,46.15,1,0,2,,46.15,5,0.00,0,0.00,0
2026-09-02 13:20:39,51.50,1,0,2,,51.50,5,0.00,0,0.00,0
2026-09-02 13:20:50,47.10,1,0,2,,47.10,4,0.00,0,0.00,0
2026-09-02 13:21:01,42.50,1,0,2,,42.50,4,0.00,0,0.00,0
2026-09-02 13:21:12,38.60,1,0,2,,38.60,4,0.00,0,0.00,0
2026-09-02 13:21:23,38.55,1,0,2,,38.55,4,0.00,0,0.00,0
2026-09-02 13:21:35,40.80,1,0,2,,40.80,4,0.00,0,0.00,0
2026-09-02 13:21:46,46.80,1,0,2,,46.80,4,0.00,0,0.00,0
2026-09-02 13:21:57,40.30,1,0,2,,40.30,3,0.00,0,0.00,0
2026-09-02 13:22:08,31.35,1,0,2,,31.35,3,0.00,0,0.00,0
2026-09-02 13:22:20,31.50,1,0,2,,31.50,3,0.00,0,0.00,0
2026-09-02 13:22:31,34.00,1,0,2,,34.00,3,0.00,0,0.00,0
2026-09-02 13:22:42,39.90,1,0,2,,39.90,3,0.00,0,0.00,0
2026-09-02 13:22:53,35.60,1,0,2,,35.60,3,0.00,0,0.00,0
2026-09-02 13:23:05,24.65,1,0,2,,24.65,2,0.00,0,0.00,0
2026-09-02 13:23:16,26.55,1,0,2,,26.55,2,0.00,0,0.00,0
2026-09-02 13:23:27,31.20,1,0,2,,31.20,2,0.00,0,0.00,0
2026-09-02 13:23:38,28.65,1,0,2,,28.65,2,0.00,0,0.00,0
2026-09-02 13:23:49,24.70,1,0,2,,24.70,2,0.00,0,0.00,0
2026-09-02 13:24:01,27.80,1,0,2,,27.80,2,0.00,0,0.00,0
2026-09-02 13:24:12,26.50,1,0,2,,26.50,2,0.00,0,0.00,0
2026-09-02 13:24:23,22.00,1,0,2,,22.00,1,0.00,0,0.00,0
2026-09-02 13:24:34,17.90,1,0,2,,17.90,1,0.00,0,0.00,0
2026-09-02 13:24:45,20.85,1,0,2,,20.85,1,0.00,0,0.00,0
2026-09-02 13:24:56,26.60,1,0,2,,26.60,1,0.00,0,0.00,0
2026-09-02 13:25:07,22.05,1,0,2,,22.05,1,0.00,0,0.00,0
2026-09-02 13:25:18,18.05,1,0,2,,18.05,1,0.00,0,0.00,0
2026-09-02 13:25:29,14.40,0,1,2,,14.40,0,0.00,0,0.00,0
2026-09-02 13:25:41,15.00,0,1,2,,15.00,0,0.00,0,0.00,0
2026-09-02 13:25:52,12.60,0,1,2,,12.60,0,0.00,0,0.00,0
2026-09-02 13:26:03,19.65,0,1,2,,19.65,0,0.00,0,0.00,0
2026-09-02 13:26:14,11.05,0,1,2,,11.05,0,0.00,0,0.00,0
2026-09-02 13:26:25,19.00,0,1,2,,19.00,0,0.00,0,0.00,0
2026-09-02 13:26:36,9.95,0,1,2,,9.95,0,0.00,0,0.00,0
2026-09-02 13:26:47,16.35,0,1,2,,16.35,0,0.00,0,0.00,0
2026-09-02 13:26:58,15.05,0,1,2,,15.05,0,0.00,0,0.00,0
2026-09-02 13:27:09,11.60,1,0,2,,11.60,1,0.00,0,0.00,0
2026-09-02 13:27:20,19.65,1,0,2,,19.65,1,0.00,0,0.00,0
2026-09-02 13:27:32,25.75,1,0,2,,25.75,1,0.00,0,0.00,0
2026-09-02 13:27:43,19.65,1,0,2,,19.65,1,0.00,0,0.00,0
2026-09-02 13:27:54,18.25,1,0,2,,18.25,1,0.00,0,0.00,0
2026-09-02 13:28:06,21.05,1,0,2,,21.05,1,0.00,0,0.00,0
2026-09-02 13:28:18,26.15,1,0,2,,26.15,1,0.00,0,0.00,0
2026-09-02 13:28:29,23.10,1,0,2,,23.10,2,0.00,0,0.00,0
2026-09-02 13:28:41,22.40,1,0,2,,22.40,2,0.00,0,0.00,0
2026-09-02 13:28:52,27.90,1,0,2,,27.90,2,0.00,0,0.00,0
2026-09-02 13:29:03,31.50,1,0,2,,31.50,2,0.00,0,0.00,0
2026-09-02 13:29:14,25.35,1,0,2,,25.35,2,0.00,0,0.00,0
2026-09-02 13:29:26,28.35,1,0,2,,28.35,2,0.00,0,0.00,0
2026-09-02 13:29:38,28.35,1,0,2,,28.35,3,0.00,0,0.00,0
2026-09-02 13:29:49,35.95,1,0,2,,35.95,3,0.00,0,0.00,0
2026-09-02 13:30:00,32.25,1,0,2,,32.25,3,0.00,0,0.00,0
2026-09-02 13:30:11,31.00,1,0,2,,31.00,3,0.00,0,0.00,0
2026-09-02 13:30:23,39.95,1,0,2,,39.95,3,0.00,0,0.00,0
2026-09-02 13:30:34,32.85,1,0,2,,32.85,3,0.00,0,0.00,0
2026-09-02 13:30:46,30.75,1,0,2,,30.75,3,0.00,0,0.00,0
2026-09-02 13:30:57,37.10,1,0,2,,37.10,4,0.00,0,0.00,0
2026-09-02 13:31:08,40.60,1,0,2,,40.60,4,0.00,0,0.00,0
2026-09-02 13:31:20,36.55,1,0,2,,36.55,4,0.00,0,0.00,0
2026-09-02 13:31:31,46.25,1,0,2,,46.25,4,0.00,0,0.00,0
2026-09-02 13:31:42,39.80,1,0,2,,39.80,4,0.00,0,0.00,0
2026-09-02 13:31:54,37.70,1,0,2,,37.70,4,0.00,0,0.00,0
2026-09-02 13:32:06,41.75,1,0,2,,41.75,4,0.00,0,0.00,0
2026-09-02 13:32:17,43.50,1,0,2,,43.50,5,0.00,0,0.00,0
2026-09-02 13:32:28,46.50,1,0,2,,46.50,5,0.00,0,0.00,0
2026-09-02 13:32:41,52.35,1,0,2,,52.35,5,0.00,0,0.00,0
2026-09-02 13:32:52,46.05,1,0,2,,46.05,5,0.00,0,0.00,0
2026-09-02 13:33:03,44.05,1,0,2,,44.05,5,0.00,0,0.00,0
2026-09-02 13:33:15,53.20,1,0,2,,53.20,5,0.00,0,0.00,0
2026-09-02 13:33:27,47.15,1,0,2,,47.15,6,0.00,0,0.00,0
2026-09-02 13:33:38,50.80,1,0,2,,50.80,6,0.00,0,0.00,0
2026-09-02 13:33:49,54.60,1,0,2,,54.60,6,0.00,0,0.00,0
2026-09-02 13:34:00,50.80,1,0,2,,50.80,6,0.00,0,0.00,0
2026-09-02 13:34:11,55.10,1,0,2,,55.10,6,0.00,0,0.00,0
2026-09-02 13:34:23,59.35,1,0,2,,59.35,6,0.00,0,0.00,0
2026-09-02 13:34:35,51.20,1,0,2,,51.20,6,0.00,0,0.00,0
2026-09-02 13:34:46,59.30,1,0,2,,59.30,7,0.00,0,0.00,0
2026-09-02 13:34:58,54.60,1,0,2,,54.60,7,0.00,0,0.00,0
2026-09-02 13:35:09,55.20,1,0,2,,55.20,7,0.00,0,0.00,0
2026-09-02 13:35:20,66.25,1,0,2,,66.25,7,0.00,0,0.00,0
2026-09-02 13:35:32,60.05,1,0,2,,60.05,7,0.00,0,0.00,0
2026-09-02 13:35:43,62.05,1,0,2,,62.05,7,0.00,0,0.00,0
2026-09-02 13:35:55,60.15,1,0,2,,60.15,8,0.00,0,0.00,0
2026-09-02 13:36:06,64.25,1,0,2,,64.25,8,0.00,0,0.00,0
2026-09-02 13:36:17,68.80,1,0,2,,68.80,8,0.00,0,0.00,0
2026-09-02 13:36:29,64.45,1,0,2,,64.45,8,0.00,0,0.00,0
2026-09-02 13:36:40,68.50,1,0,2,,68.50,8,0.00,0,0.00,0
2026-09-02 13:36:51,66.35,1,0,2,,66.35,8,0.00,0,0.00,0
2026-09-02 13:37:03,64.30,1,0,2,,64.30,8,0.00,0,0.00,0
2026-09-02 13:37:15,73.35,1,0,2,,73.35,9,0.00,0,0.00,0
2026-09-02 13:37:26,68.40,1,0,2,,68.40,9,0.00,0,0.00,0
2026-09-02 13:37:38,71.40,1,0,2,,71.40,9,0.00,0,0.00,0
2026-09-02 13:37:49,69.60,1,0,2,,69.60,9,0.00,0,0.00,0
2026-09-02 13:38:01,48.00,1,1,1,,79.45,9,16.55,0,0.00,0
2026-09-02 13:38:13,44.10,1,1,1,,77.85,9,10.35,0,0.00,0
2026-09-02 13:38:25,45.00,2,0,1,,73.30,9,16.70,1,0.00,0
2026-09-02 13:38:38,45.10,2,0,1,,75.80,9,14.40,1,0.00,0
2026-09-02 13:38:51,47.17,2,0,1,,73.95,9,20.40,1,0.00,0
2026-09-02 13:39:03,50.70,2,0,1,,75.85,9,25.55,1,0.00,0
2026-09-02 13:39:15,47.05,2,0,1,,71.45,9,22.65,1,0.00,0
2026-09-02 13:39:28,48.75,2,0,1,,71.75,9,25.75,1,0.00,0
2026-09-02 13:39:40,48.88,2,0,1,,76.00,9,21.75,2,0.00,0
2026-09-02 13:39:53,50.40,2,0,1,,75.20,9,25.60,2,0.00,0
2026-09-02 13:40:05,47.08,2,0,1,,71.80,9,22.35,2,0.00,0
2026-09-02 13:40:18,51.10,2,0,1,,74.10,9,28.10,2,0.00,0
2026-09-02 13:40:30,55.73,2,0,1,,80.15,9,31.30,2,0.00,0
2026-09-02 13:40:43,51.55,2,0,1,,77.30,9,25.80,2,0.00,0
2026-09-02 13:40:56,50.90,2,0,1,,77.45,9,24.35,3,0.00,0
2026-09-02 13:41:08,57.88,2,0,1,,80.35,9,35.40,3,0.00,0
2026-09-02 13:41:21,51.30,2,0,1,,70.70,9,31.90,3,0.00,0
2026-09-02 13:41:34,51.78,2,0,1,,72.70,9,30.85,3,0.00,0
2026-09-02 13:41:46,52.95,2,0,1,,71.00,9,34.90,3,0.00,0
2026-09-02 13:41:59,55.30,2,0,1,,71.80,9,38.80,3,0.00,0
2026-09-02 13:42:12,52.85,2,0,1,,74.65,9,31.05,3,0.00,0
2026-09-02 13:42:25,60.98,2,0,1,,80.10,9,41.85,4,0.00,0
2026-09-02 13:42:37,59.50,2,0,1,,75.90,9,43.10,4,0.00,0
2026-09-02 13:42:50,59.10,2,0,1,,80.10,9,38.10,4,0.00,0
2026-09-02 13:43:02,58.65,2,0,1,,75.75,9,41.55,4,0.00,0
2026-09-02 13:43:15,57.38,2,0,1,,71.30,9,43.45,4,0.00,0
2026-09-02 13:43:28,56.10,2,0,1,,73.70,9,38.50,5,0.00,0
2026-09-02 13:43:40,59.23,2,0,1,,74.55,9,43.90,5,0.00,0
2026-09-02 13:43:53,59.95,2,0,1,,71.85,9,48.05,5,0.00,0
2026-09-02 13:44:05,59.50,2,0,1,,76.70,9,42.30,5,0.00,0
2026-09-02 13:44:19,66.70,2,0,1,,80.50,9,52.90,5,0.00,0
2026-09-02 13:44:31,61.45,2,0,1,,71.60,9,51.30,5,0.00,0
2026-09-02 13:44:44,60.38,2,0,1,,76.00,9,44.75,6,0.00,0
2026-09-02 13:44:56,65.47,2,0,1,,75.80,9,55.15,6,0.00,0
2026-09-02 13:45:09,59.27,2,0,1,,71.80,9,46.75,6,0.00,0
2026-09-02 13:45:21,62.67,2,0,1,,73.70,9,51.65,6,0.00,0
2026-09-02 13:45:33,68.40,2,0,1,,79.70,9,57.10,6,0.00,0
2026-09-02 13:45:46,65.65,2,0,1,,77.95,9,53.35,6,0.00,0
2026-09-02 13:45:59,63.02,2,0,1,,75.25,9,50.80,6,0.00,0
2026-09-02 13:46:11,69.52,2,0,1,,80.35,9,58.70,7,0.00,0
2026-09-02 13:46:24,63.88,2,0,1,,75.80,9,51.95,7,0.00,0
2026-09-02 13:46:37,64.07,2,0,1,,71.10,9,57.05,7,0.00,0
2026-09-02 13:46:49,68.40,2,0,1,,75.90,9,60.90,7,0.00,0
2026-09-02 13:47:01,68.08,2,0,1,,80.60,9,55.55,7,0.00,0
2026-09-02 13:47:15,68.62,2,0,1,,71.75,9,65.50,7,0.00,0
2026-09-02 13:47:27,65.88,2,0,1,,73.95,9,57.80,8,0.00,0
2026-09-02 13:47:40,71.83,2,0,1,,79.95,9,63.70,8,0.00,0
2026-09-02 13:47:52,71.12,2,0,1,,74.15,9,68.10,8,0.00,0
2026-09-02 13:48:05,69.15,2,0,1,,77.00,9,61.30,8,0.00,0
2026-09-02 13:48:18,75.43,2,0,1,,80.20,9,70.65,8,0.00,0
2026-09-02 13:48:31,70.40,2,0,1,,76.15,9,64.65,8,0.00,0
2026-09-02 13:48:44,70.70,2,0,1,,71.55,9,69.85,9,0.00,0
2026-09-02 13:48:57,55.55,2,1,0,,75.90,9,74.55,9,16.20,0
2026-09-02 13:49:10,50.92,2,1,0,,75.85,9,66.80,9,10.10,0
2026-09-02 13:49:23,55.93,2,1,0,,71.85,9,77.05,9,18.90,0
2026-09-02 13:49:36,53.57,2,1,0,,77.00,9,72.45,9,11.25,0
2026-09-02 13:49:51,55.37,3,0,0,,79.95,9,71.65,9,14.50,1
2026-09-02 13:50:05,57.62,3,0,0,,75.15,9,75.10,9,22.60,1
2026-09-02 13:50:19,58.38,3,0,0,,75.75,9,78.80,9,20.60,1
2026-09-02 13:50:33,53.82,3,0,0,,71.75,9,71.40,9,18.30,1
2026-09-02 13:50:47,56.05,3,0,0,,77.85,9,70.95,9,19.35,1
2026-09-02 13:51:01,57.08,3,0,0,,73.85,9,71.50,9,25.90,1
2026-09-02 13:51:15,59.58,3,0,0,,77.85,9,74.90,9,26.00,2
2026-09-02 13:51:28,58.73,3,0,0,,75.75,9,76.65,9,23.80,2
2026-09-02 13:51:42,59.45,3,0,0,,71.80,9,78.85,9,27.70,2
2026-09-02 13:51:55,61.40,3,0,0,,71.90,9,79.60,9,32.70,2
2026-09-02 13:52:09,58.38,3,0,0,,71.75,9,73.40,9,30.00,2
2026-09-02 13:52:23,58.03,3,0,0,,77.15,9,70.95,9,26.00,3
2026-09-02 13:52:37,59.77,3,0,0,,75.75,9,76.70,9,26.85,3
2026-09-02 13:52:51,61.45,3,0,0,,71.80,9,75.05,9,37.50,3
2026-09-02 13:53:05,61.25,3,0,0,,75.95,9,71.20,9,36.60,3
2026-09-02 13:53:19,58.63,3,0,0,,71.80,9,70.95,9,33.15,3
2026-09-02 13:53:32,60.13,3,0,0,,75.80,9,73.45,9,31.15,3
2026-09-02 13:53:46,64.98,3,0,0,,80.60,9,79.35,9,35.00,4
2026-09-02 13:53:59,61.10,3,0,0,,75.90,9,70.55,9,36.85,4
2026-09-02 13:54:13,62.93,3,0,0,,80.20,9,75.10,9,33.50,4
2026-09-02 13:54:26,60.30,3,0,0,,75.85,9,70.25,9,34.80,4
2026-09-02 13:54:40,62.42,3,0,0,,73.20,9,73.25,9,40.80,4
2026-09-02 13:54:56,66.35,3,0,0,,80.55,9,75.20,9,43.30,5
2026-09-02 13:55:10,62.62,3,0,0,,77.35,9,70.50,9,40.00,5
2026-09-02 13:55:23,66.55,3,0,0,,80.55,9,75.10,9,44.00,5
2026-09-02 13:55:37,66.12,3,0,0,,75.85,9,71.90,9,50.60,5
2026-09-02 13:55:50,65.83,3,0,0,,73.45,9,79.00,9,45.05,5
2026-09-02 13:56:04,62.08,3,0,0,,72.10,9,69.95,9,44.20,5
2026-09-02 13:56:18,66.87,3,0,0,,72.70,9,74.95,9,52.95,6
2026-09-02 13:56:31,69.15,3,0,0,,79.80,9,75.00,9,52.65,6
2026-09-02 13:56:44,65.25,3,0,0,,75.80,9,71.70,9,48.25,6
2026-09-02 13:56:58,71.00,3,0,0,,75.90,9,79.15,9,57.95,6
2026-09-02 13:57:11,72.27,3,0,0,,80.65,9,79.90,9,56.25,6
2026-09-02 13:57:26,68.37,3,0,0,,71.65,9,79.40,9,54.05,6
2026-09-02 13:57:40,66.40,3,0,0,,75.30,9,70.80,9,53.10,7
2026-09-02 13:57:53,71.72,3,0,0,,80.40,9,73.00,9,61.75,7
2026-09-02 13:58:07,71.07,3,0,0,,79.70,9,79.60,9,53.90,7
2026-09-02 13:58:20,70.60,3,0,0,,80.15,9,77.00,9,54.65,7
2026-09-02 13:58:34,71.85,3,0,0,,75.85,9,79.40,9,60.30,7
2026-09-02 13:58:47,70.15,3,0,0,,71.85,9,74.95,9,63.65,8
2026-09-02 13:59:01,69.67,3,0,0,,74.15,9,72.45,9,62.40,8
2026-09-02 13:59:15,71.67,3,0,0,,71.80,9,74.80,9,68.40,8
2026-09-02 13:59:28,71.60,3,0,0,,77.90,9,73.15,9,63.75,8
2026-09-02 13:59:42,72.77,3,0,0,,75.80,9,79.60,9,62.90,8
2026-09-02 13:59:56,71.60,3,0,0,,71.80,9,70.80,9,72.20,8
2026-09-02 14:00:09,71.78,3,0,0,,75.90,9,73.80,9,65.65,9
2026-09-02 14:00:23,71.07,3,0,0,,71.15,9,71.15,9,70.90,9
2026-09-02 14:00:36,74.38,3,0,0,,73.75,9,73.50,9,75.90,9
2026-09-02 14:00:50,76.73,3,0,0,,79.90,9,79.75,9,70.55,9
2026-09-02 14:01:03,74.80,3,0,0,,80.55,9,70.70,9,73.15,9
2026-09-02 14:01:16,75.92,3,0,0,,79.40,9,70.75,9,77.60,9
2026-09-02 14:01:30,73.08,3,0,0,,75.80,9,69.85,9,73.60,9
2026-09-02 14:01:44,72.35,3,0,0,,71.80,9,73.40,9,71.85,9
2026-09-02 14:01:57,74.43,3,0,0,,74.75,9,79.45,9,69.10,8
2026-09-02 14:02:10,72.48,3,0,0,,73.45,9,75.25,9,68.75,8
2026-09-02 14:02:24,71.28,3,0,0,,73.85,9,75.30,9,64.70,8
2026-09-02 14:02:37,73.22,3,0,0,,80.20,9,70.55,9,68.90,8
2026-09-02 14:02:52,72.38,3,0,0,,71.25,9,77.10,9,68.80,8
2026-09-02 14:03:05,71.18,3,0,0,,71.85,9,74.95,9,66.75,7
2026-09-02 14:03:19,68.15,3,0,0,,71.45,9,75.05,9,57.95,7
2026-09-02 14:03:32,70.47,3,0,0,,73.25,9,74.95,9,63.20,7
2026-09-02 14:03:46,72.47,3,0,0,,79.85,9,71.00,9,66.55,7
2026-09-02 14:04:00,71.65,3,0,0,,75.85,9,77.15,9,61.95,7
2026-09-02 14:04:13,68.87,3,0,0,,80.75,9,75.05,9,50.80,6
2026-09-02 14:04:27,70.00,3,0,0,,75.85,9,79.50,9,54.65,6
2026-09-02 14:04:40,67.33,3,0,0,,71.80,9,74.95,9,55.25,6
2026-09-02 14:04:53,69.37,3,0,0,,77.05,9,71.00,9,60.05,6
2026-09-02 14:05:07,67.78,3,0,0,,77.25,9,74.85,9,51.25,6
2026-09-02 14:05:20,66.78,3,0,0,,73.80,9,79.10,9,47.45,5
2026-09-02 14:05:33,67.47,3,0,0,,79.85,9,74.20,9,48.35,5
2026-09-02 14:05:47,68.03,3,0,0,,75.80,9,79.75,9,48.55,5
2026-09-02 14:06:00,62.57,3,0,0,,71.85,9,70.95,9,44.90,5
2026-09-02 14:06:13,67.20,3,0,0,,75.90,9,73.30,9,52.40,5
2026-09-02 14:06:27,59.95,3,0,0,,71.80,9,71.45,9,36.60,5
2026-09-02 14:06:40,62.63,3,0,0,,74.10,9,73.30,9,40.50,4
2026-09-02 14:06:53,67.75,3,0,0,,80.20,9,79.45,9,43.60,4
2026-09-02 14:07:06,65.73,3,0,0,,80.35,9,75.10,9,41.75,4
2026-09-02 14:07:20,62.90,3,0,0,,77.90,9,71.10,9,39.70,4
2026-09-02 14:07:33,64.07,3,0,0,,80.60,9,69.90,9,41.70,4
2026-09-02 14:07:46,57.93,3,0,0,,71.60,9,71.35,9,30.85,3
2026-09-02 14:08:00,61.63,3,0,0,,73.75,9,78.85,9,32.30,3
2026-09-02 14:08:13,62.12,3,0,0,,71.95,9,74.95,9,39.45,3
2026-09-02 14:08:26,59.30,3,0,0,,71.95,9,75.00,9,30.95,3
2026-09-02 14:08:40,64.27,3,0,0,,77.90,9,74.95,9,39.95,3
2026-09-02 14:08:54,58.37,3,0,0,,75.80,9,71.00,9,28.30,2
2026-09-02 14:09:07,59.63,3,0,0,,75.95,9,76.90,9,26.05,2
2026-09-02 14:09:20,64.47,3,0,0,,80.70,9,79.60,9,33.10,2
2026-09-02 14:09:33,58.22,3,0,0,,71.30,9,77.90,9,25.45,2
2026-09-02 14:09:47,61.92,3,0,0,,73.05,9,79.80,9,32.90,2
2026-09-02 14:10:01,57.33,3,0,0,,79.30,9,70.95,9,21.75,2
2026-09-02 14:10:14,56.78,3,0,0,,75.20,9,74.15,9,21.00,1
2026-09-02 14:10:27,56.57,3,0,0,,74.25,9,73.75,9,21.70,1
2026-09-02 14:10:40,57.42,3,0,0,,79.80,9,72.70,9,19.75,1
2026-09-02 14:10:53,60.32,3,0,0,,75.80,9,79.00,9,26.15,1
2026-09-02 14:11:07,54.97,3,0,0,,72.00,9,75.10,9,17.80,1
2026-09-02 14:11:20,55.52,2,1,0,,75.90,9,71.20,9,19.45,0
2026-09-02 14:11:32,47.53,2,1,0,,71.70,9,70.90,9,0.00,0
2026-09-02 14:11:51,47.70,2,1,0,,72.15,9,70.95,9,0.00,0
2026-09-02 14:12:04,71.28,2,0,1,,71.80,9,70.75,9,0.00,0
2026-09-02 14:12:17,70.43,2,0,1,,71.70,9,69.15,9,0.00,0
2026-09-02 14:12:30,70.72,2,0,1,,71.85,9,69.60,8,0.00,0
2026-09-02 14:12:43,73.62,2,0,1,,77.05,9,70.20,8,0.00,0
2026-09-02 14:12:56,74.35,2,0,1,,80.55,9,68.15,8,0.00,0
2026-09-02 14:13:08,70.07,2,0,1,,76.00,9,64.15,8,0.00,0
2026-09-02 14:13:21,71.53,2,0,1,,75.80,9,67.25,8,0.00,0
2026-09-02 14:13:33,67.28,2,0,1,,75.75,9,58.80,7,0.00,0
2026-09-02 14:13:46,66.35,2,0,1,,71.55,9,61.15,7,0.00,0
2026-09-02 14:13:58,69.65,2,0,1,,73.05,9,66.25,7,0.00,0
2026-09-02 14:14:10,66.33,2,0,1,,75.50,9,57.15,7,0.00,0
2026-09-02 14:14:22,65.65,2,0,1,,72.00,9,59.30,7,0.00,0
2026-09-02 14:14:35,65.55,2,0,1,,73.50,9,57.60,7,0.00,0
2026-09-02 14:14:47,65.53,2,0,1,,77.85,9,53.20,6,0.00,0
2026-09-02 14:15:00,67.50,2,0,1,,75.75,9,59.25,6,0.00,0
2026-09-02 14:15:12,62.97,2,0,1,,75.95,9,50.00,6,0.00,0
2026-09-02 14:15:24,66.58,2,0,1,,80.65,9,52.50,6,0.00,0
2026-09-02 14:15:37,63.52,2,0,1,,75.80,9,51.25,6,0.00,0
2026-09-02 14:15:50,61.90,2,0,1,,71.70,9,52.10,6,0.00,0
2026-09-02 14:16:02,61.20,2,0,1,,74.20,9,48.20,5,0.00,0
2026-09-02 14:16:15,61.95,2,0,1,,77.65,9,46.25,5,0.00,0
2026-09-02 14:16:27,62.45,2,0,1,,72.60,9,52.30,5,0.00,0
2026-09-02 14:16:39,63.88,2,0,1,,75.40,9,52.35,5,0.00,0
2026-09-02 14:16:52,62.00,2,0,1,,80.20,9,43.80,5,0.00,0
2026-09-02 14:17:04,56.92,2,0,1,,75.80,9,38.05,4,0.00,0
2026-09-02 14:17:16,60.70,2,0,1,,75.85,9,45.55,4,0.00,0
2026-09-02 14:17:29,61.05,2,0,1,,80.50,9,41.60,4,0.00,0
2026-09-02 14:17:41,58.72,2,0,1,,75.80,9,41.65,4,0.00,0
2026-09-02 14:17:53,54.88,2,0,1,,71.75,9,38.00,4,0.00,0
2026-09-02 14:18:06,60.42,2,0,1,,74.80,9,46.05,4,0.00,0
2026-09-02 14:18:19,53.82,2,0,1,,77.55,9,30.10,3,0.00,0
2026-09-02 14:18:31,51.65,2,0,1,,72.20,9,31.10,3,0.00,0
2026-09-02 14:18:43,56.95,2,0,1,,77.10,9,36.80,3,0.00,0
2026-09-02 14:18:56,57.50,2,0,1,,80.10,9,34.90,3,0.00,0
2026-09-02 14:19:08,53.52,2,0,1,,75.80,9,31.25,3,0.00,0
2026-09-02 14:19:20,54.03,2,0,1,,75.90,9,32.15,2,0.00,0
2026-09-02 14:19:33,54.28,2,0,1,,80.30,9,28.25,2,0.00,0
2026-09-02 14:19:45,50.37,2,0,1,,75.95,9,24.80,2,0.00,0
2026-09-02 14:19:57,52.27,2,0,1,,71.80,9,32.75,2,0.00,0
2026-09-02 14:20:10,49.45,2,0,1,,74.65,9,24.25,2,0.00,0
2026-09-02 14:20:22,53.20,2,0,1,,74.25,9,32.15,2,0.00,0
2026-09-02 14:20:35,49.00,2,0,1,,72.00,9,26.00,1,0.00,0
2026-09-02 14:20:47,47.08,2,0,1,,76.70,9,17.45,1,0.00,0
2026-09-02 14:21:00,53.08,2,0,1,,80.30,9,25.85,1,0.00,0
2026-09-02 14:21:12,46.62,2,0,1,,75.90,9,17.35,1,0.00,0
2026-09-02 14:21:25,50.60,2,0,1,,75.90,9,25.30,1,0.00,0
2026-09-02 14:21:37,47.77,2,0,1,,80.50,9,15.05,1,0.00,0
2026-09-02 14:21:50,39.77,1,1,1,,70.90,9,8.65,0,0.00,0
2026-09-02 14:22:07,36.83,1,1,1,,73.65,9,0.00,0,0.00,0
2026-09-02 14:22:18,71.90,1,0,2,,71.90,9,0.00,0,0.00,0
2026-09-02 14:22:30,76.00,1,0,2,,76.00,9,0.00,0,0.00,0
2026-09-02 14:22:41,75.80,1,0,2,,75.80,9,0.00,0,0.00,0
2026-09-02 14:22:53,64.00,1,0,2,,64.00,8,0.00,0,0.00,0
2026-09-02 14:23:04,64.85,1,0,2,,64.85,8,0.00,0,0.00,0
2026-09-02 14:23:15,66.95,1,0,2,,66.95,8,0.00,0,0.00,0
2026-09-02 14:23:27,65.10,1,0,2,,65.10,8,0.00,0,0.00,0
2026-09-02 14:23:38,64.80,1,0,2,,64.80,8,0.00,0,0.00,0
2026-09-02 14:23:50,66.70,1,0,2,,66.70,8,0.00,0,0.00,0
2026-09-02 14:24:01,62.90,1,0,2,,62.90,7,0.00,0,0.00,0
2026-09-02 14:24:12,66.00,1,0,2,,66.00,7,0.00,0,0.00,0
2026-09-02 14:24:23,66.70,1,0,2,,66.70,7,0.00,0,0.00,0
2026-09-02 14:24:35,63.75,1,0,2,,63.75,7,0.00,0,0.00,0
2026-09-02 14:24:46,66.55,1,0,2,,66.55,7,0.00,0,0.00,0
2026-09-02 14:24:57,61.95,1,0,2,,61.95,7,0.00,0,0.00,0
2026-09-02 14:25:09,50.55,1,0,2,,50.55,6,0.00,0,0.00,0
2026-09-02 14:25:20,52.15,1,0,2,,52.15,6,0.00,0,0.00,0
2026-09-02 14:25:31,50.65,1,0,2,,50.65,6,0.00,0,0.00,0
2026-09-02 14:25:42,51.55,1,0,2,,51.55,6,0.00,0,0.00,0
2026-09-02 14:25:54,51.30,1,0,2,,51.30,6,0.00,0,0.00,0
2026-09-02 14:26:06,51.15,1,0,2,,51.15,6,0.00,0,0.00,0
2026-09-02 14:26:17,44.55,1,0,2,,44.55,6,0.00,0,0.00,0
2026-09-02 14:26:29,43.90,1,0,2,,43.90,5,0.00,0,0.00,0
2026-09-02 14:26:40,44.40,1,0,2,,44.40,5,0.00,0,0.00,0
2026-09-02 14:26:51,47.75,1,0,2,,47.75,5,0.00,0,0.00,0
2026-09-02 14:27:02,52.95,1,0,2,,52.95,5,0.00,0,0.00,0
2026-09-02 14:27:13,48.50,1,0,2,,48.50,5,0.00,0,0.00,0
2026-09-02 14:27:25,48.50,1,0,2,,48.50,5,0.00,0,0.00,0
2026-09-02 14:27:36,41.85,1,0,2,,41.85,4,0.00,0,0.00,0
2026-09-02 14:27:47,37.80,1,0,2,,37.80,4,0.00,0,0.00,0
2026-09-02 14:27:58,43.15,1,0,2,,43.15,4,0.00,0,0.00,0
2026-09-02 14:28:09,46.55,1,0,2,,46.55,4,0.00,0,0.00,0
2026-09-02 14:28:20,41.85,1,0,2,,41.85,4,0.00,0,0.00,0
2026-09-02 14:28:32,41.80,1,0,2,,41.80,4,0.00,0,0.00,0
2026-09-02 14:28:43,30.75,1,0,2,,30.75,3,0.00,0,0.00,0
2026-09-02 14:28:54,33.00,1,0,2,,33.00,3,0.00,0,0.00,0
2026-09-02 14:29:05,39.30,1,0,2,,39.30,3,0.00,0,0.00,0
2026-09-02 14:29:17,35.10,1,0,2,,35.10,3,0.00,0,0.00,0
2026-09-02 14:29:28,30.50,1,0,2,,30.50,3,0.00,0,0.00,0
2026-09-02 14:29:40,32.85,1,0,2,,32.85,3,0.00,0,0.00,0
2026-09-02 14:29:51,30.20,1,0,2,,30.20,2,0.00,0,0.00,0
2026-09-02 14:30:02,28.30,1,0,2,,28.30,2,0.00,0,0.00,0
2026-09-02 14:30:13,24.30,1,0,2,,24.30,2,0.00,0,0.00,0
2026-09-02 14:30:24,26.90,1,0,2,,26.90,2,0.00,0,0.00,0
2026-09-02 14:30:35,30.45,1,0,2,,30.45,2,0.00,0,0.00,0
2026-09-02 14:30:47,28.30,1,0,2,,28.30,2,0.00,0,0.00,0
2026-09-02 14:30:58,17.30,1,0,2,,17.30,1,0.00,0,0.00,0
2026-09-02 14:31:09,20.05,1,0,2,,20.05,1,0.00,0,0.00,0
2026-09-02 14:31:20,26.10,1,0,2,,26.10,1,0.00,0,0.00,0
2026-09-02 14:31:31,21.70,1,0,2,,21.70,1,0.00,0,0.00,0
2026-09-02 14:31:42,18.00,1,0,2,,18.00,1,0.00,0,0.00,0
2026-09-02 14:31:54,23.60,1,0,2,,23.60,1,0.00,0,0.00,0
2026-09-02 14:32:05,19.75,1,0,2,,19.75,1,0.00,0,0.00,0
2026-09-02 14:32:16,10.15,0,1,2,,10.15,0,0.00,0,0.00,0
2026-09-02 14:32:27,11.00,0,1,2,,11.00,0,0.00,0,0.00,0
2026-09-02 14:32:39,11.90,0,1,2,,11.90,0,0.00,0,0.00,0
2026-09-02 14:32:50,14.00,0,1,2,,14.00,0,0.00,0,0.00,0
2026-09-02 14:33:01,18.50,0,1,2,,18.50,0,0.00,0,0.00,0
2026-09-02 14:33:12,19.70,0,1,2,,19.70,0,0.00,0,0.00,0
2026-09-02 14:33:24,15.00,0,1,2,,15.00,0,0.00,0,0.00,0
2026-09-02 14:33:35,15.10,0,1,2,,15.10,0,0.00,0,0.00,0
2026-09-02 14:33:46,14.45,0,1,2,,14.45,0,0.00,0,0.00,0
2026-09-02 14:33:57,15.80,1,0,2,,15.80,1,0.00,0,0.00,0
2026-09-02 14:34:09,16.15,1,0,2,,16.15,1,0.00,0,0.00,0
2026-09-02 14:34:20,26.65,1,0,2,,26.65,1,0.00,0,0.00,0
2026-09-02 14:34:31,21.95,1,0,2,,21.95,1,0.00,0,0.00,0
2026-09-02 14:34:42,26.00,1,0,2,,26.00,1,0.00,0,0.00,0
2026-09-02 14:34:54,21.65,1,0,2,,21.65,1,0.00,0,0.00,0
2026-09-02 14:35:05,21.70,1,0,2,,21.70,2,0.00,0,0.00,0
2026-09-02 14:35:16,29.25,1,0,2,,29.25,2,0.00,0,0.00,0
2026-09-02 14:35:28,23.75,1,0,2,,23.75,2,0.00,0,0.00,0
2026-09-02 14:35:39,28.25,1,0,2,,28.25,2,0.00,0,0.00,0
2026-09-02 14:35:50,32.15,1,0,2,,32.15,2,0.00,0,0.00,0
2026-09-02 14:36:02,25.70,1,0,2,,25.70,2,0.00,0,0.00,0
2026-09-02 14:36:14,24.90,1,0,2,,24.90,2,0.00,0,0.00,0
2026-09-02 14:36:25,26.65,1,0,2,,26.65,3,0.00,0,0.00,0
2026-09-02 14:36:38,37.75,1,0,2,,37.75,3,0.00,0,0.00,0
2026-09-02 14:36:50,34.25,1,0,2,,34.25,3,0.00,0,0.00,0
2026-09-02 14:37:01,31.25,1,0,2,,31.25,3,0.00,0,0.00,0
2026-09-02 14:37:12,35.10,1,0,2,,35.10,3,0.00,0,0.00,0
2026-09-02 14:37:24,39.15,1,0,2,,39.15,3,0.00,0,0.00,0
2026-09-02 14:37:35,32.90,1,0,2,,32.90,4,0.00,0,0.00,0
2026-09-02 14:37:47,37.65,1,0,2,,37.65,4,0.00,0,0.00,0
2026-09-02 14:37:58,44.15,1,0,2,,44.15,4,0.00,0,0.00,0
2026-09-02 14:38:09,39.65,1,0,2,,39.65,4,0.00,0,0.00,0
2026-09-02 14:38:21,37.20,1,0,2,,37.20,4,0.00,0,0.00,0
2026-09-02 14:38:32,46.50,1,0,2,,46.50,4,0.00,0,0.00,0
2026-09-02 14:38:45,38.95,1,0,2,,38.95,4,0.00,0,0.00,0
2026-09-02 14:38:56,44.10,1,0,2,,44.10,5,0.00,0,0.00,0
2026-09-02 14:39:08,49.25,1,0,2,,49.25,5,0.00,0,0.00,0
2026-09-02 14:39:19,45.20,1,0,2,,45.20,5,0.00,0,0.00,0
2026-09-02 14:39:31,44.65,1,0,2,,44.65,5,0.00,0,0.00,0
2026-09-02 14:39:43,50.60,1,0,2,,50.60,5,0.00,0,0.00,0
2026-09-02 14:39:55,48.35,1,0,2,,48.35,5,0.00,0,0.00,0
2026-09-02 14:40:07,51.10,1,0,2,,51.10,6,0.00,0,0.00,0
2026-09-02 14:40:18,46.60,1,0,2,,46.60,6,0.00,0,0.00,0
2026-09-02 14:40:29,51.80,1,0,2,,51.80,6,0.00,0,0.00,0
2026-09-02 14:40:41,53.05,1,0,2,,53.05,6,0.00,0,0.00,0
2026-09-02 14:40:52,55.45,1,0,2,,55.45,6,0.00,0,0.00,0
2026-09-02 14:41:04,57.60,1,0,2,,57.60,6,0.00,0,0.00,0
2026-09-02 14:41:15,51.85,1,0,2,,51.85,6,0.00,0,0.00,0
2026-09-02 14:41:27,56.55,1,0,2,,56.55,7,0.00,0,0.00,0
2026-09-02 14:41:38,59.35,1,0,2,,59.35,7,0.00,0,0.00,0
2026-09-02 14:41:50,57.90,1,0,2,,57.90,7,0.00,0,0.00,0
2026-09-02 14:42:01,57.75,1,0,2,,57.75,7,0.00,0,0.00,0
2026-09-02 14:42:13,61.00,1,0,2,,61.00,7,0.00,0,0.00,0
2026-09-02 14:42:25,62.70,1,0,2,,62.70,7,0.00,0,0.00,0
2026-09-02 14:42:37,57.55,1,0,2,,57.55,7,0.00,0,0.00,0
2026-09-02 14:42:49,61.35,1,0,2,,61.35,8,0.00,0,0.00,0
2026-09-02 14:43:00,69.05,1,0,2,,69.05,8,0.00,0,0.00,0
2026-09-02 14:43:12,60.30,1,0,2,,60.30,8,0.00,0,0.00,0
2026-09-02 14:43:23,69.00,1,0,2,,69.00,8,0.00,0,0.00,0
2026-09-02 14:43:35,63.40,1,0,2,,63.40,8,0.00,0,0.00,0
2026-09-02 14:43:47,71.50,1,0,2,,71.50,8,0.00,0,0.00,0
2026-09-02 14:43:59,64.15,1,0,2,,64.15,9,0.00,0,0.00,0
2026-09-02 14:44:11,72.70,1,0,2,,72.70,9,0.00,0,0.00,0
2026-09-02 14:44:22,67.25,1,0,2,,67.25,9,0.00,0,0.00,0
2026-09-02 14:44:33,71.05,1,0,2,,71.05,9,0.00,0,0.00,0
2026-09-02 14:44:44,75.10,1,0,2,,75.10,9,0.00,0,0.00,0
2026-09-02 14:44:56,73.40,1,0,2,,73.40,9,0.00,0,0.00,0
2026-09-02 14:45:08,73.75,1,0,2,,73.75,9,0.00,0,0.00,0
2026-09-02 14:45:20,44.95,1,1,1,,75.35,10,14.55,0,0.00,0
2026-09-02 14:45:32,49.95,1,1,1,,81.90,10,18.00,0,0.00,0
2026-09-02 14:45:44,43.02,1,1,1,,75.60,10,10.45,0,0.00,0
2026-09-02 14:45:56,50.97,1,1,1,,82.70,10,19.25,0,0.00,0
2026-09-02 14:46:08,43.92,1,1,1,,75.60,10,12.25,0,0.00,0
2026-09-02 14:46:21,49.52,1,1,1,,84.55,10,14.50,0,0.00,0
2026-09-02 14:46:33,45.40,2,0,1,,78.05,10,12.75,1,0.00,0
2026-09-02 14:46:45,50.20,2,0,1,,81.35,10,19.05,1,0.00,0
2026-09-02 14:46:58,52.72,2,0,1,,79.85,10,25.60,1,0.00,0
2026-09-02 14:47:11,53.15,2,0,1,,86.75,10,19.55,1,0.00,0
2026-09-02 14:47:23,49.52,2,0,1,,79.15,10,19.90,1,0.00,0
2026-09-02 14:47:35,51.45,2,0,1,,77.35,10,25.55,1,0.00,0
2026-09-02 14:47:47,51.70,2,0,1,,82.05,10,21.35,2,0.00,0
2026-09-02 14:48:00,56.83,2,0,1,,85.85,10,27.80,2,0.00,0
2026-09-02 14:48:13,50.10,2,0,1,,77.40,10,22.80,2,0.00,0
2026-09-02 14:48:25,53.00,2,0,1,,77.75,10,28.25,2,0.00,0
2026-09-02 14:48:37,55.15,2,0,1,,77.45,10,32.85,2,0.00,0
2026-09-02 14:48:50,58.28,2,0,1,,86.55,10,30.00,2,0.00,0
2026-09-02 14:49:02,54.25,2,0,1,,79.90,10,28.60,3,0.00,0
2026-09-02 14:49:14,55.17,2,0,1,,79.55,10,30.80,3,0.00,0
2026-09-02 14:49:27,60.62,2,0,1,,83.50,10,37.75,3,0.00,0
2026-09-02 14:49:40,60.27,2,0,1,,81.85,10,38.70,3,0.00,0
2026-09-02 14:49:52,57.65,2,0,1,,81.90,10,33.40,3,0.00,0
2026-09-02 14:50:05,57.33,2,0,1,,83.70,10,30.95,3,0.00,0
2026-09-02 14:50:17,63.22,2,0,1,,86.60,10,39.85,3,0.00,0
2026-09-02 14:50:30,58.38,2,0,1,,82.00,10,34.75,4,0.00,0
2026-09-02 14:50:42,55.92,2,0,1,,77.85,10,34.00,4,0.00,0
2026-09-02 14:50:55,59.02,2,0,1,,77.80,10,40.25,4,0.00,0
2026-09-02 14:51:08,61.40,2,0,1,,76.75,10,46.05,4,0.00,0
2026-09-02 14:51:20,57.90,2,0,1,,78.10,10,37.70,4,0.00,0
2026-09-02 14:51:33,61.25,2,0,1,,80.40,10,42.10,5,0.00,0
2026-09-02 14:51:45,65.95,2,0,1,,86.00,10,45.90,5,0.00,0
2026-09-02 14:51:58,63.90,2,0,1,,85.80,10,42.00,5,0.00,0
2026-09-02 14:52:11,61.12,2,0,1,,80.25,10,42.00,5,0.00,0
2026-09-02 14:52:23,68.68,2,0,1,,86.05,10,51.30,5,0.00,0
2026-09-02 14:52:35,63.20,2,0,1,,81.80,10,44.60,5,0.00,0
2026-09-02 14:52:48,60.48,2,0,1,,77.70,10,43.25,6,0.00,0
2026-09-02 14:53:01,68.30,2,0,1,,82.00,10,54.60,6,0.00,0
2026-09-02 14:53:13,67.85,2,0,1,,86.65,10,49.05,6,0.00,0
2026-09-02 14:53:26,64.50,2,0,1,,76.70,10,52.30,6,0.00,0
2026-09-02 14:53:38,66.50,2,0,1,,77.85,10,55.15,6,0.00,0
2026-09-02 14:53:50,65.90,2,0,1,,80.20,10,51.60,6,0.00,0
2026-09-02 14:54:04,64.82,2,0,1,,78.85,10,50.80,7,0.00,0
2026-09-02 14:54:17,69.60,2,0,1,,77.85,10,61.35,7,0.00,0
2026-09-02 14:54:29,68.08,2,0,1,,82.85,10,53.30,7,0.00,0
2026-09-02 14:54:42,74.20,2,0,1,,86.10,10,62.30,7,0.00,0
2026-09-02 14:54:54,71.62,2,0,1,,81.80,10,61.45,7,0.00,0
2026-09-02 14:55:06,71.93,2,0,1,,86.05,10,57.80,7,0.00,0
2026-09-02 14:55:19,71.12,2,0,1,,80.20,10,62.05,7,0.00,0
2026-09-02 14:55:33,53.40,2,1,0,,85.35,10,60.40,8,14.45,0
2026-09-02 14:55:46,54.78,2,1,0,,86.60,10,63.90,8,13.85,0
2026-09-02 14:56:00,53.67,2,1,0,,81.95,10,68.75,8,10.30,0
2026-09-02 14:56:13,57.07,2,1,0,,86.15,10,66.05,8,19.00,0
2026-09-02 14:56:26,54.87,2,1,0,,86.65,10,66.80,8,11.15,0
2026-09-02 14:56:41,53.37,3,0,0,,77.50,10,72.35,8,10.25,1
2026-09-02 14:56:54,54.83,3,0,0,,79.80,10,67.70,8,17.00,1
2026-09-02 14:57:08,55.88,3,0,0,,78.20,10,65.20,8,24.25,1
2026-09-02 14:57:21,54.85,3,0,0,,77.80,10,68.90,8,17.85,1
2026-09-02 14:57:35,56.20,3,0,0,,80.10,10,71.25,8,17.25,1
2026-09-02 14:57:48,60.38,3,0,0,,85.70,10,73.20,8,22.25,1
2026-09-02 14:58:02,59.63,3,0,0,,86.70,10,68.80,8,23.40,2
2026-09-02 14:58:15,56.12,3,0,0,,83.45,10,64.45,8,20.45,2
2026-09-02 14:58:29,60.55,3,0,0,,86.05,10,68.80,8,26.80,2
2026-09-02 14:58:42,60.88,3,0,0,,81.85,10,68.35,8,32.45,2
2026-09-02 14:58:56,57.97,3,0,0,,77.85,10,66.10,8,29.95,2
2026-09-02 14:59:10,56.75,3,0,0,,77.95,10,66.90,8,25.40,2
2026-09-02 14:59:23,60.73,3,0,0,,81.90,10,70.15,8,30.15,3
2026-09-02 14:59:37,60.57,3,0,0,,78.45,10,67.30,8,35.95,3
2026-09-02 14:59:51,64.83,3,0,0,,85.10,10,73.60,8,35.80,3
2026-09-02 15:00:04,61.13,3,0,0,,86.70,10,64.80,8,31.90,3
2026-09-02 15:00:17,63.28,3,0,0,,84.15,10,70.55,8,35.15,3
2026-09-02 15:00:32,64.95,3,0,0,,86.50,10,68.85,8,39.50,3
2026-09-02 15:00:46,61.98,3,0,0,,77.45,10,73.50,8,35.00,4
2026-09-02 15:01:00,59.30,3,0,0,,78.85,10,64.50,8,34.55,4
2026-09-02 15:01:13,63.95,3,0,0,,78.15,10,68.20,8,45.50,4
2026-09-02 15:01:27,63.45,3,0,0,,77.80,10,72.80,8,39.75,4
2026-09-02 15:01:41,63.77,3,0,0,,80.70,10,72.80,8,37.80,4
2026-09-02 15:01:54,65.68,3,0,0,,86.10,10,68.80,8,42.15,5
2026-09-02 15:02:08,65.38,3,0,0,,81.90,10,66.45,8,47.80,5
2026-09-02 15:02:21,66.72,3,0,0,,86.10,10,73.15,8,40.90,5
2026-09-02 15:02:35,69.33,3,0,0,,86.60,10,69.60,8,51.80,5
2026-09-02 15:02:49,66.20,3,0,0,,77.60,10,68.80,8,52.20,5
2026-09-02 15:03:03,64.00,3,0,0,,79.65,10,64.85,8,47.50,5
2026-09-02 15:03:16,67.18,3,0,0,,78.20,10,72.75,8,50.60,6
2026-09-02 15:03:30,67.05,3,0,0,,77.85,10,73.00,8,50.30,6
2026-09-02 15:03:44,68.13,3,0,0,,83.40,10,73.35,8,47.65,6
2026-09-02 15:03:58,66.53,3,0,0,,81.80,10,64.80,8,53.00,6
2026-09-02 15:04:12,70.52,3,0,0,,81.95,10,70.90,8,58.70,6
2026-09-02 15:04:27,68.15,3,0,0,,81.90,10,69.00,8,53.55,7
2026-09-02 15:04:41,67.97,3,0,0,,77.80,10,68.80,8,57.30,7
2026-09-02 15:04:54,69.18,3,0,0,,80.95,10,64.85,8,61.75,7
2026-09-02 15:05:08,71.67,3,0,0,,86.05,10,70.85,8,58.10,7
2026-09-02 15:05:22,68.30,3,0,0,,81.10,10,68.80,8,55.00,7
2026-09-02 15:05:36,73.93,3,0,0,,83.55,10,73.75,8,64.50,7
2026-09-02 15:05:49,72.38,3,0,0,,81.80,10,75.45,9,59.90,7
2026-09-02 15:06:03,70.30,3,0,0,,77.80,10,75.20,9,57.90,7
2026-09-02 15:06:17,71.07,3,0,0,,78.00,10,73.10,9,62.10,7
2026-09-02 15:06:31,73.03,3,0,0,,77.45,10,75.85,9,65.80,7
2026-09-02 15:06:45,71.87,3,0,0,,79.65,10,77.80,9,58.15,7
2026-09-02 15:06:58,75.08,3,0,0,,86.05,10,79.35,9,59.85,8
2026-09-02 15:07:12,75.43,3,0,0,,81.90,10,80.20,9,64.20,8
2026-09-02 15:07:25,76.63,3,0,0,,86.10,10,75.55,9,68.25,8
2026-09-02 15:07:39,76.40,3,0,0,,81.25,10,80.30,9,67.65,8
2026-09-02 15:07:52,77.55,3,0,0,,86.25,10,73.75,9,72.65,8
2026-09-02 15:08:06,74.80,3,0,0,,81.90,10,74.55,9,67.95,8
2026-09-02 15:08:19,75.65,3,0,0,,81.95,10,80.25,9,64.75,8
2026-09-02 15:08:33,75.35,3,0,0,,81.80,10,75.70,9,68.55,8
2026-09-02 15:08:47,71.72,3,0,0,,77.75,10,75.45,9,61.95,7
2026-09-02 15:09:00,69.83,3,0,0,,80.10,10,71.50,9,57.90,7
2026-09-02 15:09:14,74.47,3,0,0,,84.00,10,74.80,9,64.60,7
2026-09-02 15:09:27,72.98,3,0,0,,79.90,10,75.45,9,63.60,7
2026-09-02 15:09:42,76.40,3,0,0,,82.55,10,80.35,9,66.30,7
2026-09-02 15:09:56,74.08,3,0,0,,86.60,10,73.65,8,62.00,7
2026-09-02 15:10:09,67.20,3,0,0,,77.45,10,64.80,8,59.35,7
2026-09-02 15:10:23,71.37,3,0,0,,82.10,10,68.35,8,63.65,7
2026-09-02 15:10:36,71.68,3,0,0,,81.80,10,73.05,8,60.20,7
2026-09-02 15:10:50,71.35,3,0,0,,77.65,10,70.40,8,66.00,7
2026-09-02 15:11:03,69.48,3,0,0,,79.70,10,68.85,8,59.90,6
2026-09-02 15:11:17,66.60,3,0,0,,83.85,10,64.85,8,51.10,6
2026-09-02 15:11:30,68.62,3,0,0,,79.75,10,70.65,8,55.45,6
2026-09-02 15:11:43,66.33,3,0,0,,79.95,10,67.50,8,51.55,6
2026-09-02 15:11:56,72.53,3,0,0,,85.80,10,72.75,8,59.05,6
2026-09-02 15:12:10,66.42,3,0,0,,81.80,10,68.85,8,48.60,6
2026-09-02 15:12:24,64.02,3,0,0,,81.85,10,65.75,8,44.45,5
2026-09-02 15:12:37,67.28,3,0,0,,86.35,10,71.05,8,44.45,5
2026-09-02 15:12:51,66.85,3,0,0,,81.90,10,68.10,8,50.55,5
2026-09-02 15:13:04,66.75,3,0,0,,78.15,10,73.65,8,48.45,5
2026-09-02 15:13:19,65.05,3,0,0,,84.30,10,64.90,8,45.95,5
2026-09-02 15:13:32,63.23,3,0,0,,79.95,10,71.00,8,38.75,4
2026-09-02 15:13:46,66.10,3,0,0,,81.25,10,70.85,8,46.20,4
2026-09-02 15:13:59,65.53,3,0,0,,86.15,10,72.95,8,37.50,4
2026-09-02 15:14:12,62.22,3,0,0,,82.00,10,63.75,8,40.90,4
2026-09-02 15:14:26,64.98,3,0,0,,81.95,10,66.25,8,46.75,4
2026-09-02 15:14:39,64.35,3,0,0,,86.55,10,71.35,8,35.15,3
2026-09-02 15:14:52,59.10,3,0,0,,76.75,10,67.20,8,33.35,3
2026-09-02 15:15:06,63.80,3,0,0,,78.15,10,73.25,8,40.00,3
2026-09-02 15:15:19,59.13,3,0,0,,81.25,10,64.45,8,31.70,3
2026-09-02 15:15:32,59.73,3,0,0,,78.00,10,66.60,8,34.60,3
2026-09-02 15:15:45,59.28,3,0,0,,78.15,10,66.70,8,33.00,2
2026-09-02 15:15:59,58.28,3,0,0,,83.05,10,67.00,8,24.80,2
2026-09-02 15:16:12,64.23,3,0,0,,86.60,10,73.40,8,32.70,2
2026-09-02 15:16:26,57.00,3,0,0,,82.00,10,64.80,8,24.20,2
2026-09-02 15:16:39,61.37,3,0,0,,85.80,10,67.90,8,30.40,2
2026-09-02 15:16:53,54.75,3,0,0,,82.10,10,65.35,8,16.80,1
2026-09-02 15:17:06,57.42,3,0,0,,77.90,10,70.85,8,23.50,1
2026-09-02 15:17:20,55.15,3,0,0,,80.05,10,68.90,8,16.50,1
2026-09-02 15:17:33,54.30,3,0,0,,77.95,10,64.85,8,20.10,1
2026-09-02 15:17:46,54.73,3,0,0,,77.80,10,65.00,8,21.40,1
2026-09-02 15:18:00,56.50,3,0,0,,80.75,10,65.95,8,22.80,1
2026-09-02 15:18:12,53.00,2,1,0,,86.10,10,72.90,8,0.00,0
2026-09-02 15:18:30,51.75,2,1,0,,86.30,10,68.95,8,0.00,0
2026-09-02 15:18:42,77.55,2,0,1,,81.95,10,73.15,8,0.00,0
2026-09-02 15:18:55,74.40,2,0,1,,77.95,10,70.85,8,0.00,0
2026-09-02 15:19:07,76.90,2,0,1,,80.10,10,73.70,8,0.00,0
2026-09-02 15:19:20,71.38,2,0,1,,85.80,10,56.95,7,0.00,0
2026-09-02 15:19:32,69.42,2,0,1,,79.95,10,58.90,7,0.00,0
2026-09-02 15:19:44,69.60,2,0,1,,78.60,10,60.60,7,0.00,0
2026-09-02 15:19:56,71.72,2,0,1,,83.25,10,60.20,7,0.00,0
2026-09-02 15:20:09,76.07,2,0,1,,86.10,10,66.05,7,0.00,0
2026-09-02 15:20:21,68.62,2,0,1,,81.90,10,55.35,7,0.00,0
2026-09-02 15:20:33,68.65,2,0,1,,86.10,10,51.20,6,0.00,0
2026-09-02 15:20:46,67.70,2,0,1,,83.80,10,51.60,6,0.00,0
2026-09-02 15:20:58,69.60,2,0,1,,86.50,10,52.70,6,0.00,0
2026-09-02 15:21:10,70.47,2,0,1,,81.85,10,59.10,6,0.00,0
2026-09-02 15:21:22,66.45,2,0,1,,77.65,10,55.25,6,0.00,0
2026-09-02 15:21:34,63.12,2,0,1,,81.90,10,44.35,5,0.00,0
2026-09-02 15:21:47,65.53,2,0,1,,86.50,10,44.55,5,0.00,0
2026-09-02 15:21:59,64.03,2,0,1,,81.85,10,46.20,5,0.00,0
2026-09-02 15:22:11,64.15,2,0,1,,77.75,10,50.55,5,0.00,0
2026-09-02 15:22:23,63.28,2,0,1,,78.20,10,48.35,5,0.00,0
2026-09-02 15:22:36,63.08,2,0,1,,82.00,10,44.15,5,0.00,0
2026-09-02 15:22:48,59.38,2,0,1,,82.00,10,36.75,4,0.00,0
2026-09-02 15:23:01,57.92,2,0,1,,77.85,10,38.00,4,0.00,0
2026-09-02 15:23:13,60.40,2,0,1,,79.60,10,41.20,4,0.00,0
2026-09-02 15:23:25,63.62,2,0,1,,80.75,10,46.50,4,0.00,0
2026-09-02 15:23:37,59.95,2,0,1,,78.05,10,41.85,4,0.00,0
2026-09-02 15:23:50,54.23,2,0,1,,77.90,10,30.55,4,0.00,0
2026-09-02 15:24:03,57.73,2,0,1,,83.65,10,31.80,3,0.00,0
2026-09-02 15:24:15,61.65,2,0,1,,86.30,10,37.00,3,0.00,0
2026-09-02 15:24:27,60.68,2,0,1,,86.35,10,35.00,3,0.00,0
2026-09-02 15:24:39,56.55,2,0,1,,82.10,10,31.00,3,0.00,0
2026-09-02 15:24:52,58.53,2,0,1,,85.85,10,31.20,3,0.00,0
2026-09-02 15:25:04,54.27,2,0,1,,81.80,10,26.75,2,0.00,0
2026-09-02 15:25:16,54.73,2,0,1,,76.90,10,32.55,2,0.00,0
2026-09-02 15:25:28,55.25,2,0,1,,82.05,10,28.45,2,0.00,0
2026-09-02 15:25:38,0.00,0,0,0,,0.00,0,0.00,0,0.00,0
2026-09-02 15:25:51,55.23,2,0,1,,86.05,10,24.40,2,0.00,0
2026-09-02 15:26:04,57.02,2,0,1,,81.80,10,32.25,2,0.00,0
2026-09-02 15:26:16,49.75,2,0,1,,78.10,10,21.40,1,0.00,0
2026-09-02 15:26:28,47.48,2,0,1,,77.50,10,17.45,1,0.00,0
2026-09-02 15:26:41,51.97,2,0,1,,81.90,10,22.05,1,0.00,0
2026-09-02 15:26:53,54.02,2,0,1,,81.90,10,26.15,1,0.00,0
2026-09-02 15:27:05,47.60,2,0,1,,77.85,10,17.35,1,0.00,0
2026-09-02 15:27:18,50.35,2,0,1,,80.65,10,20.05,1,0.00,0
2026-09-02 15:27:29,40.17,1,1,1,,80.35,10,0.00,0,0.00,0
2026-09-02 15:27:45,38.95,1,1,1,,77.90,10,0.00,0,0.00,0
2026-09-02 15:27:57,86.55,1,0,2,,86.55,10,0.00,0,0.00,0
2026-09-02 15:28:08,81.90,1,0,2,,81.90,10,0.00,0,0.00,0
2026-09-02 15:28:20,78.15,1,0,2,,78.15,10,0.00,0,0.00,0
2026-09-02 15:28:31,71.20,1,0,2,,71.20,10,0.00,0,0.00,0
2026-09-02 15:28:42,75.45,1,0,2,,75.45,9,0.00,0,0.00,0
2026-09-02 15:28:53,75.50,1,0,2,,75.50,9,0.00,0,0.00,0
2026-09-02 15:29:05,71.35,1,0,2,,71.35,9,0.00,0,0.00,0
2026-09-02 15:29:17,74.60,1,0,2,,74.60,9,0.00,0,0.00,0
2026-09-02 15:29:29,77.25,1,0,2,,77.25,9,0.00,0,0.00,0
2026-09-02 15:29:40,65.00,1,0,2,,65.00,9,0.00,0,0.00,0
2026-09-02 15:29:52,66.90,1,0,2,,66.90,8,0.00,0,0.00,0
2026-09-02 15:30:03,70.40,1,0,2,,70.40,8,0.00,0,0.00,0
2026-09-02 15:30:14,73.20,1,0,2,,73.20,8,0.00,0,0.00,0
2026-09-02 15:30:25,68.55,1,0,2,,68.55,8,0.00,0,0.00,0
2026-09-02 15:30:37,72.85,1,0,2,,72.85,8,0.00,0,0.00,0
2026-09-02 15:30:48,66.00,1,0,2,,66.00,8,0.00,0,0.00,0
2026-09-02 15:30:59,66.70,1,0,2,,66.70,7,0.00,0,0.00,0
2026-09-02 15:31:10,62.00,1,0,2,,62.00,7,0.00,0,0.00,0
2026-09-02 15:31:22,57.95,1,0,2,,57.95,7,0.00,0,0.00,0
2026-09-02 15:31:33,58.00,1,0,2,,58.00,7,0.00,0,0.00,0
2026-09-02 15:31:44,57.90,1,0,2,,57.90,7,0.00,0,0.00,0
2026-09-02 15:31:56,53.35,1,0,2,,53.35,7,0.00,0,0.00,0
2026-09-02 15:32:07,55.85,1,0,2,,55.85,6,0.00,0,0.00,0
2026-09-02 15:32:19,56.95,1,0,2,,56.95,6,0.00,0,0.00,0
2026-09-02 15:32:30,59.45,1,0,2,,59.45,6,0.00,0,0.00,0
2026-09-02 15:32:41,56.55,1,0,2,,56.55,6,0.00,0,0.00,0
2026-09-02 15:32:52,59.90,1,0,2,,59.90,6,0.00,0,0.00,0
2026-09-02 15:33:04,55.30,1,0,2,,55.30,6,0.00,0,0.00,0
2026-09-02 15:33:15,44.15,1,0,2,,44.15,5,0.00,0,0.00,0
2026-09-02 15:33:26,46.20,1,0,2,,46.20,5,0.00,0,0.00,0
2026-09-02 15:33:38,44.40,1,0,2,,44.40,5,0.00,0,0.00,0
2026-09-02 15:33:49,47.65,1,0,2,,47.65,5,0.00,0,0.00,0
2026-09-02 15:34:00,52.75,1,0,2,,52.75,5,0.00,0,0.00,0
2026-09-02 15:34:11,48.40,1,0,2,,48.40,5,0.00,0,0.00,0
2026-09-02 15:34:23,37.45,1,0,2,,37.45,4,0.00,0,0.00,0
2026-09-02 15:34:34,37.95,1,0,2,,37.95,4,0.00,0,0.00,0
2026-09-02 15:34:45,37.85,1,0,2,,37.85,4,0.00,0,0.00,0
2026-09-02 15:34:56,43.00,1,0,2,,43.00,4,0.00,0,0.00,0
2026-09-02 15:35:07,46.20,1,0,2,,46.20,4,0.00,0,0.00,0
2026-09-02 15:35:19,40.00,1,0,2,,40.00,4,0.00,0,0.00,0
2026-09-02 15:35:30,31.00,1,0,2,,31.00,3,0.00,0,0.00,0
2026-09-02 15:35:41,31.00,1,0,2,,31.00,3,0.00,0,0.00,0
2026-09-02 15:35:52,35.60,1,0,2,,35.60,3,0.00,0,0.00,0
2026-09-02 15:36:04,39.80,1,0,2,,39.80,3,0.00,0,0.00,0
2026-09-02 15:36:15,35.10,1,0,2,,35.10,3,0.00,0,0.00,0
2026-09-02 15:36:26,31.80,1,0,2,,31.80,3,0.00,0,0.00,0
2026-09-02 15:36:37,25.00,1,0,2,,25.00,3,0.00,0,0.00,0
2026-09-02 15:36:48,30.00,1,0,2,,30.00,2,0.00,0,0.00,0
2026-09-02 15:37:00,31.40,1,0,2,,31.40,2,0.00,0,0.00,0
2026-09-02 15:37:11,24.25,1,0,2,,24.25,2,0.00,0,0.00,0
2026-09-02 15:37:22,26.85,1,0,2,,26.85,2,0.00,0,0.00,0
2026-09-02 15:37:33,32.65,1,0,2,,32.65,2,0.00,0,0.00,0
2026-09-02 15:37:44,26.15,1,0,2,,26.15,2,0.00,0,0.00,0
2026-09-02 15:37:56,16.65,1,0,2,,16.65,1,0.00,0,0.00,0
2026-09-02 15:38:07,19.40,1,0,2,,19.40,1,0.00,0,0.00,0
2026-09-02 15:38:18,20.15,1,0,2,,20.15,1,0.00,0,0.00,0
2026-09-02 15:38:30,22.75,1,0,2,,22.75,1,0.00,0,0.00,0
2026-09-02 15:38:41,20.15,1,0,2,,20.15,1,0.00,0,0.00,0
2026-09-02 15:38:53,16.40,1,0,2,,16.40,1,0.00,0,0.00,0
2026-09-02 15:39:04,19.85,0,1,2,,19.85,0,0.00,0,0.00,0
2026-09-02 15:39:15,11.05,0,1,2,,11.05,0,0.00,0,0.00,0
2026-09-02 15:39:26,19.05,0,1,2,,19.05,0,0.00,0,0.00,0
2026-09-02 15:39:37,10.60,0,1,2,,10.60,0,0.00,0,0.00,0
2026-09-02 15:39:48,16.90,0,1,2,,16.90,0,0.00,0,0.00,0
2026-09-02 15:39:59,15.00,0,1,2,,15.00,0,0.00,0,0.00,0
2026-09-02 15:40:11,10.80,0,1,2,,10.80,0,0.00,0,0.00,0
2026-09-02 15:40:22,11.15,0,1,2,,11.15,0,0.00,0,0.00,0
2026-09-02 15:40:34,14.20,0,1,2,,14.20,0,0.00,0,0.00,0
2026-09-02 15:40:45,17.25,1,0,2,,17.25,1,0.00,0,0.00,0
2026-09-02 15:40:56,16.65,1,0,2,,16.65,1,0.00,0,0.00,0
2026-09-02 15:41:08,17.00,1,0,2,,17.00,1,0.00,0,0.00,0
2026-09-02 15:41:19,26.55,1,0,2,,26.55,1,0.00,0,0.00,0
2026-09-02 15:41:30,25.85,1,0,2,,25.85,1,0.00,0,0.00,0
2026-09-02 15:41:41,26.30,1,0,2,,26.30,1,0.00,0,0.00,0
2026-09-02 15:41:53,21.85,1,0,2,,21.85,1,0.00,0,0.00,0
2026-09-02 15:42:04,28.65,1,0,2,,28.65,2,0.00,0,0.00,0
2026-09-02 15:42:16,25.95,1,0,2,,25.95,2,0.00,0,0.00,0
2026-09-02 15:42:27,24.45,1,0,2,,24.45,2,0.00,0,0.00,0
2026-09-02 15:42:39,28.55,1,0,2,,28.55,2,0.00,0,0.00,0
2026-09-02 15:42:50,24.60,1,0,2,,24.60,2,0.00,0,0.00,0
2026-09-02 15:43:03,28.50,1,0,2,,28.50,2,0.00,0,0.00,0
2026-09-02 15:43:14,32.60,1,0,2,,32.60,3,0.00,0,0.00,0
2026-09-02 15:43:26,26.90,1,0,2,,26.90,3,0.00,0,0.00,0
2026-09-02 15:43:38,37.75,1,0,2,,37.75,3,0.00,0,0.00,0
2026-09-02 15:43:50,30.40,1,0,2,,30.40,3,0.00,0,0.00,0
2026-09-02 15:44:02,39.85,1,0,2,,39.85,3,0.00,0,0.00,0
2026-09-02 15:44:13,32.95,1,0,2,,32.95,3,0.00,0,0.00,0
2026-09-02 15:44:25,35.15,1,0,2,,35.15,3,0.00,0,0.00,0
2026-09-02 15:44:37,33.35,1,0,2,,33.35,4,0.00,0,0.00,0
2026-09-02 15:44:49,42.40,1,0,2,,42.40,4,0.00,0,0.00,0
2026-09-02 15:45:00,34.70,1,0,2,,34.70,4,0.00,0,0.00,0
2026-09-02 15:45:12,45.00,1,0,2,,45.00,4,0.00,0,0.00,0
2026-09-02 15:45:23,39.80,1,0,2,,39.80,4,0.00,0,0.00,0
2026-09-02 15:45:34,37.65,1,0,2,,37.65,4,0.00,0,0.00,0
2026-09-02 15:45:46,46.25,1,0,2,,46.25,4,0.00,0,0.00,0
2026-09-02 15:45:58,42.15,1,0,2,,42.15,5,0.00,0,0.00,0
2026-09-02 15:46:09,43.65,1,0,2,,43.65,5,0.00,0,0.00,0
2026-09-02 15:46:21,40.00,1,0,2,,40.00,5,0.00,0,0.00,0
2026-09-02 15:46:33,50.55,1,0,2,,50.55,5,0.00,0,0.00,0
2026-09-02 15:46:45,43.45,1,0,2,,43.45,5,0.00,0,0.00,0
2026-09-02 15:46:57,53.10,1,0,2,,53.10,5,0.00,0,0.00,0
2026-09-02 15:47:09,44.50,1,0,2,,44.50,6,0.00,0,0.00,0
2026-09-02 15:47:20,55.75,1,0,2,,55.75,6,0.00,0,0.00,0
2026-09-02 15:47:31,52.70,1,0,2,,52.70,6,0.00,0,0.00,0
2026-09-02 15:47:42,49.00,1,0,2,,49.00,6,0.00,0,0.00,0
2026-09-02 15:47:54,58.10,1,0,2,,58.10,6,0.00,0,0.00,0
2026-09-02 15:48:05,50.70,1,0,2,,50.70,6,0.00,0,0.00,0
2026-09-02 15:48:17,55.45,1,0,2,,55.45,6,0.00,0,0.00,0
2026-09-02 15:48:28,59.55,1,0,2,,59.55,7,0.00,0,0.00,0
2026-09-02 15:48:40,53.85,1,0,2,,53.85,7,0.00,0,0.00,0
2026-09-02 15:48:51,63.85,1,0,2,,63.85,7,0.00,0,0.00,0
2026-09-02 15:49:03,56.00,1,0,2,,56.00,7,0.00,0,0.00,0
2026-09-02 15:49:14,65.85,1,0,2,,65.85,7,0.00,0,0.00,0
2026-09-02 15:49:26,63.80,1,0,2,,63.80,7,0.00,0,0.00,0
2026-09-02 15:49:37,58.10,1,0,2,,58.10,8,0.00,0,0.00,0
2026-09-02 15:49:49,69.20,1,0,2,,69.20,8,0.00,0,0.00,0
2026-09-02 15:50:00,60.70,1,0,2,,60.70,8,0.00,0,0.00,0
2026-09-02 15:50:11,70.85,1,0,2,,70.85,8,0.00,0,0.00,0
2026-09-02 15:50:23,65.90,1,0,2,,65.90,8,0.00,0,0.00,0
2026-09-02 15:50:34,63.75,1,0,2,,63.75,8,0.00,0,0.00,0
2026-09-02 15:50:46,68.85,1,0,2,,68.85,8,0.00,0,0.00,0
2026-09-02 15:50:57,67.00,1,0,2,,67.00,9,0.00,0,0.00,0
2026-09-02 15:51:09,75.85,1,0,2,,75.85,9,0.00,0,0.00,0
2026-09-02 15:51:20,67.50,1,0,2,,67.50,9,0.00,0,0.00,0
2026-09-02 15:51:32,72.20,1,0,2,,72.20,9,0.00,0,0.00,0
2026-09-02 15:51:44,47.12,1,1,1,,77.75,9,16.50,0,0.00,0
2026-09-02 15:51:58,41.35,1,1,1,,71.45,9,11.25,0,0.00,0
2026-09-02 15:52:12,45.67,2,0,1,,75.65,9,15.70,1,0.00,0
2026-09-02 15:52:25,47.98,2,0,1,,79.45,9,16.50,1,0.00,0
2026-09-02 15:52:38,50.25,2,0,1,,74.25,9,26.25,1,0.00,0
2026-09-02 15:52:51,48.53,2,0,1,,71.70,9,25.35,1,0.00,0
2026-09-02 15:53:03,50.83,2,0,1,,80.20,9,21.45,1,0.00,0
2026-09-02 15:53:16,44.52,2,0,1,,71.55,9,17.50,1,0.00,0
2026-09-02 15:53:28,47.72,2,0,1,,71.40,9,24.05,2,0.00,0
2026-09-02 15:53:41,51.05,2,0,1,,71.60,9,30.50,2,0.00,0
2026-09-02 15:53:53,50.75,2,0,1,,72.20,9,29.30,2,0.00,0
2026-09-02 15:54:06,52.75,2,0,1,,80.45,9,25.05,2,0.00,0
2026-09-02 15:54:19,49.77,2,0,1,,75.00,9,24.55,2,0.00,0
2026-09-02 15:54:33,52.38,2,0,1,,80.30,9,24.45,2,0.00,0
2026-09-02 15:54:45,51.08,2,0,1,,71.20,9,30.95,3,0.00,0
2026-09-02 15:54:58,54.40,2,0,1,,71.75,9,37.05,3,0.00,0
2026-09-02 15:55:10,54.30,2,0,1,,75.55,9,33.05,3,0.00,0
2026-09-02 15:55:22,51.48,2,0,1,,71.50,9,31.45,3,0.00,0
2026-09-02 15:55:34,54.60,2,0,1,,73.85,9,35.35,3,0.00,0
2026-09-02 15:55:47,59.28,2,0,1,,79.70,9,38.85,3,0.00,0
2026-09-02 15:56:00,56.78,2,0,1,,80.15,9,33.40,4,0.00,0
2026-09-02 15:56:12,57.48,2,0,1,,77.20,9,37.75,4,0.00,0
2026-09-02 15:56:25,62.22,2,0,1,,79.55,9,44.90,4,0.00,0
2026-09-02 15:56:38,57.00,2,0,1,,75.55,9,38.45,4,0.00,0
2026-09-02 15:56:51,55.00,2,0,1,,72.15,9,37.85,4,0.00,0
2026-09-02 15:57:05,57.23,2,0,1,,72.35,9,42.10,4,0.00,0
2026-09-02 15:57:17,58.75,2,0,1,,71.65,9,45.85,5,0.00,0
2026-09-02 15:57:30,57.38,2,0,1,,74.10,9,40.65,5,0.00,0
2026-09-02 15:57:42,65.85,2,0,1,,79.90,9,51.80,5,0.00,0
2026-09-02 15:57:54,61.62,2,0,1,,75.60,9,47.65,5,0.00,0
2026-09-02 15:58:07,60.38,2,0,1,,75.65,9,45.10,5,0.00,0
2026-09-02 15:58:20,63.88,2,0,1,,80.45,9,47.30,5,0.00,0
2026-09-02 15:58:33,62.55,2,0,1,,70.65,9,54.45,6,0.00,0
2026-09-02 15:58:45,62.33,2,0,1,,73.25,9,51.40,6,0.00,0
2026-09-02 15:58:57,67.70,2,0,1,,77.40,9,58.00,6,0.00,0
2026-09-02 15:59:10,65.35,2,0,1,,74.10,9,56.60,6,0.00,0
2026-09-02 15:59:22,63.00,2,0,1,,73.80,9,52.20,6,0.00,0
2026-09-02 15:59:35,67.55,2,0,1,,79.45,9,55.65,6,0.00,0
2026-09-02 15:59:47,65.30,2,0,1,,75.55,9,55.05,7,0.00,0
2026-09-02 16:00:00,62.12,2,0,1,,71.45,9,52.80,7,0.00,0
2026-09-02 16:00:12,66.82,2,0,1,,75.65,9,58.00,7,0.00,0
2026-09-02 16:00:25,67.80,2,0,1,,70.75,9,64.85,7,0.00,0
2026-09-02 16:00:38,65.55,2,0,1,,72.45,9,58.65,7,0.00,0
2026-09-02 16:00:51,72.42,2,0,1,,77.80,9,67.05,7,0.00,0
2026-09-02 16:01:03,70.97,2,0,1,,80.45,9,61.50,8,0.00,0
2026-09-02 16:01:15,68.75,2,0,1,,77.20,9,60.30,8,0.00,0
2026-09-02 16:01:28,70.60,2,0,1,,76.55,9,64.65,8,0.00,0
2026-09-02 16:01:42,54.85,2,1,0,,79.95,9,65.20,8,19.40,0
2026-09-02 16:01:55,50.38,2,1,0,,70.40,9,66.95,8,13.80,0
2026-09-02 16:02:09,51.38,2,1,0,,71.25,9,72.50,8,10.40,0
2026-09-02 16:02:22,54.45,3,0,0,,75.65,9,70.65,8,17.05,1
2026-09-02 16:02:36,54.32,3,0,0,,71.50,9,66.90,8,24.55,1
2026-09-02 16:02:49,54.97,3,0,0,,75.00,9,69.25,8,20.65,1
2026-09-02 16:03:03,56.83,3,0,0,,80.30,9,71.00,8,19.20,1
2026-09-02 16:03:17,57.42,3,0,0,,79.95,9,68.10,8,24.20,1
2026-09-02 16:03:30,59.70,3,0,0,,79.85,9,73.05,8,26.20,2
2026-09-02 16:03:43,57.10,3,0,0,,75.55,9,73.15,8,22.60,2
2026-09-02 16:03:57,54.00,3,0,0,,71.65,9,67.60,8,22.75,2
2026-09-02 16:04:10,55.75,3,0,0,,73.35,9,66.00,8,27.90,2
2026-09-02 16:04:24,57.22,3,0,0,,71.65,9,67.45,8,32.55,2
2026-09-02 16:04:38,59.12,3,0,0,,74.00,9,73.75,8,29.60,2
2026-09-02 16:04:51,59.85,3,0,0,,80.15,9,73.15,8,26.25,3
2026-09-02 16:05:05,57.27,3,0,0,,70.95,9,69.20,8,31.65,3
2026-09-02 16:05:19,59.77,3,0,0,,75.75,9,65.40,8,38.15,3
2026-09-02 16:05:32,59.55,3,0,0,,71.15,9,73.40,8,34.10,3
2026-09-02 16:05:47,59.38,3,0,0,,73.40,9,73.95,8,30.80,3
2026-09-02 16:06:03,57.02,3,0,0,,75.70,9,65.00,8,30.35,3
2026-09-02 16:06:17,62.70,3,0,0,,75.75,9,70.75,8,41.60,4
2026-09-02 16:06:30,61.23,3,0,0,,75.65,9,69.20,8,38.85,4
2026-09-02 16:06:44,59.13,3,0,0,,71.80,9,65.30,8,40.30,4
2026-09-02 16:06:58,63.02,3,0,0,,78.55,9,64.60,8,45.90,4
2026-09-02 16:07:12,61.87,3,0,0,,75.90,9,68.55,8,41.15,4
2026-09-02 16:07:26,64.08,3,0,0,,79.90,9,69.20,8,43.15,5
2026-09-02 16:07:39,61.08,3,0,0,,75.55,9,65.25,8,42.45,5
2026-09-02 16:07:55,62.43,3,0,0,,71.60,9,65.30,8,50.40,5
2026-09-02 16:08:09,67.05,3,0,0,,80.40,9,73.15,8,47.60,5
2026-09-02 16:08:22,67.18,3,0,0,,79.55,9,69.30,8,52.70,5
2026-09-02 16:08:37,65.97,3,0,0,,80.35,9,67.70,8,49.85,5
2026-09-02 16:08:51,65.07,3,0,0,,71.75,9,73.40,8,50.05,6
2026-09-02 16:09:05,68.48,3,0,0,,76.85,9,73.60,8,55.00,6
2026-09-02 16:09:19,66.28,3,0,0,,77.80,9,65.25,8,55.80,6
2026-09-02 16:09:33,66.57,3,0,0,,77.15,9,71.00,8,51.55,6
2026-09-02 16:09:47,66.53,3,0,0,,75.55,9,69.20,8,54.85,6
2026-09-02 16:10:01,66.33,3,0,0,,71.50,9,73.80,8,53.70,7
2026-09-02 16:10:14,64.12,3,0,0,,74.25,9,64.90,8,53.20,7
2026-09-02 16:10:28,66.30,3,0,0,,71.65,9,70.00,8,57.25,7
2026-09-02 16:10:42,69.98,3,0,0,,75.55,9,74.00,8,60.40,7
2026-09-02 16:10:55,69.93,3,0,0,,80.30,9,69.30,8,60.20,7
2026-09-02 16:11:10,68.83,3,0,0,,70.95,9,69.20,8,66.35,7
2026-09-02 16:11:24,66.90,3,0,0,,70.85,9,67.70,8,62.15,8
2026-09-02 16:11:37,69.87,3,0,0,,71.45,9,74.00,8,64.15,8
2026-09-02 16:11:51,70.23,3,0,0,,74.45,9,69.35,8,66.90,8
2026-09-02 16:12:04,70.38,3,0,0,,79.85,9,69.20,8,62.10,8
2026-09-02 16:12:18,69.32,3,0,0,,75.65,9,65.45,8,66.85,8
2026-09-02 16:12:32,74.40,3,0,0,,80.15,9,73.25,8,69.80,9
2026-09-02 16:12:45,71.82,3,0,0,,75.55,9,69.20,8,70.70,9
2026-09-02 16:12:59,70.42,3,0,0,,71.55,9,69.40,8,70.30,9
2026-09-02 16:13:12,70.17,3,0,0,,77.10,9,65.40,8,68.00,9
2026-09-02 16:13:26,73.25,3,0,0,,77.40,9,69.30,8,73.05,9
2026-09-02 16:13:40,73.93,3,0,0,,75.10,9,69.20,8,77.50,9
2026-09-02 16:13:54,74.00,3,0,0,,75.50,9,76.05,9,70.45,9
2026-09-02 16:14:07,73.52,3,0,0,,71.55,9,69.90,9,79.10,9
2026-09-02 16:14:21,75.95,3,0,0,,73.30,9,80.75,9,73.80,9
2026-09-02 16:14:35,74.23,3,0,0,,71.50,9,80.20,9,71.00,9
2026-09-02 16:14:49,77.37,3,0,0,,74.95,9,77.45,9,79.70,9
2026-09-02 16:15:02,76.00,3,0,0,,80.30,9,73.85,9,73.85,9
2026-09-02 16:15:15,71.90,3,0,0,,71.40,9,73.40,9,70.90,9
2026-09-02 16:15:29,72.18,3,0,0,,76.10,9,69.90,9,70.55,9
2026-09-02 16:15:43,71.58,3,0,0,,70.50,9,69.20,8,75.05,9
2026-09-02 16:15:56,73.08,3,0,0,,73.25,9,69.30,8,76.70,9
2026-09-02 16:16:09,73.45,3,0,0,,79.35,9,69.20,8,71.80,9
2026-09-02 16:16:23,73.63,3,0,0,,80.50,9,65.30,8,75.10,9
2026-09-02 16:16:37,75.17,3,0,0,,78.90,9,73.20,8,73.40,9
2026-09-02 16:16:50,71.60,3,0,0,,75.55,9,69.25,8,70.00,8
2026-09-02 16:17:04,71.03,3,0,0,,71.55,9,69.30,8,72.25,8
2026-09-02 16:17:17,69.52,3,0,0,,74.95,9,65.20,8,68.40,8
2026-09-02 16:17:31,69.38,3,0,0,,74.10,9,69.95,8,64.10,8
2026-09-02 16:17:44,69.30,3,0,0,,74.15,9,69.25,8,64.50,8
2026-09-02 16:17:58,70.47,3,0,0,,80.10,9,69.50,8,61.80,7
2026-09-02 16:18:11,67.70,3,0,0,,75.60,9,69.30,8,58.20,7
2026-09-02 16:18:25,67.18,3,0,0,,72.15,9,66.30,8,63.10,7
2026-09-02 16:18:39,68.82,3,0,0,,71.10,9,73.70,8,61.65,7
2026-09-02 16:18:53,68.13,3,0,0,,72.75,9,65.20,8,66.45,7
2026-09-02 16:19:06,67.98,3,0,0,,79.55,9,69.50,8,54.90,6
2026-09-02 16:19:20,64.02,3,0,0,,75.55,9,65.55,8,50.95,6
2026-09-02 16:19:33,67.45,3,0,0,,75.55,9,72.80,8,54.00,6
2026-09-02 16:19:47,69.50,3,0,0,,80.35,9,69.25,8,58.90,6
2026-09-02 16:20:00,66.45,3,0,0,,71.45,9,69.45,8,58.45,6
2026-09-02 16:20:14,62.17,3,0,0,,73.90,9,64.60,8,48.00,5
2026-09-02 16:20:27,63.32,3,0,0,,78.50,9,67.50,8,43.95,5
2026-09-02 16:20:41,66.00,3,0,0,,74.35,9,74.05,8,49.60,5
2026-09-02 16:20:55,64.50,3,0,0,,79.85,9,65.35,8,48.30,5
2026-09-02 16:21:08,65.95,3,0,0,,75.60,9,69.40,8,52.85,5
2026-09-02 16:21:21,59.55,3,0,0,,71.70,9,65.50,8,41.45,4
2026-09-02 16:21:34,60.23,3,0,0,,71.60,9,71.15,8,37.95,4
2026-09-02 16:21:48,61.25,3,0,0,,71.30,9,69.25,8,43.20,4
2026-09-02 16:22:01,62.95,3,0,0,,74.00,9,69.35,8,45.50,4
2026-09-02 16:22:14,63.62,3,0,0,,80.00,9,69.40,8,41.45,4
2026-09-02 16:22:28,60.55,3,0,0,,75.65,9,66.35,8,39.65,4
2026-09-02 16:22:41,63.98,3,0,0,,80.00,9,73.30,8,38.65,3
2026-09-02 16:22:54,61.38,3,0,0,,75.50,9,69.30,8,39.35,3
2026-09-02 16:23:08,57.08,3,0,0,,71.50,9,69.40,8,30.35,3
2026-09-02 16:23:21,58.08,3,0,0,,74.10,9,64.90,8,35.25,3
2026-09-02 16:23:34,60.27,3,0,0,,73.50,9,67.75,8,39.55,3
2026-09-02 16:23:48,58.53,3,0,0,,73.50,9,74.05,8,28.05,2
2026-09-02 16:24:01,58.07,3,0,0,,79.00,9,69.40,8,25.80,2
2026-09-02 16:24:14,59.07,3,0,0,,75.55,9,69.20,8,32.45,2
2026-09-02 16:24:28,53.60,3,0,0,,71.55,9,65.30,8,23.95,2
2026-09-02 16:24:41,58.27,3,0,0,,75.65,9,71.05,8,28.10,2
2026-09-02 16:24:54,55.12,3,0,0,,70.70,9,69.25,8,25.40,1
2026-09-02 16:25:07,54.73,3,0,0,,73.40,9,69.35,8,21.45,1
2026-09-02 16:25:21,56.40,3,0,0,,79.80,9,69.30,8,20.10,1
2026-09-02 16:25:34,55.88,3,0,0,,79.85,9,66.40,8,21.40,1
2026-09-02 16:25:49,55.77,3,0,0,,77.05,9,70.45,8,19.80,1
2026-09-02 16:26:03,53.32,3,0,0,,75.65,9,64.90,8,19.40,1
2026-09-02 16:26:15,47.00,2,1,0,,71.75,9,69.25,8,0.00,0
2026-09-02 16:26:32,46.57,2,1,0,,74.50,9,65.20,8,0.00,0
2026-09-02 16:26:45,72.42,2,0,1,,79.85,9,65.00,8,0.00,0
2026-09-02 16:26:57,71.58,2,0,1,,75.55,9,67.60,8,0.00,0
2026-09-02 16:27:10,65.17,2,0,1,,71.55,9,58.80,8,0.00,0
2026-09-02 16:27:22,66.50,2,0,1,,74.10,9,58.90,7,0.00,0
2026-09-02 16:27:34,68.92,2,0,1,,72.05,9,65.80,7,0.00,0
2026-09-02 16:27:47,66.92,2,0,1,,71.55,9,62.30,7,0.00,0
2026-09-02 16:27:59,65.97,2,0,1,,73.65,9,58.30,7,0.00,0
2026-09-02 16:28:12,68.72,2,0,1,,79.50,9,57.95,7,0.00,0
2026-09-02 16:28:24,63.60,2,0,1,,75.55,9,51.65,6,0.00,0
2026-09-02 16:28:36,68.95,2,0,1,,80.40,9,57.50,6,0.00,0
2026-09-02 16:28:48,67.70,2,0,1,,79.80,9,55.60,6,0.00,0
2026-09-02 16:29:00,63.58,2,0,1,,75.55,9,51.60,6,0.00,0
2026-09-02 16:29:13,61.45,2,0,1,,71.35,9,51.55,6,0.00,0
2026-09-02 16:29:26,63.10,2,0,1,,71.55,9,54.65,6,0.00,0
2026-09-02 16:29:38,64.67,2,0,1,,75.95,9,53.40,5,0.00,0
2026-09-02 16:29:50,59.77,2,0,1,,75.60,9,43.95,5,0.00,0
2026-09-02 16:30:03,59.35,2,0,1,,71.45,9,47.25,5,0.00,0
2026-09-02 16:30:15,60.05,2,0,1,,73.30,9,46.80,5,0.00,0
2026-09-02 16:30:27,66.05,2,0,1,,78.85,9,53.25,5,0.00,0
2026-09-02 16:30:40,58.08,2,0,1,,74.00,9,42.15,5,0.00,0
2026-09-02 16:30:52,56.18,2,0,1,,73.55,9,38.80,4,0.00,0
2026-09-02 16:31:04,61.95,2,0,1,,77.65,9,46.25,4,0.00,0
2026-09-02 16:31:16,63.55,2,0,1,,80.35,9,46.75,4,0.00,0
2026-09-02 16:31:29,56.62,2,0,1,,71.20,9,42.05,4,0.00,0
2026-09-02 16:31:41,57.70,2,0,1,,75.65,9,39.75,4,0.00,0
2026-09-02 16:31:53,56.42,2,0,1,,75.50,9,37.35,3,0.00,0
2026-09-02 16:32:06,53.22,2,0,1,,71.00,9,35.45,3,0.00,0
2026-09-02 16:32:18,51.95,2,0,1,,72.65,9,31.25,3,0.00,0
2026-09-02 16:32:30,56.20,2,0,1,,77.65,9,34.75,3,0.00,0
2026-09-02 16:32:42,53.67,2,0,1,,72.05,9,35.30,3,0.00,0
2026-09-02 16:32:55,52.00,2,0,1,,72.65,9,31.35,3,0.00,0
2026-09-02 16:33:07,54.50,2,0,1,,77.80,9,31.20,2,0.00,0
2026-09-02 16:33:19,56.95,2,0,1,,80.40,9,33.50,2,0.00,0
2026-09-02 16:33:31,50.20,2,0,1,,75.70,9,24.70,2,0.00,0
2026-09-02 16:33:44,55.45,2,0,1,,80.05,9,30.85,2,0.00,0
2026-09-02 16:33:56,54.45,2,0,1,,80.20,9,28.70,2,0.00,0
2026-09-02 16:34:08,50.88,2,0,1,,75.55,9,26.20,2,0.00,0
2026-09-02 16:34:20,47.33,2,0,1,,71.55,9,23.10,1,0.00,0
2026-09-02 16:34:32,47.38,2,0,1,,73.10,9,21.65,1,0.00,0
2026-09-02 16:34:44,45.25,2,0,1,,71.20,9,19.30,1,0.00,0
2026-09-02 16:34:56,48.83,2,0,1,,71.50,9,26.15,1,0.00,0
2026-09-02 16:35:08,45.50,2,0,1,,73.40,9,17.60,1,0.00,0
2026-09-02 16:35:21,45.23,2,0,1,,77.40,9,13.05,1,0.00,0
2026-09-02 16:35:33,44.28,1,1,1,,79.90,9,8.65,0,0.00,0
2026-09-02 16:35:50,37.45,1,1,1,,74.90,9,0.00,0,0.00,0
2026-09-02 16:36:01,71.55,1,0,2,,71.55,9,0.00,0,0.00,0
2026-09-02 16:36:12,74.65,1,0,2,,74.65,9,0.00,0,0.00,0
2026-09-02 16:36:24,79.80,1,0,2,,79.80,9,0.00,0,0.00,0
2026-09-02 16:36:35,73.25,1,0,2,,73.25,8,0.00,0,0.00,0
2026-09-02 16:36:47,67.65,1,0,2,,67.65,8,0.00,0,0.00,0
2026-09-02 16:36:58,73.20,1,0,2,,73.20,8,0.00,0,0.00,0
2026-09-02 16:37:10,68.90,1,0,2,,68.90,8,0.00,0,0.00,0
2026-09-02 16:37:21,64.60,1,0,2,,64.60,8,0.00,0,0.00,0
2026-09-02 16:37:33,65.05,1,0,2,,65.05,8,0.00,0,0.00,0
2026-09-02 16:37:44,62.50,1,0,2,,62.50,7,0.00,0,0.00,0
2026-09-02 16:37:55,57.30,1,0,2,,57.30,7,0.00,0,0.00,0
2026-09-02 16:38:06,58.60,1,0,2,,58.60,7,0.00,0,0.00,0
2026-09-02 16:38:18,58.50,1,0,2,,58.50,7,0.00,0,0.00,0
2026-09-02 16:38:30,58.30,1,0,2,,58.30,7,0.00,0,0.00,0
2026-09-02 16:38:42,62.35,1,0,2,,62.35,7,0.00,0,0.00,0
2026-09-02 16:38:53,54.95,1,0,2,,54.95,7,0.00,0,0.00,0
2026-09-02 16:39:04,59.70,1,0,2,,59.70,6,0.00,0,0.00,0
2026-09-02 16:39:16,55.40,1,0,2,,55.40,6,0.00,0,0.00,0
2026-09-02 16:39:27,55.40,1,0,2,,55.40,6,0.00,0,0.00,0
2026-09-02 16:39:38,55.50,1,0,2,,55.50,6,0.00,0,0.00,0
2026-09-02 16:39:49,55.40,1,0,2,,55.40,6,0.00,0,0.00,0
2026-09-02 16:40:01,44.75,1,0,2,,44.75,6,0.00,0,0.00,0
2026-09-02 16:40:12,43.80,1,0,2,,43.80,5,0.00,0,0.00,0
2026-09-02 16:40:24,48.70,1,0,2,,48.70,5,0.00,0,0.00,0
2026-09-02 16:40:35,48.60,1,0,2,,48.60,5,0.00,0,0.00,0
2026-09-02 16:40:47,52.50,1,0,2,,52.50,5,0.00,0,0.00,0
2026-09-02 16:40:59,50.40,1,0,2,,50.40,5,0.00,0,0.00,0
2026-09-02 16:41:11,43.85,1,0,2,,43.85,5,0.00,0,0.00,0
2026-09-02 16:41:23,46.55,1,0,2,,46.55,4,0.00,0,0.00,0
2026-09-02 16:41:34,42.00,1,0,2,,42.00,4,0.00,0,0.00,0
2026-09-02 16:41:45,41.95,1,0,2,,41.95,4,0.00,0,0.00,0
2026-09-02 16:41:56,37.90,1,0,2,,37.90,4,0.00,0,0.00,0
2026-09-02 16:42:07,40.30,1,0,2,,40.30,4,0.00,0,0.00,0
2026-09-02 16:42:19,46.20,1,0,2,,46.20,4,0.00,0,0.00,0
2026-09-02 16:42:30,35.10,1,0,2,,35.10,3,0.00,0,0.00,0
2026-09-02 16:42:42,35.15,1,0,2,,35.15,3,0.00,0,0.00,0
2026-09-02 16:42:53,31.15,1,0,2,,31.15,3,0.00,0,0.00,0
2026-09-02 16:43:04,34.55,1,0,2,,34.55,3,0.00,0,0.00,0
2026-09-02 16:43:15,39.90,1,0,2,,39.90,3,0.00,0,0.00,0
2026-09-02 16:43:27,30.50,1,0,2,,30.50,3,0.00,0,0.00,0
2026-09-02 16:43:38,24.65,1,0,2,,24.65,2,0.00,0,0.00,0
2026-09-02 16:43:49,26.50,1,0,2,,26.50,2,0.00,0,0.00,0
2026-09-02 16:44:00,32.40,1,0,2,,32.40,2,0.00,0,0.00,0
2026-09-02 16:44:11,28.50,1,0,2,,28.50,2,0.00,0,0.00,0
2026-09-02 16:44:22,24.55,1,0,2,,24.55,2,0.00,0,0.00,0
2026-09-02 16:44:34,29.60,1,0,2,,29.60,2,0.00,0,0.00,0
2026-09-02 16:44:45,25.50,1,0,2,,25.50,1,0.00,0,0.00,0
2026-09-02 16:44:56,21.85,1,0,2,,21.85,1,0.00,0,0.00,0
2026-09-02 16:45:07,16.80,1,0,2,,16.80,1,0.00,0,0.00,0
2026-09-02 16:45:18,17.90,1,0,2,,17.90,1,0.00,0,0.00,0
2026-09-02 16:45:29,23.50,1,0,2,,23.50,1,0.00,0,0.00,0
2026-09-02 16:45:41,21.85,1,0,2,,21.85,1,0.00,0,0.00,0
2026-09-02 16:45:52,15.05,0,1,2,,15.05,0,0.00,0,0.00,0
2026-09-02 16:46:03,12.55,0,1,2,,12.55,0,0.00,0,0.00,0
2026-09-02 16:46:14,15.00,0,1,2,,15.00,0,0.00,0,0.00,0
2026-09-02 16:46:25,11.40,0,1,2,,11.40,0,0.00,0,0.00,0
2026-09-02 16:46:36,19.35,0,1,2,,19.35,0,0.00,0,0.00,0
2026-09-02 16:46:47,11.00,0,1,2,,11.00,0,0.00,0,0.00,0
2026-09-02 16:46:58,18.50,0,1,2,,18.50,0,0.00,0,0.00,0
2026-09-02 16:47:09,10.05,0,1,2,,10.05,0,0.00,0,0.00,0
2026-09-02 16:47:20,16.45,0,1,2,,16.45,0,0.00,0,0.00,0
2026-09-02 16:47:31,15.20,0,1,2,,15.20,0,0.00,0,0.00,0
2026-09-02 16:47:42,17.55,1,0,2,,17.55,1,0.00,0,0.00,0
2026-09-02 16:47:54,22.10,1,0,2,,22.10,1,0.00,0,0.00,0
2026-09-02 16:48:05,18.05,1,0,2,,18.05,1,0.00,0,0.00,0
2026-09-02 16:48:17,22.00,1,0,2,,22.00,1,0.00,0,0.00,0
2026-09-02 16:48:28,26.60,1,0,2,,26.60,1,0.00,0,0.00,0
2026-09-02 16:48:40,26.05,1,0,2,,26.05,1,0.00,0,0.00,0
2026-09-02 16:48:52,20.45,1,0,2,,20.45,2,0.00,0,0.00,0
2026-09-02 16:49:03,24.50,1,0,2,,24.50,2,0.00,0,0.00,0
2026-09-02 16:49:15,28.85,1,0,2,,28.85,2,0.00,0,0.00,0
2026-09-02 16:49:26,24.75,1,0,2,,24.75,2,0.00,0,0.00,0
2026-09-02 16:49:38,29.10,1,0,2,,29.10,2,0.00,0,0.00,0
2026-09-02 16:49:50,27.95,1,0,2,,27.95,2,0.00,0,0.00,0
2026-09-02 16:50:01,28.75,1,0,2,,28.75,2,0.00,0,0.00,0
2026-09-02 16:50:13,28.80,1,0,2,,28.80,3,0.00,0,0.00,0
2026-09-02 16:50:25,26.65,1,0,2,,26.65,3,0.00,0,0.00,0
2026-09-02 16:50:36,37.80,1,0,2,,37.80,3,0.00,0,0.00,0
2026-09-02 16:50:48,30.90,1,0,2,,30.90,3,0.00,0,0.00,0
2026-09-02 16:51:00,39.35,1,0,2,,39.35,3,0.00,0,0.00,0
2026-09-02 16:51:13,31.50,1,0,2,,31.50,3,0.00,0,0.00,0
2026-09-02 16:51:26,35.70,1,0,2,,35.70,3,0.00,0,0.00,0
2026-09-02 16:51:37,35.40,1,0,2,,35.40,4,0.00,0,0.00,0
2026-09-02 16:51:49,33.55,1,0,2,,33.55,4,0.00,0,0.00,0
2026-09-02 16:52:01,44.20,1,0,2,,44.20,4,0.00,0,0.00,0
2026-09-02 16:52:12,38.00,1,0,2,,38.00,4,0.00,0,0.00,0
2026-09-02 16:52:24,42.45,1,0,2,,42.45,4,0.00,0,0.00,0
2026-09-02 16:52:35,46.70,1,0,2,,46.70,4,0.00,0,0.00,0
2026-09-02 16:52:47,40.05,1,0,2,,40.05,5,0.00,0,0.00,0
2026-09-02 16:52:59,44.55,1,0,2,,44.55,5,0.00,0,0.00,0
2026-09-02 16:53:10,43.15,1,0,2,,43.15,5,0.00,0,0.00,0
2026-09-02 16:53:21,43.25,1,0,2,,43.25,5,0.00,0,0.00,0
2026-09-02 16:53:32,53.60,1,0,2,,53.60,5,0.00,0,0.00,0
2026-09-02 16:53:44,50.90,1,0,2,,50.90,5,0.00,0,0.00,0
2026-09-02 16:53:55,45.05,1,0,2,,45.05,5,0.00,0,0.00,0
2026-09-02 16:54:07,53.35,1,0,2,,53.35,6,0.00,0,0.00,0
2026-09-02 16:54:19,47.20,1,0,2,,47.20,6,0.00,0,0.00,0
2026-09-02 16:54:30,53.30,1,0,2,,53.30,6,0.00,0,0.00,0
2026-09-02 16:54:41,59.00,1,0,2,,59.00,6,0.00,0,0.00,0
2026-09-02 16:54:52,53.40,1,0,2,,53.40,6,0.00,0,0.00,0
2026-09-02 16:55:04,55.75,1,0,2,,55.75,6,0.00,0,0.00,0
2026-09-02 16:55:16,53.55,1,0,2,,53.55,7,0.00,0,0.00,0
2026-09-02 16:55:27,57.85,1,0,2,,57.85,7,0.00,0,0.00,0
2026-09-02 16:55:38,62.45,1,0,2,,62.45,7,0.00,0,0.00,0
2026-09-02 16:55:49,58.45,1,0,2,,58.45,7,0.00,0,0.00,0
2026-09-02 16:56:01,61.45,1,0,2,,61.45,7,0.00,0,0.00,0
2026-09-02 16:56:13,61.90,1,0,2,,61.90,7,0.00,0,0.00,0
2026-09-02 16:56:25,58.10,1,0,2,,58.10,7,0.00,0,0.00,0
2026-09-02 16:56:38,69.20,1,0,2,,69.20,8,0.00,0,0.00,0
2026-09-02 16:56:50,66.75,1,0,2,,66.75,8,0.00,0,0.00,0
2026-09-02 16:57:01,62.00,1,0,2,,62.00,8,0.00,0,0.00,0
2026-09-02 16:57:13,71.45,1,0,2,,71.45,8,0.00,0,0.00,0
2026-09-02 16:57:24,65.30,1,0,2,,65.30,8,0.00,0,0.00,0
2026-09-02 16:57:36,69.25,1,0,2,,69.25,8,0.00,0,0.00,0
2026-09-02 16:57:47,70.75,1,0,2,,70.75,9,0.00,0,0.00,0
2026-09-02 16:57:59,67.50,1,0,2,,67.50,9,0.00,0,0.00,0
2026-09-02 16:58:10,75.65,1,0,2,,75.65,9,0.00,0,0.00,0
2026-09-02 16:58:22,73.65,1,0,2,,73.65,9,0.00,0,0.00,0
2026-09-02 16:58:33,77.90,1,0,2,,77.90,9,0.00,0,0.00,0
2026-09-02 16:58:45,41.55,1,1,1,,72.65,9,10.45,0,0.00,0
2026-09-02 16:58:59,45.98,2,0,1,,72.20,9,19.75,1,0.00,0
2026-09-02 16:59:12,50.55,2,0,1,,80.60,9,20.50,1,0.00,0
2026-09-02 16:59:25,44.83,2,0,1,,72.25,9,17.40,1,0.00,0
2026-09-02 16:59:37,48.70,2,0,1,,76.10,9,21.30,1,0.00,0
2026-09-02 16:59:49,51.05,2,0,1,,76.05,9,26.05,1,0.00,0
2026-09-02 17:00:03,46.82,2,0,1,,76.15,9,17.50,1,0.00,0
2026-09-02 17:00:15,49.55,2,0,1,,80.70,9,18.40,2,0.00,0
2026-09-02 17:00:28,49.20,2,0,1,,79.80,9,18.60,2,0.00,0
2026-09-02 17:00:40,52.05,2,0,1,,74.10,9,30.00,2,0.00,0
2026-09-02 17:00:52,50.27,2,0,1,,75.10,9,25.45,2,0.00,0
2026-09-02 17:01:05,52.10,2,0,1,,80.20,9,24.00,2,0.00,0
2026-09-02 17:01:18,51.45,2,0,1,,74.95,9,27.95,2,0.00,0
2026-09-02 17:01:30,55.17,2,0,1,,77.80,9,32.55,3,0.00,0
2026-09-02 17:01:43,54.90,2,0,1,,80.75,9,29.05,3,0.00,0
2026-09-02 17:01:55,50.00,2,0,1,,71.55,9,28.45,3,0.00,0
2026-09-02 17:02:08,53.10,2,0,1,,72.10,9,34.10,3,0.00,0
2026-09-02 17:02:20,57.42,2,0,1,,76.20,9,38.65,3,0.00,0
2026-09-02 17:02:33,52.25,2,0,1,,72.00,9,32.50,3,0.00,0
2026-09-02 17:02:46,54.52,2,0,1,,74.45,9,34.60,3,0.00,0
2026-09-02 17:02:58,59.48,2,0,1,,80.40,9,38.55,4,0.00,0
2026-09-02 17:03:11,57.92,2,0,1,,80.75,9,35.10,4,0.00,0
2026-09-02 17:03:23,59.15,2,0,1,,78.10,9,40.20,4,0.00,0
2026-09-02 17:03:36,60.42,2,0,1,,76.00,9,44.85,4,0.00,0
2026-09-02 17:03:48,54.38,2,0,1,,71.55,9,37.20,4,0.00,0
2026-09-02 17:04:01,57.75,2,0,1,,73.70,9,41.80,5,0.00,0
2026-09-02 17:04:14,59.20,2,0,1,,74.75,9,43.65,5,0.00,0
2026-09-02 17:04:26,55.92,2,0,1,,72.05,9,39.80,5,0.00,0
2026-09-02 17:04:39,63.77,2,0,1,,76.10,9,51.45,5,0.00,0
2026-09-02 17:04:52,62.75,2,0,1,,80.60,9,44.90,5,0.00,0
2026-09-02 17:05:04,59.92,2,0,1,,76.10,9,43.75,5,0.00,0
2026-09-02 17:05:17,64.80,2,0,1,,76.10,9,53.50,6,0.00,0
2026-09-02 17:05:30,64.78,2,0,1,,80.80,9,48.75,6,0.00,0
2026-09-02 17:05:42,61.27,2,0,1,,71.90,9,50.65,6,0.00,0
2026-09-02 17:05:55,62.47,2,0,1,,73.50,9,51.45,6,0.00,0
2026-09-02 17:06:07,64.92,2,0,1,,79.85,9,50.00,6,0.00,0
2026-09-02 17:06:20,64.55,2,0,1,,74.20,9,54.90,6,0.00,0
2026-09-02 17:06:33,67.40,2,0,1,,75.15,9,59.65,7,0.00,0
2026-09-02 17:06:45,66.73,2,0,1,,80.65,9,52.80,7,0.00,0
2026-09-02 17:06:58,68.65,2,0,1,,76.10,9,61.20,7,0.00,0
2026-09-02 17:07:10,64.40,2,0,1,,72.10,9,56.70,7,0.00,0
2026-09-02 17:07:23,65.83,2,0,1,,76.15,9,55.50,7,0.00,0
2026-09-02 17:07:36,69.03,2,0,1,,71.80,9,66.25,7,0.00,0
2026-09-02 17:07:49,66.72,2,0,1,,74.70,9,58.75,8,0.00,0
2026-09-02 17:08:02,73.35,2,0,1,,80.20,9,66.50,8,0.00,0
2026-09-02 17:08:14,73.12,2,0,1,,80.60,9,65.65,8,0.00,0
2026-09-02 17:08:27,68.45,2,0,1,,75.75,9,61.15,8,0.00,0
2026-09-02 17:08:40,72.82,2,0,1,,80.50,9,65.15,8,0.00,0
2026-09-02 17:08:53,70.00,2,0,1,,76.00,9,64.00,8,0.00,0
2026-09-02 17:09:07,52.92,3,0,0,,72.00,9,67.80,8,18.95,1
2026-09-02 17:09:21,55.32,3,0,0,,72.10,9,73.10,8,20.75,1
2026-09-02 17:09:35,53.58,3,0,0,,72.00,9,70.45,8,18.30,1
2026-09-02 17:09:49,53.05,3,0,0,,77.55,9,64.45,8,17.15,1
2026-09-02 17:10:03,56.58,3,0,0,,80.05,9,72.85,8,16.85,1
2026-09-02 17:10:16,57.75,3,0,0,,80.90,9,73.05,8,19.30,1
2026-09-02 17:10:30,55.67,3,0,0,,78.20,9,68.35,8,20.45,2
2026-09-02 17:10:44,55.10,3,0,0,,76.00,9,68.50,8,20.80,2
2026-09-02 17:10:58,57.17,3,0,0,,72.15,9,66.90,8,32.45,2
2026-09-02 17:11:12,59.58,3,0,0,,79.10,9,70.30,8,29.35,2
2026-09-02 17:11:26,56.17,3,0,0,,74.70,9,68.35,8,25.45,2
2026-09-02 17:11:41,55.48,3,0,0,,77.90,9,64.40,8,24.15,3
2026-09-02 17:11:54,58.35,3,0,0,,76.00,9,68.60,8,30.45,3
2026-09-02 17:12:08,58.08,3,0,0,,72.15,9,64.75,8,37.35,3
2026-09-02 17:12:22,58.63,3,0,0,,72.45,9,71.60,8,31.85,3
2026-09-02 17:12:35,56.98,3,0,0,,72.05,9,68.35,8,30.55,3
2026-09-02 17:12:49,60.30,3,0,0,,77.95,9,68.40,8,34.55,3
2026-09-02 17:13:03,60.40,3,0,0,,76.10,9,68.40,8,36.70,4
2026-09-02 17:13:17,56.35,3,0,0,,71.50,9,64.50,8,33.05,4
2026-09-02 17:13:31,60.28,3,0,0,,76.00,9,70.50,8,34.35,4
2026-09-02 17:13:45,62.25,3,0,0,,72.05,9,73.30,8,41.40,4
2026-09-02 17:13:58,65.28,3,0,0,,78.10,9,72.40,8,45.35,4
2026-09-02 17:14:13,60.70,3,0,0,,76.00,9,68.70,8,37.40,4
2026-09-02 17:14:27,62.92,3,0,0,,76.00,9,64.45,8,48.30,5
2026-09-02 17:14:41,65.25,3,0,0,,76.00,9,72.30,8,47.45,5
2026-09-02 17:14:55,62.55,3,0,0,,72.50,9,70.60,8,44.55,5
2026-09-02 17:15:09,67.00,3,0,0,,80.10,9,72.55,8,48.35,5
2026-09-02 17:15:23,65.75,3,0,0,,76.15,9,68.55,8,52.55,5
2026-09-02 17:15:37,64.87,3,0,0,,80.45,9,66.35,8,47.80,6
2026-09-02 17:15:51,63.50,3,0,0,,76.10,9,68.00,8,46.40,6
2026-09-02 17:16:05,65.72,3,0,0,,73.95,9,66.70,8,56.50,6
2026-09-02 17:16:19,67.65,3,0,0,,80.35,9,72.85,8,49.75,6
2026-09-02 17:16:32,63.95,3,0,0,,77.60,9,64.00,8,50.25,6
2026-09-02 17:16:46,68.88,3,0,0,,80.40,9,66.75,8,59.50,7
2026-09-02 17:17:00,64.22,3,0,0,,71.40,9,64.55,8,56.70,7
2026-09-02 17:17:14,66.10,3,0,0,,73.85,9,67.15,8,57.30,7
2026-09-02 17:17:27,69.23,3,0,0,,74.70,9,72.65,8,60.35,7
2026-09-02 17:17:41,66.53,3,0,0,,74.00,9,68.45,8,57.15,7
2026-09-02 17:17:55,66.83,3,0,0,,80.10,9,64.20,8,56.20,7
2026-09-02 17:18:09,68.53,3,0,0,,70.85,9,68.50,8,66.25,8
2026-09-02 17:18:23,66.65,3,0,0,,73.60,9,66.50,8,59.85,8
2026-09-02 17:18:37,69.58,3,0,0,,72.05,9,72.85,8,63.85,8
2026-09-02 17:18:51,70.93,3,0,0,,74.35,9,68.60,8,69.85,8
2026-09-02 17:19:04,71.15,3,0,0,,80.75,9,68.40,8,64.30,8
2026-09-02 17:19:20,67.77,3,0,0,,71.80,9,64.40,8,67.10,9
2026-09-02 17:19:34,70.12,3,0,0,,72.10,9,70.05,8,68.20,9
2026-09-02 17:19:48,69.35,3,0,0,,73.20,9,68.45,8,66.40,9
2026-09-02 17:20:02,74.68,3,0,0,,80.00,9,73.20,8,70.85,9
2026-09-02 17:20:16,71.47,3,0,0,,71.30,9,68.65,8,74.45,9
2026-09-02 17:20:31,68.92,3,0,0,,71.95,9,65.55,8,69.25,9
2026-09-02 17:20:45,70.88,3,0,0,,71.85,9,66.85,9,73.95,9
2026-09-02 17:20:59,75.75,3,0,0,,74.20,9,73.45,9,79.60,9
2026-09-02 17:21:14,74.25,3,0,0,,76.20,9,74.15,9,72.40,9
2026-09-02 17:21:28,72.73,3,0,0,,72.10,9,71.30,9,74.80,9
2026-09-02 17:21:42,75.42,3,0,0,,76.20,9,71.00,9,79.05,9
2026-09-02 17:21:56,74.35,3,0,0,,72.25,9,71.30,9,79.50,9
2026-09-02 17:22:09,76.25,3,0,0,,79.90,9,75.20,9,73.65,9
2026-09-02 17:22:23,73.20,3,0,0,,76.10,9,68.40,8,75.10,9
2026-09-02 17:22:37,71.85,3,0,0,,76.10,9,64.45,8,75.00,9
2026-09-02 17:22:50,73.53,3,0,0,,76.00,9,69.75,8,74.85,9
2026-09-02 17:23:05,72.97,3,0,0,,72.05,9,67.45,8,79.40,9
2026-09-02 17:23:19,75.33,3,0,0,,80.00,9,72.00,8,74.00,9
2026-09-02 17:23:32,71.77,3,0,0,,80.50,9,68.40,8,66.40,8
2026-09-02 17:23:46,71.82,3,0,0,,78.80,9,64.40,8,72.25,8
2026-09-02 17:23:59,70.10,3,0,0,,76.00,9,66.05,8,68.25,8
2026-09-02 17:24:14,68.38,3,0,0,,72.35,9,64.45,8,68.35,8
2026-09-02 17:24:27,70.60,3,0,0,,78.20,9,70.50,8,63.10,8
2026-09-02 17:24:41,68.22,3,0,0,,73.90,9,73.25,8,57.50,7
2026-09-02 17:24:54,68.52,3,0,0,,77.95,9,64.30,8,63.30,7
2026-09-02 17:25:08,68.67,3,0,0,,76.00,9,68.45,8,61.55,7
2026-09-02 17:25:22,67.37,3,0,0,,72.05,9,64.25,8,65.80,7
2026-09-02 17:25:36,65.30,3,0,0,,72.00,9,67.45,8,56.45,7
2026-09-02 17:25:58,63.05,2,1,0,,72.35,-1,66.10,8,50.70,6
2026-09-02 17:26:14,68.33,3,0,0,,77.40,9,70.65,8,56.95,6
2026-09-02 17:26:30,63.92,3,0,0,,72.05,9,64.85,8,54.85,6
2026-09-02 17:26:45,67.47,3,0,0,,76.15,9,72.50,8,53.75,6
2026-09-02 17:27:00,65.50,3,0,0,,73.05,9,68.60,8,54.85,6
2026-09-02 17:27:14,65.75,3,0,0,,80.50,9,68.40,8,48.35,5
2026-09-02 17:27:28,60.13,3,0,0,,71.70,9,64.45,8,44.25,5
2026-09-02 17:27:41,66.00,3,0,0,,76.10,9,70.10,8,51.80,5
2026-09-02 17:27:55,64.42,3,0,0,,71.75,9,73.25,8,48.25,5
2026-09-02 17:28:10,64.73,3,0,0,,74.25,9,73.20,8,46.75,5
2026-09-02 17:28:23,62.80,3,0,0,,80.75,9,68.40,8,39.25,4
2026-09-02 17:28:38,60.68,3,0,0,,76.15,9,64.45,8,41.45,4
2026-09-02 17:28:51,61.07,3,0,0,,75.95,9,69.65,8,37.60,4
2026-09-02 17:29:04,62.72,3,0,0,,72.00,9,72.50,8,43.65,4
2026-09-02 17:29:23,62.22,3,0,0,,80.60,9,68.45,8,37.60,4
2026-09-02 17:29:38,60.10,3,0,0,,76.10,9,65.55,8,38.65,3
2026-09-02 17:29:51,57.70,3,0,0,,70.90,9,72.60,8,29.60,3
2026-09-02 17:30:04,59.70,3,0,0,,73.20,9,73.35,8,32.55,3
2026-09-02 17:30:18,63.80,3,0,0,,79.85,9,72.45,8,39.10,3
2026-09-02 17:30:32,59.80,3,0,0,,76.20,9,68.45,8,34.75,3
2026-09-02 17:30:45,56.75,3,0,0,,80.65,9,64.80,8,24.80,2
2026-09-02 17:31:01,58.95,3,0,0,,76.00,9,72.85,8,28.00,2
2026-09-02 17:31:16,61.05,3,0,0,,78.20,9,72.90,8,32.05,2
2026-09-02 17:31:30,57.55,3,0,0,,76.15,9,68.50,8,28.00,2
2026-09-02 17:31:45,57.92,3,0,0,,76.15,9,67.70,8,29.90,2
2026-09-02 17:31:58,55.30,3,0,0,,71.65,9,72.90,8,21.35,1
2026-09-02 17:32:12,55.55,3,0,0,,74.50,9,72.95,8,19.20,1
2026-09-02 17:32:25,59.73,3,0,0,,80.25,9,73.10,8,25.85,1
2026-09-02 17:32:39,53.78,3,0,0,,80.45,9,63.55,8,17.35,1
2026-09-02 17:32:53,57.38,3,0,0,,79.90,9,66.70,8,25.55,1
2026-09-02 17:33:06,52.77,2,1,0,,76.00,9,71.85,8,10.45,0
2026-09-02 17:33:24,46.42,2,1,0,,72.15,9,67.10,8,0.00,0
2026-09-02 17:33:36,70.17,2,0,1,,76.00,9,64.35,8,0.00,0
2026-09-02 17:33:48,73.97,2,0,1,,80.50,9,67.45,8,0.00,0
2026-09-02 17:34:01,74.28,2,0,1,,76.00,9,72.55,8,0.00,0
2026-09-02 17:34:13,68.60,2,0,1,,72.05,9,65.15,8,0.00,0
2026-09-02 17:34:26,68.60,2,0,1,,73.95,9,63.25,7,0.00,0
2026-09-02 17:34:38,70.78,2,0,1,,75.40,9,66.15,7,0.00,0
2026-09-02 17:34:52,65.05,2,0,1,,72.60,9,57.50,7,0.00,0
2026-09-02 17:35:04,68.12,2,0,1,,78.10,9,58.15,7,0.00,0
2026-09-02 17:35:17,63.30,2,0,1,,76.00,9,50.60,7,0.00,0
2026-09-02 17:35:29,61.40,2,0,1,,71.70,9,51.10,6,0.00,0
2026-09-02 17:35:42,62.70,2,0,1,,71.00,9,54.40,6,0.00,0
2026-09-02 17:35:54,67.80,2,0,1,,76.05,9,59.55,6,0.00,0
2026-09-02 17:36:06,63.45,2,0,1,,71.95,9,54.95,6,0.00,0
2026-09-02 17:36:20,64.70,2,0,1,,74.45,9,54.95,6,0.00,0
2026-09-02 17:36:32,64.30,2,0,1,,80.35,9,48.25,5,0.00,0
2026-09-02 17:36:44,62.42,2,0,1,,80.05,9,44.80,5,0.00,0
2026-09-02 17:36:57,64.67,2,0,1,,78.10,9,51.25,5,0.00,0
2026-09-02 17:37:09,66.83,2,0,1,,80.70,9,52.95,5,0.00,0
2026-09-02 17:37:21,61.75,2,0,1,,70.90,9,52.60,5,0.00,0
2026-09-02 17:37:34,57.70,2,0,1,,72.10,9,43.30,5,0.00,0
2026-09-02 17:37:46,54.78,2,0,1,,72.15,9,37.40,4,0.00,0
2026-09-02 17:38:01,58.23,2,0,1,,71.15,9,45.30,4,0.00,0
2026-09-02 17:38:14,57.52,2,0,1,,72.10,9,42.95,4,0.00,0
2026-09-02 17:38:26,59.58,2,0,1,,73.90,9,45.25,4,0.00,0
2026-09-02 17:38:40,60.48,2,0,1,,74.80,9,46.15,4,0.00,0
2026-09-02 17:38:52,53.40,2,0,1,,72.05,9,34.75,3,0.00,0
2026-09-02 17:39:05,51.35,2,0,1,,72.00,9,30.70,3,0.00,0
2026-09-02 17:39:18,52.38,2,0,1,,74.00,9,30.75,3,0.00,0
2026-09-02 17:39:31,56.45,2,0,1,,79.15,9,33.75,3,0.00,0
2026-09-02 17:39:43,58.10,2,0,1,,77.30,9,38.90,3,0.00,0
2026-09-02 17:39:59,49.23,2,0,1,,74.05,9,24.40,3,0.00,0
2026-09-02 17:40:15,56.62,2,0,1,,80.85,9,32.40,2,0.00,0
2026-09-02 17:40:27,50.08,2,0,1,,72.05,9,28.10,2,0.00,0
2026-09-02 17:40:40,50.70,2,0,1,,75.10,9,26.30,2,0.00,0
2026-09-02 17:40:52,52.28,2,0,1,,72.15,9,32.40,2,0.00,0
2026-09-02 17:41:05,48.62,2,0,1,,73.50,9,23.75,2,0.00,0
2026-09-02 17:41:19,48.62,2,0,1,,78.10,9,19.15,1,0.00,0
2026-09-02 17:41:31,50.90,2,0,1,,76.05,9,25.75,1,0.00,0
2026-09-02 17:41:44,46.58,2,0,1,,76.20,9,16.95,1,0.00,0
2026-09-02 17:41:57,50.62,2,0,1,,80.95,9,20.30,1,0.00,0
2026-09-02 17:42:10,44.77,2,0,1,,72.40,9,17.15,1,0.00,0
2026-09-02 17:42:23,42.15,2,0,1,,73.50,9,10.80,1,0.00,0
2026-09-02 17:42:39,39.83,1,1,1,,79.65,9,0.00,0,0.00,0
2026-09-02 17:42:50,76.20,1,0,2,,76.20,9,0.00,0,0.00,0
2026-09-02 17:43:01,76.00,1,0,2,,76.00,9,0.00,0,0.00,0
2026-09-02 17:43:13,72.05,1,0,2,,72.05,9,0.00,0,0.00,0
2026-09-02 17:43:25,73.85,1,0,2,,73.85,9,0.00,0,0.00,0
2026-09-02 17:43:36,68.75,1,0,2,,68.75,8,0.00,0,0.00,0
2026-09-02 17:43:47,68.25,1,0,2,,68.25,8,0.00,0,0.00,0
2026-09-02 17:43:59,65.45,1,0,2,,65.45,8,0.00,0,0.00,0
2026-09-02 17:44:10,70.25,1,0,2,,70.25,8,0.00,0,0.00,0
2026-09-02 17:44:21,73.30,1,0,2,,73.30,8,0.00,0,0.00,0
2026-09-02 17:44:33,69.25,1,0,2,,69.25,8,0.00,0,0.00,0
2026-09-02 17:44:44,62.70,1,0,2,,62.70,7,0.00,0,0.00,0
2026-09-02 17:44:56,66.95,1,0,2,,66.95,7,0.00,0,0.00,0
2026-09-02 17:45:07,66.75,1,0,2,,66.75,7,0.00,0,0.00,0
2026-09-02 17:45:19,64.35,1,0,2,,64.35,7,0.00,0,0.00,0
2026-09-02 17:45:30,62.05,1,0,2,,62.05,7,0.00,0,0.00,0
2026-09-02 17:45:42,61.40,1,0,2,,61.40,7,0.00,0,0.00,0
2026-09-02 17:45:53,51.75,1,0,2,,51.75,7,0.00,0,0.00,0
2026-09-02 17:46:05,51.90,1,0,2,,51.90,6,0.00,0,0.00,0
2026-09-02 17:46:16,55.20,1,0,2,,55.20,6,0.00,0,0.00,0
2026-09-02 17:46:27,59.80,1,0,2,,59.80,6,0.00,0,0.00,0
2026-09-02 17:46:38,55.70,1,0,2,,55.70,6,0.00,0,0.00,0
2026-09-02 17:46:49,56.15,1,0,2,,56.15,6,0.00,0,0.00,0
2026-09-02 17:47:01,53.60,1,0,2,,53.60,6,0.00,0,0.00,0
2026-09-02 17:47:12,44.40,1,0,2,,44.40,5,0.00,0,0.00,0
2026-09-02 17:47:23,45.70,1,0,2,,45.70,5,0.00,0,0.00,0
2026-09-02 17:47:34,51.25,1,0,2,,51.25,5,0.00,0,0.00,0
2026-09-02 17:47:46,48.75,1,0,2,,48.75,5,0.00,0,0.00,0
2026-09-02 17:47:57,53.20,1,0,2,,53.20,5,0.00,0,0.00,0
2026-09-02 17:48:08,42.35,1,0,2,,42.35,5,0.00,0,0.00,0
2026-09-02 17:48:19,38.00,1,0,2,,38.00,4,0.00,0,0.00,0
2026-09-02 17:48:31,39.80,1,0,2,,39.80,4,0.00,0,0.00,0
2026-09-02 17:48:42,46.05,1,0,2,,46.05,4,0.00,0,0.00,0
2026-09-02 17:48:53,45.95,1,0,2,,45.95,4,0.00,0,0.00,0
2026-09-02 17:49:04,43.25,1,0,2,,43.25,4,0.00,0,0.00,0
2026-09-02 17:49:16,37.85,1,0,2,,37.85,4,0.00,0,0.00,0
2026-09-02 17:49:27,31.75,1,0,2,,31.75,3,0.00,0,0.00,0
2026-09-02 17:49:38,37.25,1,0,2,,37.25,3,0.00,0,0.00,0
2026-09-02 17:49:49,40.00,1,0,2,,40.00,3,0.00,0,0.00,0
2026-09-02 17:50:00,35.35,1,0,2,,35.35,3,0.00,0,0.00,0
2026-09-02 17:50:11,31.25,1,0,2,,31.25,3,0.00,0,0.00,0
2026-09-02 17:50:23,33.90,1,0,2,,33.90,3,0.00,0,0.00,0
2026-09-02 17:50:34,30.85,1,0,2,,30.85,2,0.00,0,0.00,0
2026-09-02 17:50:45,28.70,1,0,2,,28.70,2,0.00,0,0.00,0
2026-09-02 17:50:56,28.70,1,0,2,,28.70,2,0.00,0,0.00,0
2026-09-02 17:51:07,24.75,1,0,2,,24.75,2,0.00,0,0.00,0
2026-09-02 17:51:18,29.95,1,0,2,,29.95,2,0.00,0,0.00,0
2026-09-02 17:51:30,33.50,1,0,2,,33.50,2,0.00,0,0.00,0
2026-09-02 17:51:41,22.10,1,0,2,,22.10,1,0.00,0,0.00,0
2026-09-02 17:51:52,18.05,1,0,2,,18.05,1,0.00,0,0.00,0
2026-09-02 17:52:03,21.10,1,0,2,,21.10,1,0.00,0,0.00,0
2026-09-02 17:52:15,21.50,1,0,2,,21.50,1,0.00,0,0.00,0
2026-09-02 17:52:26,23.25,1,0,2,,23.25,1,0.00,0,0.00,0
2026-09-02 17:52:38,24.15,1,0,2,,24.15,1,0.00,0,0.00,0
2026-09-02 17:52:49,19.75,0,1,2,,19.75,0,0.00,0,0.00,0
2026-09-02 17:53:00,11.15,0,1,2,,11.15,0,0.00,0,0.00,0
2026-09-02 17:53:12,19.55,0,1,2,,19.55,0,0.00,0,0.00,0
2026-09-02 17:53:22,11.05,0,1,2,,11.05,0,0.00,0,0.00,0
2026-09-02 17:53:33,18.90,0,1,2,,18.90,0,0.00,0,0.00,0
2026-09-02 17:53:45,10.75,0,1,2,,10.75,0,0.00,0,0.00,0
2026-09-02 17:53:56,16.45,0,1,2,,16.45,0,0.00,0,0.00,0
2026-09-02 17:54:07,15.00,0,1,2,,15.00,0,0.00,0,0.00,0
2026-09-02 17:54:18,11.00,0,1,2,,11.00,0,0.00,0,0.00,0
2026-09-02 17:54:29,19.05,0,1,2,,19.05,0,0.00,0,0.00,0
2026-09-02 17:54:41,17.90,1,0,2,,17.90,1,0.00,0,0.00,0
2026-09-02 17:54:52,17.60,1,0,2,,17.60,1,0.00,0,0.00,0
2026-09-02 17:55:04,27.10,1,0,2,,27.10,1,0.00,0,0.00,0
2026-09-02 17:55:15,25.90,1,0,2,,25.90,1,0.00,0,0.00,0
2026-09-02 17:55:26,26.75,1,0,2,,26.75,1,0.00,0,0.00,0
2026-09-02 17:55:37,22.00,1,0,2,,22.00,1,0.00,0,0.00,0
2026-09-02 17:55:49,24.05,1,0,2,,24.05,2,0.00,0,0.00,0
2026-09-02 17:56:00,28.05,1,0,2,,28.05,2,0.00,0,0.00,0
2026-09-02 17:56:11,23.30,1,0,2,,23.30,2,0.00,0,0.00,0
2026-09-02 17:56:23,32.85,1,0,2,,32.85,2,0.00,0,0.00,0
2026-09-02 17:56:34,25.40,1,0,2,,25.40,2,0.00,0,0.00,0
2026-09-02 17:56:46,28.55,1,0,2,,28.55,2,0.00,0,0.00,0
2026-09-02 17:56:58,30.65,1,0,2,,30.65,2,0.00,0,0.00,0
2026-09-02 17:57:09,27.30,1,0,2,,27.30,3,0.00,0,0.00,0
2026-09-02 17:57:20,33.25,1,0,2,,33.25,3,0.00,0,0.00,0
2026-09-02 17:57:32,39.85,1,0,2,,39.85,3,0.00,0,0.00,0
2026-09-02 17:57:43,35.90,1,0,2,,35.90,3,0.00,0,0.00,0
2026-09-02 17:57:54,31.40,1,0,2,,31.40,3,0.00,0,0.00,0
2026-09-02 17:58:06,39.95,1,0,2,,39.95,3,0.00,0,0.00,0
2026-09-02 17:58:17,33.90,1,0,2,,33.90,4,0.00,0,0.00,0
2026-09-02 17:58:29,33.20,1,0,2,,33.20,4,0.00,0,0.00,0
2026-09-02 17:58:41,43.95,1,0,2,,43.95,4,0.00,0,0.00,0
2026-09-02 17:58:52,36.90,1,0,2,,36.90,4,0.00,0,0.00,0
2026-09-02 17:59:04,46.20,1,0,2,,46.20,4,0.00,0,0.00,0
2026-09-02 17:59:16,37.65,1,0,2,,37.65,4,0.00,0,0.00,0
2026-09-02 17:59:29,46.40,1,0,2,,46.40,4,0.00,0,0.00,0
2026-09-02 17:59:40,37.95,1,0,2,,37.95,5,0.00,0,0.00,0
2026-09-02 17:59:52,48.50,1,0,2,,48.50,5,0.00,0,0.00,0
2026-09-02 18:00:04,40.90,1,0,2,,40.90,5,0.00,0,0.00,0
2026-09-02 18:00:16,48.60,1,0,2,,48.60,5,0.00,0,0.00,0
2026-09-02 18:00:28,44.20,1,0,2,,44.20,5,0.00,0,0.00,0
2026-09-02 18:00:40,52.95,1,0,2,,52.95,5,0.00,0,0.00,0
2026-09-02 18:00:52,45.10,1,0,2,,45.10,6,0.00,0,0.00,0
2026-09-02 18:01:04,53.00,1,0,2,,53.00,6,0.00,0,0.00,0
2026-09-02 18:01:15,51.00,1,0,2,,51.00,6,0.00,0,0.00,0
2026-09-02 18:01:27,55.25,1,0,2,,55.25,6,0.00,0,0.00,0
2026-09-02 18:01:38,51.50,1,0,2,,51.50,6,0.00,0,0.00,0
2026-09-02 18:01:50,49.85,1,0,2,,49.85,6,0.00,0,0.00,0
2026-09-02 18:02:01,59.85,1,0,2,,59.85,6,0.00,0,0.00,0
2026-09-02 18:02:13,51.75,1,0,2,,51.75,7,0.00,0,0.00,0
2026-09-02 18:02:24,61.50,1,0,2,,61.50,7,0.00,0,0.00,0
2026-09-02 18:02:35,56.30,1,0,2,,56.30,7,0.00,0,0.00,0
2026-09-02 18:02:47,54.75,1,0,2,,54.75,7,0.00,0,0.00,0
2026-09-02 18:02:58,64.80,1,0,2,,64.80,7,0.00,0,0.00,0
2026-09-02 18:03:09,57.50,1,0,2,,57.50,7,0.00,0,0.00,0
2026-09-02 18:03:21,63.35,1,0,2,,63.35,7,0.00,0,0.00,0
2026-09-02 18:03:32,62.40,1,0,2,,62.40,8,0.00,0,0.00,0
2026-09-02 18:03:44,60.55,1,0,2,,60.55,8,0.00,0,0.00,0
2026-09-02 18:03:55,65.90,1,0,2,,65.90,8,0.00,0,0.00,0
2026-09-02 18:04:06,64.10,1,0,2,,64.10,8,0.00,0,0.00,0
2026-09-02 18:04:18,72.65,1,0,2,,72.65,8,0.00,0,0.00,0
2026-09-02 18:04:30,69.15,1,0,2,,69.15,8,0.00,0,0.00,0
2026-09-02 18:04:41,64.90,1,0,2,,64.90,9,0.00,0,0.00,0
2026-09-02 18:04:53,75.80,1,0,2,,75.80,9,0.00,0,0.00,0
2026-09-02 18:05:04,69.30,1,0,2,,69.30,9,0.00,0,0.00,0
2026-09-02 18:05:16,73.35,1,0,2,,73.35,9,0.00,0,0.00,0
2026-09-02 18:05:27,70.00,1,0,2,,70.00,9,0.00,0,0.00,0
2026-09-02 18:05:39,74.40,1,0,2,,74.40,9,0.00,0,0.00,0
2026-09-02 18:05:51,79.90,1,0,2,,79.90,9,0.00,0,0.00,0
2026-09-02 18:06:03,41.72,1,1,1,,72.90,10,10.55,0,0.00,0
2026-09-02 18:06:16,51.02,1,1,1,,82.80,10,19.25,0,0.00,0
2026-09-02 18:06:28,43.65,1,1,1,,74.75,10,12.55,0,0.00,0
2026-09-02 18:06:40,47.08,1,1,1,,79.70,10,14.45,0,0.00,0
2026-09-02 18:06:52,48.35,1,1,1,,84.25,10,12.45,0,0.00,0
2026-09-02 18:07:04,45.93,1,1,1,,77.40,10,14.45,0,0.00,0
2026-09-02 18:07:17,49.57,2,0,1,,86.60,10,12.55,1,0.00,0
2026-09-02 18:07:30,51.35,2,0,1,,78.35,10,24.35,1,0.00,0
2026-09-02 18:07:42,54.52,2,0,1,,86.30,10,22.75,1,0.00,0
2026-09-02 18:07:55,48.62,2,0,1,,80.05,10,17.20,1,0.00,0
2026-09-02 18:08:08,47.98,2,0,1,,78.25,10,17.70,1,0.00,0
2026-09-02 18:08:20,54.93,2,0,1,,86.85,10,23.00,1,0.00,0
2026-09-02 18:08:33,53.27,2,0,1,,80.00,10,26.55,2,0.00,0
2026-09-02 18:08:46,51.03,2,0,1,,80.40,10,21.65,2,0.00,0
2026-09-02 18:08:58,54.12,2,0,1,,81.50,10,26.75,2,0.00,0
2026-09-02 18:09:11,56.50,2,0,1,,82.45,10,30.55,2,0.00,0
2026-09-02 18:09:23,56.08,2,0,1,,86.50,10,25.65,2,0.00,0
2026-09-02 18:09:36,55.38,2,0,1,,86.90,10,23.85,2,0.00,0
2026-09-02 18:09:49,55.27,2,0,1,,82.30,10,28.25,3,0.00,0
2026-09-02 18:10:01,55.35,2,0,1,,78.30,10,32.40,3,0.00,0
2026-09-02 18:10:14,55.67,2,0,1,,82.40,10,28.95,3,0.00,0
2026-09-02 18:10:26,58.38,2,0,1,,82.30,10,34.45,3,0.00,0
2026-09-02 18:10:39,58.73,2,0,1,,78.25,10,39.20,3,0.00,0
2026-09-02 18:10:52,57.05,2,0,1,,80.35,10,33.75,3,0.00,0
2026-09-02 18:11:04,60.48,2,0,1,,86.40,10,34.55,4,0.00,0
2026-09-02 18:11:17,60.92,2,0,1,,81.30,10,40.55,4,0.00,0
2026-09-02 18:11:30,58.65,2,0,1,,80.60,10,36.70,4,0.00,0
2026-09-02 18:11:43,60.92,2,0,1,,85.80,10,36.05,4,0.00,0
2026-09-02 18:11:56,64.20,2,0,1,,82.40,10,46.00,4,0.00,0
2026-09-02 18:12:09,59.05,2,0,1,,78.45,10,39.65,4,0.00,0
2026-09-02 18:12:21,61.88,2,0,1,,82.50,10,41.25,5,0.00,0
2026-09-02 18:12:34,65.15,2,0,1,,82.35,10,47.95,5,0.00,0
2026-09-02 18:12:47,60.58,2,0,1,,78.25,10,42.90,5,0.00,0
2026-09-02 18:13:00,63.23,2,0,1,,80.50,10,45.95,5,0.00,0
2026-09-02 18:13:12,67.97,2,0,1,,84.00,10,51.95,5,0.00,0
2026-09-02 18:13:25,62.22,2,0,1,,78.80,10,45.65,5,0.00,0
2026-09-02 18:13:37,64.30,2,0,1,,80.15,10,48.45,6,0.00,0
2026-09-02 18:13:50,69.67,2,0,1,,84.80,10,54.55,6,0.00,0
2026-09-02 18:14:03,64.30,2,0,1,,82.35,10,46.25,6,0.00,0
2026-09-02 18:14:17,67.55,2,0,1,,82.55,10,52.55,6,0.00,0
2026-09-02 18:14:32,70.12,2,0,1,,82.35,10,57.90,6,0.00,0
2026-09-02 18:14:47,69.60,2,0,1,,80.30,10,58.90,6,0.00,0
2026-09-02 18:14:59,67.47,2,0,1,,84.45,10,50.50,7,0.00,0
2026-09-02 18:15:12,73.05,2,0,1,,87.05,10,59.05,7,0.00,0
2026-09-02 18:15:26,48.57,2,1,0,,82.05,10,53.20,7,10.45,0
2026-09-02 18:15:39,49.83,2,1,0,,81.80,10,53.25,7,14.45,0
2026-09-02 18:15:53,55.02,2,1,0,,87.15,10,59.45,7,18.45,0
2026-09-02 18:16:07,50.62,3,0,0,,77.35,10,57.75,7,16.75,1
2026-09-02 18:16:21,54.35,3,0,0,,78.50,10,61.40,7,23.15,1
2026-09-02 18:16:35,56.32,3,0,0,,82.60,10,66.00,7,20.35,1
2026-09-02 18:16:48,53.80,3,0,0,,78.45,10,65.35,7,17.60,1
2026-09-02 18:17:02,53.18,3,0,0,,81.95,10,58.40,7,19.20,1
2026-09-02 18:17:16,58.00,3,0,0,,87.20,10,61.35,7,25.45,1
2026-09-02 18:17:31,57.98,3,0,0,,84.80,10,61.35,7,27.80,2
2026-09-02 18:17:45,56.67,3,0,0,,87.15,10,57.70,7,25.15,2
2026-09-02 18:17:59,54.47,3,0,0,,77.90,10,61.45,7,24.05,2
2026-09-02 18:18:12,58.32,3,0,0,,80.75,10,66.00,7,28.20,2
2026-09-02 18:18:26,56.95,3,0,0,,81.25,10,57.20,7,32.40,2
2026-09-02 18:18:40,56.17,3,0,0,,78.90,10,59.90,7,29.70,3
2026-09-02 18:18:54,59.45,3,0,0,,84.80,10,66.10,7,27.45,3
2026-09-02 18:19:07,59.80,3,0,0,,87.20,10,62.95,7,29.25,3
2026-09-02 18:19:22,61.13,3,0,0,,82.50,10,61.35,7,39.55,3
2026-09-02 18:19:38,60.67,3,0,0,,82.40,10,60.10,7,39.50,3
2026-09-02 18:19:54,59.37,3,0,0,,81.10,10,57.40,7,39.60,3
2026-09-02 18:20:09,60.77,3,0,0,,87.15,10,56.35,7,38.80,4
2026-09-02 18:20:23,58.58,3,0,0,,78.10,10,62.80,7,34.85,4
2026-09-02 18:20:37,61.70,3,0,0,,82.40,10,61.70,7,41.00,4
2026-09-02 18:20:50,60.57,3,0,0,,78.30,10,57.40,7,46.00,4
2026-09-02 18:21:04,61.12,3,0,0,,80.65,10,57.45,7,45.25,4
2026-09-02 18:21:19,61.62,3,0,0,,87.15,10,59.80,7,37.90,5
2026-09-02 18:21:33,67.08,3,0,0,,86.40,10,66.10,7,48.75,5
2026-09-02 18:21:47,64.77,3,0,0,,86.60,10,57.35,7,50.35,5
2026-09-02 18:22:02,62.85,3,0,0,,77.60,10,60.55,7,50.40,5
2026-09-02 18:22:15,62.00,3,0,0,,80.45,10,59.30,7,46.25,5
2026-09-02 18:22:29,64.65,3,0,0,,79.85,10,65.80,7,48.30,6
2026-09-02 18:22:43,62.92,3,0,0,,78.40,10,56.85,7,53.50,6
2026-09-02 18:22:56,63.87,3,0,0,,83.85,10,59.55,7,48.20,6
2026-09-02 18:23:11,64.40,3,0,0,,87.10,10,57.45,7,48.65,6
2026-09-02 18:23:24,65.68,3,0,0,,78.20,10,64.90,7,53.95,6
2026-09-02 18:23:38,66.03,3,0,0,,82.50,10,61.40,7,54.20,6
2026-09-02 18:23:52,64.33,3,0,0,,82.45,10,57.65,7,52.90,7
2026-09-02 18:24:07,64.28,3,0,0,,81.10,10,59.30,7,52.45,7
2026-09-02 18:24:21,70.93,3,0,0,,87.00,10,63.45,7,62.35,7
2026-09-02 18:24:35,68.23,3,0,0,,86.60,10,61.40,7,56.70,7
2026-09-02 18:24:49,66.65,3,0,0,,85.30,10,57.60,7,57.05,7
2026-09-02 18:25:03,68.67,3,0,0,,82.40,10,62.10,7,61.50,8
2026-09-02 18:25:16,68.73,3,0,0,,78.40,10,60.05,7,67.75,8
2026-09-02 18:25:30,68.40,3,0,0,,79.65,10,65.85,7,59.70,8
2026-09-02 18:25:44,68.60,3,0,0,,78.45,10,57.10,7,70.25,8
2026-09-02 18:26:00,72.15,2,1,0,,80.20,-1,65.40,7,70.85,8
2026-09-02 18:26:15,72.45,3,0,0,,82.55,10,63.40,7,71.40,8
2026-09-02 18:26:28,68.15,3,0,0,,78.50,10,61.60,8,64.35,8
2026-09-02 18:26:42,72.63,3,0,0,,82.50,10,62.50,8,72.90,8
2026-09-02 18:26:56,72.72,3,0,0,,78.05,10,68.05,8,72.05,8
2026-09-02 18:27:10,73.12,3,0,0,,80.60,10,69.40,8,69.35,8
2026-09-02 18:27:27,73.78,3,0,0,,87.15,10,64.10,8,70.10,8
2026-09-02 18:27:40,73.45,3,0,0,,87.00,10,68.75,8,64.60,9
2026-09-02 18:27:53,76.63,3,0,0,,86.95,10,72.30,8,70.65,9
2026-09-02 18:28:07,75.67,3,0,0,,77.40,10,72.15,8,77.45,9
2026-09-02 18:28:21,73.97,3,0,0,,79.55,10,64.35,8,78.00,9
2026-09-02 18:28:35,71.40,3,0,0,,79.25,10,64.05,8,70.90,9
2026-09-02 18:28:48,75.30,3,0,0,,78.45,10,68.10,8,79.35,9
2026-09-02 18:29:02,76.98,3,0,0,,81.50,10,72.50,8,76.95,9
2026-09-02 18:29:16,78.83,3,0,0,,87.15,10,70.15,8,79.20,9
2026-09-02 18:29:30,75.97,3,0,0,,82.50,10,72.85,8,72.55,8
2026-09-02 18:29:44,73.10,3,0,0,,82.50,10,64.00,8,72.80,8
2026-09-02 18:29:57,71.15,3,0,0,,82.40,10,67.05,8,64.00,8
2026-09-02 18:30:11,70.87,3,0,0,,78.45,10,67.10,8,67.05,8
2026-09-02 18:30:25,75.95,3,0,0,,84.90,10,69.95,8,73.00,8
2026-09-02 18:30:39,73.75,3,0,0,,82.85,10,65.75,7,72.65,8
2026-09-02 18:30:53,68.88,3,0,0,,81.20,10,61.50,7,63.95,8
2026-09-02 18:31:06,70.38,3,0,0,,86.65,10,57.65,7,66.85,8
2026-09-02 18:31:20,69.35,3,0,0,,82.55,10,57.40,7,68.10,8
2026-09-02 18:31:34,71.45,3,0,0,,78.50,10,62.95,7,72.90,8
2026-09-02 18:31:47,70.10,3,0,0,,82.60,10,66.20,7,61.50,7
2026-09-02 18:32:01,67.92,3,0,0,,87.25,10,57.35,7,59.15,7
2026-09-02 18:32:15,67.22,3,0,0,,78.35,10,57.00,7,66.30,7
2026-09-02 18:32:29,67.13,3,0,0,,82.10,10,57.75,7,61.55,7
2026-09-02 18:32:42,67.83,3,0,0,,79.10,10,62.85,7,61.55,7
2026-09-02 18:32:55,63.97,3,0,0,,78.80,10,61.40,7,51.70,6
2026-09-02 18:33:09,68.33,3,0,0,,83.75,10,61.95,7,59.30,6
2026-09-02 18:33:23,64.87,3,0,0,,82.40,10,61.50,7,50.70,6
2026-09-02 18:33:36,63.95,3,0,0,,82.45,10,58.65,7,50.75,6
2026-09-02 18:33:50,68.97,3,0,0,,87.20,10,64.20,7,55.50,6
2026-09-02 18:34:04,64.03,3,0,0,,82.40,10,61.45,7,48.25,5
2026-09-02 18:34:17,61.70,3,0,0,,78.50,10,61.50,7,45.10,5
2026-09-02 18:34:31,62.23,3,0,0,,84.30,10,56.30,7,46.10,5
2026-09-02 18:34:44,63.63,3,0,0,,80.00,10,58.15,7,52.75,5
2026-09-02 18:34:57,62.88,3,0,0,,79.00,10,65.40,7,44.25,5
2026-09-02 18:35:11,63.75,3,0,0,,84.05,10,61.45,7,45.75,5
2026-09-02 18:35:25,64.95,3,0,0,,87.20,10,65.85,7,41.80,4
2026-09-02 18:35:39,59.12,3,0,0,,82.50,10,57.10,7,37.75,4
2026-09-02 18:35:52,64.12,3,0,0,,87.25,10,59.25,7,45.85,4
2026-09-02 18:36:06,62.02,3,0,0,,82.50,10,65.85,7,37.70,4
2026-09-02 18:36:20,60.58,3,0,0,,78.95,10,65.60,7,37.20,4
2026-09-02 18:36:33,63.48,3,0,0,,84.60,10,66.15,7,39.70,3
2026-09-02 18:36:47,56.50,3,0,0,,80.65,10,57.60,7,31.25,3
2026-09-02 18:37:01,60.57,3,0,0,,81.45,10,60.65,7,39.60,3
2026-09-02 18:37:14,61.18,3,0,0,,86.75,10,65.75,7,31.05,3
2026-09-02 18:37:29,59.77,3,0,0,,78.40,10,65.95,7,34.95,3
2026-09-02 18:37:43,53.08,3,0,0,,78.50,10,56.90,7,23.85,2
2026-09-02 18:37:57,57.35,3,0,0,,82.45,10,59.20,7,30.40,2
2026-09-02 18:38:10,56.12,3,0,0,,78.50,10,65.70,7,24.15,2
2026-09-02 18:38:24,57.13,3,0,0,,81.15,10,60.20,7,30.05,2
2026-09-02 18:38:38,60.55,3,0,0,,87.10,10,66.30,7,28.25,2
2026-09-02 18:38:53,53.62,3,0,0,,83.90,10,57.65,7,19.30,1
2026-09-02 18:39:06,55.30,3,0,0,,84.55,10,59.85,7,21.50,1
2026-09-02 18:39:19,55.30,3,0,0,,87.25,10,59.20,7,19.45,1
2026-09-02 18:39:33,54.85,3,0,0,,77.95,10,60.40,7,26.20,1
2026-09-02 18:39:47,54.55,3,0,0,,82.80,10,61.40,7,19.45,1
2026-09-02 18:40:01,51.43,2,1,0,,82.35,10,57.20,7,14.75,0
2026-09-02 18:40:18,45.70,2,1,0,,78.35,10,58.75,7,0.00,0
2026-09-02 18:40:30,73.97,2,0,1,,82.35,10,65.60,7,0.00,0
2026-09-02 18:40:43,71.92,2,0,1,,82.40,10,61.45,7,0.00,0
2026-09-02 18:40:56,71.95,2,0,1,,86.45,10,57.45,7,0.00,0
2026-09-02 18:41:08,69.45,2,0,1,,87.10,10,51.80,6,0.00,0
2026-09-02 18:41:21,67.33,2,0,1,,82.50,10,52.15,6,0.00,0
2026-09-02 18:41:33,65.55,2,0,1,,78.45,10,52.65,6,0.00,0
2026-09-02 18:41:45,68.60,2,0,1,,78.30,10,58.90,6,0.00,0
2026-09-02 18:41:58,68.60,2,0,1,,82.40,10,54.80,6,0.00,0
2026-09-02 18:42:10,64.12,2,0,1,,77.55,10,50.70,6,0.00,0
2026-09-02 18:42:23,63.38,2,0,1,,78.55,10,48.20,5,0.00,0
2026-09-02 18:42:35,63.00,2,0,1,,81.85,10,44.15,5,0.00,0
2026-09-02 18:42:47,63.55,2,0,1,,80.30,10,46.80,5,0.00,0
2026-09-02 18:43:00,65.53,2,0,1,,78.40,10,52.65,5,0.00,0
2026-09-02 18:43:12,64.50,2,0,1,,80.80,10,48.20,5,0.00,0
2026-09-02 18:43:25,63.80,2,0,1,,86.25,10,41.35,5,0.00,0
2026-09-02 18:43:37,62.10,2,0,1,,87.20,10,37.00,4,0.00,0
2026-09-02 18:43:50,63.43,2,0,1,,87.05,10,39.80,4,0.00,0
2026-09-02 18:44:02,64.92,2,0,1,,84.00,10,45.85,4,0.00,0
2026-09-02 18:44:14,64.25,2,0,1,,87.10,10,41.40,4,0.00,0
2026-09-02 18:44:27,59.27,2,0,1,,82.40,10,36.15,4,0.00,0
2026-09-02 18:44:39,54.58,2,0,1,,78.45,10,30.70,3,0.00,0
2026-09-02 18:44:51,59.40,2,0,1,,82.70,10,36.10,3,0.00,0
2026-09-02 18:45:04,60.97,2,0,1,,87.25,10,34.70,3,0.00,0
2026-09-02 18:45:16,54.07,2,0,1,,77.55,10,30.60,3,0.00,0
2026-09-02 18:45:29,54.83,2,0,1,,78.80,10,30.85,3,0.00,0
2026-09-02 18:45:41,55.62,2,0,1,,81.95,10,29.30,3,0.00,0
2026-09-02 18:45:53,56.08,2,0,1,,79.80,10,32.35,2,0.00,0
2026-09-02 18:46:06,50.67,2,0,1,,78.35,10,23.00,2,0.00,0
2026-09-02 18:46:18,52.80,2,0,1,,80.30,10,25.30,2,0.00,0
2026-09-02 18:46:31,57.17,2,0,1,,84.45,10,29.90,2,0.00,0
2026-09-02 18:46:43,57.60,2,0,1,,87.15,10,28.05,2,0.00,0
2026-09-02 18:46:56,50.95,2,0,1,,84.55,10,17.35,1,0.00,0
2026-09-02 18:47:08,52.47,2,0,1,,81.90,10,23.05,1,0.00,0
2026-09-02 18:47:20,56.48,2,0,1,,86.80,10,26.15,1,0.00,0
2026-09-02 18:47:33,49.92,2,0,1,,82.45,10,17.40,1,0.00,0
2026-09-02 18:47:45,50.85,2,0,1,,78.40,10,23.30,1,0.00,0
2026-09-02 18:47:58,51.95,2,0,1,,82.50,10,21.40,1,0.00,0
2026-09-02 18:48:10,47.88,1,1,1,,82.40,10,13.35,0,0.00,0
2026-09-02 18:48:27,39.15,1,1,1,,78.30,10,0.00,0,0.00,0
2026-09-02 18:48:39,84.45,1,0,2,,84.45,10,0.00,0,0.00,0
2026-09-02 18:48:50,80.00,1,0,2,,80.00,10,0.00,0,0.00,0
2026-09-02 18:49:03,82.85,1,0,2,,82.85,10,0.00,0,0.00,0
2026-09-02 18:49:14,76.80,1,0,2,,76.80,10,0.00,0,0.00,0
2026-09-02 18:49:26,73.10,1,0,2,,73.10,9,0.00,0,0.00,0
2026-09-02 18:49:39,72.55,1,0,2,,72.55,9,0.00,0,0.00,0
2026-09-02 18:49:50,71.55,1,0,2,,71.55,9,0.00,0,0.00,0
2026-09-02 18:50:02,75.55,1,0,2,,75.55,9,0.00,0,0.00,0
2026-09-02 18:50:13,75.60,1,0,2,,75.60,9,0.00,0,0.00,0
2026-09-02 18:50:24,64.70,1,0,2,,64.70,8,0.00,0,0.00,0
2026-09-02 18:50:36,65.60,1,0,2,,65.60,8,0.00,0,0.00,0
2026-09-02 18:50:47,68.10,1,0,2,,68.10,8,0.00,0,0.00,0
2026-09-02 18:50:58,64.95,1,0,2,,64.95,8,0.00,0,0.00,0
2026-09-02 18:51:10,65.65,1,0,2,,65.65,8,0.00,0,0.00,0
2026-09-02 18:51:21,68.30,1,0,2,,68.30,8,0.00,0,0.00,0
2026-09-02 18:51:32,64.20,1,0,2,,64.20,8,0.00,0,0.00,0
2026-09-02 18:51:43,66.60,1,0,2,,66.60,7,0.00,0,0.00,0
2026-09-02 18:51:54,66.05,1,0,2,,66.05,7,0.00,0,0.00,0
2026-09-02 18:52:06,66.25,1,0,2,,66.25,7,0.00,0,0.00,0
2026-09-02 18:52:17,62.10,1,0,2,,62.10,7,0.00,0,0.00,0
2026-09-02 18:52:29,57.60,1,0,2,,57.60,7,0.00,0,0.00,0
2026-09-02 18:52:40,51.65,1,0,2,,51.65,7,0.00,0,0.00,0
2026-09-02 18:52:51,51.50,1,0,2,,51.50,6,0.00,0,0.00,0
2026-09-02 18:53:02,51.20,1,0,2,,51.20,6,0.00,0,0.00,0
2026-09-02 18:53:14,53.70,1,0,2,,53.70,6,0.00,0,0.00,0
2026-09-02 18:53:25,59.15,1,0,2,,59.15,6,0.00,0,0.00,0
2026-09-02 18:53:36,55.20,1,0,2,,55.20,6,0.00,0,0.00,0
2026-09-02 18:53:48,44.30,1,0,2,,44.30,6,0.00,0,0.00,0
2026-09-02 18:53:59,48.50,1,0,2,,48.50,5,0.00,0,0.00,0
2026-09-02 18:54:11,44.40,1,0,2,,44.40,5,0.00,0,0.00,0
2026-09-02 18:54:23,43.55,1,0,2,,43.55,5,0.00,0,0.00,0
2026-09-02 18:54:34,43.50,1,0,2,,43.50,5,0.00,0,0.00,0
2026-09-02 18:54:46,48.55,1,0,2,,48.55,5,0.00,0,0.00,0
2026-09-02 18:54:58,53.35,1,0,2,,53.35,5,0.00,0,0.00,0
2026-09-02 18:55:09,41.80,1,0,2,,41.80,4,0.00,0,0.00,0
2026-09-02 18:55:21,37.85,1,0,2,,37.85,4,0.00,0,0.00,0
2026-09-02 18:55:32,41.05,1,0,2,,41.05,4,0.00,0,0.00,0
2026-09-02 18:55:43,46.40,1,0,2,,46.40,4,0.00,0,0.00,0
2026-09-02 18:55:54,46.75,1,0,2,,46.75,4,0.00,0,0.00,0
2026-09-02 18:56:06,41.95,1,0,2,,41.95,4,0.00,0,0.00,0
2026-09-02 18:56:17,31.25,1,0,2,,31.25,3,0.00,0,0.00,0
2026-09-02 18:56:29,36.40,1,0,2,,36.40,3,0.00,0,0.00,0
2026-09-02 18:56:40,40.10,1,0,2,,40.10,3,0.00,0,0.00,0
2026-09-02 18:56:51,31.10,1,0,2,,31.10,3,0.00,0,0.00,0
2026-09-02 18:57:03,30.95,1,0,2,,30.95,3,0.00,0,0.00,0
2026-09-02 18:57:14,33.65,1,0,2,,33.65,3,0.00,0,0.00,0
2026-09-02 18:57:25,32.05,1,0,2,,32.05,2,0.00,0,0.00,0
2026-09-02 18:57:37,28.55,1,0,2,,28.55,2,0.00,0,0.00,0
2026-09-02 18:57:48,24.55,1,0,2,,24.55,2,0.00,0,0.00,0
2026-09-02 18:57:59,25.85,1,0,2,,25.85,2,0.00,0,0.00,0
2026-09-02 18:58:10,32.75,1,0,2,,32.75,2,0.00,0,0.00,0
2026-09-02 18:58:22,28.60,1,0,2,,28.60,2,0.00,0,0.00,0
2026-09-02 18:58:33,17.95,1,0,2,,17.95,1,0.00,0,0.00,0
2026-09-02 18:58:44,23.45,1,0,2,,23.45,1,0.00,0,0.00,0
2026-09-02 18:58:55,26.45,1,0,2,,26.45,1,0.00,0,0.00,0
2026-09-02 18:59:06,22.00,1,0,2,,22.00,1,0.00,0,0.00,0
2026-09-02 18:59:18,20.50,1,0,2,,20.50,1,0.00,0,0.00,0
2026-09-02 18:59:29,26.30,1,0,2,,26.30,1,0.00,0,0.00,0
2026-09-02 18:59:41,15.05,0,1,2,,15.05,0,0.00,0,0.00,0
2026-09-02 18:59:52,13.70,0,1,2,,13.70,0,0.00,0,0.00,0
2026-09-02 19:00:03,15.00,0,1,2,,15.00,0,0.00,0,0.00,0
2026-09-02 19:00:14,12.55,0,1,2,,12.55,0,0.00,0,0.00,0
2026-09-02 19:00:25,19.80,0,1,2,,19.80,0,0.00,0,0.00,0
2026-09-02 19:00:36,11.15,0,1,2,,11.15,0,0.00,0,0.00,0
2026-09-02 19:00:47,19.20,0,1,2,,19.20,0,0.00,0,0.00,0
2026-09-02 19:00:58,10.95,0,1,2,,10.95,0,0.00,0,0.00,0
2026-09-02 19:01:10,17.05,0,1,2,,17.05,0,0.00,0,0.00,0
2026-09-02 19:01:21,10.45,0,1,2,,10.45,0,0.00,0,0.00,0
2026-09-02 19:01:33,18.60,1,0,2,,18.60,1,0.00,0,0.00,0
2026-09-02 19:01:44,25.15,1,0,2,,25.15,1,0.00,0,0.00,0
2026-09-02 19:01:55,19.40,1,0,2,,19.40,1,0.00,0,0.00,0
2026-09-02 19:02:07,16.80,1,0,2,,16.80,1,0.00,0,0.00,0
2026-09-02 19:02:18,18.00,1,0,2,,18.00,1,0.00,0,0.00,0
2026-09-02 19:02:30,21.10,1,0,2,,21.10,1,0.00,0,0.00,0
2026-09-02 19:02:41,21.70,1,0,2,,21.70,2,0.00,0,0.00,0
2026-09-02 19:02:52,22.10,1,0,2,,22.10,2,0.00,0,0.00,0
2026-09-02 19:03:04,32.80,1,0,2,,32.80,2,0.00,0,0.00,0
2026-09-02 19:03:15,26.95,1,0,2,,26.95,2,0.00,0,0.00,0
2026-09-02 19:03:27,24.60,1,0,2,,24.60,2,0.00,0,0.00,0
2026-09-02 19:03:38,28.55,1,0,2,,28.55,2,0.00,0,0.00,0
2026-09-02 19:03:51,28.80,1,0,2,,28.80,2,0.00,0,0.00,0
2026-09-02 19:04:02,34.75,1,0,2,,34.75,3,0.00,0,0.00,0
2026-09-02 19:04:13,29.60,1,0,2,,29.60,3,0.00,0,0.00,0
2026-09-02 19:04:25,35.15,1,0,2,,35.15,3,0.00,0,0.00,0
2026-09-02 19:04:36,39.20,1,0,2,,39.20,3,0.00,0,0.00,0
2026-09-02 19:04:47,33.00,1,0,2,,33.00,3,0.00,0,0.00,0
2026-09-02 19:04:59,30.90,1,0,2,,30.90,3,0.00,0,0.00,0
2026-09-02 19:05:11,39.30,1,0,2,,39.30,4,0.00,0,0.00,0
2026-09-02 19:05:22,35.30,1,0,2,,35.30,4,0.00,0,0.00,0
2026-09-02 19:05:34,35.80,1,0,2,,35.80,4,0.00,0,0.00,0
2026-09-02 19:05:45,46.55,1,0,2,,46.55,4,0.00,0,0.00,0
2026-09-02 19:05:56,43.95,1,0,2,,43.95,4,0.00,0,0.00,0
2026-09-02 19:06:08,37.55,1,0,2,,37.55,4,0.00,0,0.00,0
2026-09-02 19:06:20,46.50,1,0,2,,46.50,4,0.00,0,0.00,0
2026-09-02 19:06:31,42.50,1,0,2,,42.50,5,0.00,0,0.00,0
2026-09-02 19:06:43,42.25,1,0,2,,42.25,5,0.00,0,0.00,0
2026-09-02 19:06:54,47.95,1,0,2,,47.95,5,0.00,0,0.00,0
2026-09-02 19:07:05,49.00,1,0,2,,49.00,5,0.00,0,0.00,0
2026-09-02 19:07:17,48.60,1,0,2,,48.60,5,0.00,0,0.00,0
2026-09-02 19:07:28,53.20,1,0,2,,53.20,5,0.00,0,0.00,0
2026-09-02 19:07:40,47.60,1,0,2,,47.60,6,0.00,0,0.00,0
2026-09-02 19:07:52,45.70,1,0,2,,45.70,6,0.00,0,0.00,0
2026-09-02 19:08:03,55.75,1,0,2,,55.75,6,0.00,0,0.00,0
2026-09-02 19:08:15,49.70,1,0,2,,49.70,6,0.00,0,0.00,0
2026-09-02 19:08:26,58.65,1,0,2,,58.65,6,0.00,0,0.00,0
2026-09-02 19:08:38,51.30,1,0,2,,51.30,6,0.00,0,0.00,0
2026-09-02 19:08:51,60.05,1,0,2,,60.05,6,0.00,0,0.00,0
2026-09-02 19:09:02,51.70,1,0,2,,51.70,7,0.00,0,0.00,0
2026-09-02 19:09:14,61.45,1,0,2,,61.45,7,0.00,0,0.00,0
2026-09-02 19:09:26,57.85,1,0,2,,57.85,7,0.00,0,0.00,0
2026-09-02 19:09:37,58.70,1,0,2,,58.70,7,0.00,0,0.00,0
2026-09-02 19:09:49,55.30,1,0,2,,55.30,7,0.00,0,0.00,0
2026-09-02 19:10:01,64.80,1,0,2,,64.80,7,0.00,0,0.00,0
2026-09-02 19:10:13,62.15,1,0,2,,62.15,7,0.00,0,0.00,0
2026-09-02 19:10:24,60.05,1,0,2,,60.05,8,0.00,0,0.00,0
2026-09-02 19:10:36,68.55,1,0,2,,68.55,8,0.00,0,0.00,0
2026-09-02 19:10:48,60.55,1,0,2,,60.55,8,0.00,0,0.00,0
2026-09-02 19:10:59,70.30,1,0,2,,70.30,8,0.00,0,0.00,0
2026-09-02 19:11:13,64.75,1,0,2,,64.75,8,0.00,0,0.00,0
2026-09-02 19:11:27,72.25,1,0,2,,72.25,8,0.00,0,0.00,0
2026-09-02 19:11:38,64.25,1,0,2,,64.25,9,0.00,0,0.00,0
2026-09-02 19:11:50,70.75,1,0,2,,70.75,9,0.00,0,0.00,0
2026-09-02 19:12:01,73.60,1,0,2,,73.60,9,0.00,0,0.00,0
2026-09-02 19:12:13,68.15,1,0,2,,68.15,9,0.00,0,0.00,0
2026-09-02 19:12:24,76.90,1,0,2,,76.90,9,0.00,0,0.00,0
2026-09-02 19:12:36,69.55,1,0,2,,69.55,9,0.00,0,0.00,0
2026-09-02 19:12:49,74.30,1,0,2,,74.30,9,0.00,0,0.00,0
2026-09-02 19:13:01,44.10,1,1,1,,75.30,10,12.90,0,0.00,0
2026-09-02 19:13:13,46.15,1,1,1,,77.80,10,14.50,0,0.00,0
2026-09-02 19:13:26,48.53,1,1,1,,79.10,10,17.95,0,0.00,0
2026-09-02 19:13:38,44.67,1,1,1,,79.00,10,10.35,0,0.00,0
2026-09-02 19:13:50,50.20,1,1,1,,81.85,10,18.55,0,0.00,0
2026-09-02 19:14:03,44.32,1,1,1,,78.05,10,10.60,0,0.00,0
2026-09-02 19:14:16,47.85,2,0,1,,82.20,10,13.50,1,0.00,0
2026-09-02 19:14:29,50.38,2,0,1,,80.60,10,20.15,1,0.00,0
2026-09-02 19:14:42,53.95,2,0,1,,82.05,10,25.85,1,0.00,0
2026-09-02 19:14:54,52.85,2,0,1,,86.10,10,19.60,1,0.00,0
2026-09-02 19:15:07,51.53,2,0,1,,79.90,10,23.15,1,0.00,0
2026-09-02 19:15:19,49.10,2,0,1,,77.05,10,21.15,1,0.00,0
2026-09-02 19:15:32,56.98,2,0,1,,86.00,10,27.95,2,0.00,0
2026-09-02 19:15:45,51.80,2,0,1,,79.25,10,24.35,2,0.00,0
2026-09-02 19:15:58,52.77,2,0,1,,82.40,10,23.15,2,0.00,0
2026-09-02 19:16:11,54.85,2,0,1,,81.60,10,28.10,2,0.00,0
2026-09-02 19:16:23,57.25,2,0,1,,82.20,10,32.30,2,0.00,0
2026-09-02 19:16:36,56.60,2,0,1,,86.50,10,26.70,2,0.00,0
2026-09-02 19:16:49,55.77,2,0,1,,82.05,10,29.50,3,0.00,0
2026-09-02 19:17:02,56.95,2,0,1,,77.95,10,35.95,3,0.00,0
2026-09-02 19:17:14,55.45,2,0,1,,78.65,10,32.25,3,0.00,0
2026-09-02 19:17:27,54.20,2,0,1,,77.50,10,30.90,3,0.00,0
2026-09-02 19:17:39,56.42,2,0,1,,78.00,10,34.85,3,0.00,0
2026-09-02 19:17:52,58.05,2,0,1,,79.55,10,36.55,3,0.00,0
2026-09-02 19:18:05,58.90,2,0,1,,85.30,10,32.50,4,0.00,0
2026-09-02 19:18:18,64.12,2,0,1,,86.30,10,41.95,4,0.00,0
2026-09-02 19:18:31,60.80,2,0,1,,80.95,10,40.65,4,0.00,0
2026-09-02 19:18:43,60.78,2,0,1,,84.35,10,37.20,4,0.00,0
2026-09-02 19:18:56,62.00,2,0,1,,82.15,10,41.85,4,0.00,0
2026-09-02 19:19:09,60.98,2,0,1,,78.10,10,43.85,4,0.00,0
2026-09-02 19:19:22,61.08,2,0,1,,82.25,10,39.90,5,0.00,0
2026-09-02 19:19:34,63.10,2,0,1,,82.15,10,44.05,5,0.00,0
2026-09-02 19:19:47,62.08,2,0,1,,77.85,10,46.30,5,0.00,0
2026-09-02 19:20:00,63.62,2,0,1,,80.05,10,47.20,5,0.00,0
2026-09-02 19:20:13,69.85,2,0,1,,86.05,10,53.65,5,0.00,0
2026-09-02 19:20:26,67.27,2,0,1,,83.90,10,50.65,5,0.00,0
2026-09-02 19:20:39,63.73,2,0,1,,80.65,10,46.80,6,0.00,0
2026-09-02 19:20:52,71.15,2,0,1,,86.40,10,55.90,6,0.00,0
2026-09-02 19:21:04,65.20,2,0,1,,82.20,10,48.20,6,0.00,0
2026-09-02 19:21:17,65.75,2,0,1,,78.35,10,53.15,6,0.00,0
2026-09-02 19:21:29,70.45,2,0,1,,82.45,10,58.45,6,0.00,0
2026-09-02 19:21:42,68.33,2,0,1,,82.25,10,54.40,6,0.00,0
2026-09-02 19:21:55,66.97,2,0,1,,78.15,10,55.80,7,0.00,0
2026-09-02 19:22:07,68.45,2,0,1,,80.70,10,56.20,7,0.00,0
2026-09-02 19:22:21,69.70,2,0,1,,86.35,10,53.05,7,0.00,0
2026-09-02 19:22:33,69.60,2,0,1,,80.70,10,58.50,7,0.00,0
2026-09-02 19:22:46,72.83,2,0,1,,81.65,10,64.00,7,0.00,0
2026-09-02 19:23:00,71.53,2,0,1,,86.60,10,56.45,7,0.00,0
2026-09-02 19:23:12,73.90,2,0,1,,82.20,10,65.60,8,0.00,0
2026-09-02 19:23:25,71.20,2,0,1,,82.30,10,60.10,8,0.00,0
2026-09-02 19:23:39,54.35,2,1,0,,86.65,10,64.45,8,11.95,0
2026-09-02 19:23:53,53.95,2,1,0,,82.15,10,69.15,8,10.55,0
2026-09-02 19:24:07,51.88,2,1,0,,78.40,10,62.80,8,14.45,0
2026-09-02 19:24:21,56.62,3,0,0,,83.75,10,72.30,8,13.80,1
2026-09-02 19:24:35,55.27,3,0,0,,80.15,10,71.90,8,13.75,1
2026-09-02 19:24:49,56.58,3,0,0,,80.85,10,67.70,8,21.20,1
2026-09-02 19:25:02,60.48,3,0,0,,86.55,10,68.80,8,26.10,1
2026-09-02 19:25:16,59.35,3,0,0,,82.25,10,69.70,8,26.10,1
2026-09-02 19:25:30,53.63,3,0,0,,77.10,10,66.55,8,17.25,1
2026-09-02 19:25:44,57.02,3,0,0,,82.15,10,64.80,8,24.10,2
2026-09-02 19:25:58,57.68,2,1,0,,78.20,10,68.90,8,25.95,-1
2026-09-02 19:26:12,62.07,3,0,0,,83.80,10,70.95,8,31.45,2
2026-09-02 19:26:26,61.83,3,0,0,,82.25,10,73.50,8,29.75,2
2026-09-02 19:26:40,61.28,3,0,0,,86.50,10,72.65,8,24.70,2
2026-09-02 19:26:55,59.78,3,0,0,,82.15,10,68.80,8,28.40,3
2026-09-02 19:27:10,62.32,3,0,0,,78.35,10,73.05,8,35.55,3
2026-09-02 19:27:24,62.97,3,0,0,,84.30,10,68.80,8,35.80,3
2026-09-02 19:27:38,59.02,3,0,0,,81.20,10,64.80,8,31.05,3
2026-09-02 19:27:52,62.57,3,0,0,,81.90,10,70.65,8,35.15,3
2026-09-02 19:28:08,61.63,3,0,0,,82.20,10,67.45,8,35.25,3
2026-09-02 19:28:23,64.43,3,0,0,,78.70,10,73.90,8,40.70,4
2026-09-02 19:28:37,59.62,3,0,0,,80.50,10,64.80,8,33.55,4
2026-09-02 19:28:51,63.90,3,0,0,,78.80,10,72.65,8,40.25,4
2026-09-02 19:29:05,67.95,3,0,0,,86.35,10,71.00,8,46.50,4
2026-09-02 19:29:20,67.17,3,0,0,,82.25,10,73.35,8,45.90,4
2026-09-02 19:29:34,61.15,3,0,0,,78.25,10,64.55,8,40.65,5
2026-09-02 19:29:49,66.15,3,0,0,,82.35,10,67.15,8,48.95,5
2026-09-02 19:30:03,65.93,3,0,0,,79.65,10,70.00,8,48.15,5
2026-09-02 19:30:16,66.47,3,0,0,,86.30,10,67.65,8,45.45,5
2026-09-02 19:30:30,66.67,3,0,0,,82.20,10,73.50,8,44.30,5
2026-09-02 19:30:44,69.43,3,0,0,,86.45,10,68.90,8,52.95,5
2026-09-02 19:30:58,66.72,3,0,0,,86.95,10,65.05,8,48.15,6
2026-09-02 19:31:13,63.28,3,0,0,,78.15,10,64.75,8,46.95,6
2026-09-02 19:31:26,66.88,3,0,0,,81.50,10,67.15,8,52.00,6
2026-09-02 19:31:40,70.62,3,0,0,,80.50,10,73.60,8,57.75,6
2026-09-02 19:31:55,65.72,3,0,0,,81.25,10,64.80,8,51.10,6
2026-09-02 19:32:09,69.17,3,0,0,,87.00,10,63.85,8,56.65,7
2026-09-02 19:32:23,67.78,3,0,0,,77.15,10,64.75,8,61.45,7
2026-09-02 19:32:37,67.10,3,0,0,,78.25,10,67.70,8,55.35,7
2026-09-02 19:32:50,71.48,3,0,0,,82.20,10,73.20,8,59.05,7
2026-09-02 19:33:04,69.92,3,0,0,,78.35,10,68.95,8,62.45,7
2026-09-02 19:33:19,73.38,3,0,0,,86.05,10,73.60,8,60.50,8
2026-09-02 19:33:34,68.92,3,0,0,,82.35,10,64.80,8,59.60,8
2026-09-02 19:33:48,73.22,3,0,0,,82.30,10,69.10,8,68.25,8
2026-09-02 19:34:02,72.32,3,0,0,,82.20,10,73.45,8,61.30,8
2026-09-02 19:34:15,72.57,3,0,0,,78.55,10,72.65,8,66.50,8
2026-09-02 19:34:30,75.15,3,0,0,,84.20,10,68.80,8,72.45,8
2026-09-02 19:34:44,72.13,3,0,0,,84.30,10,65.00,8,67.10,9
2026-09-02 19:34:58,76.60,3,0,0,,83.50,10,70.50,8,75.80,9
2026-09-02 19:35:12,73.28,3,0,0,,82.15,10,68.20,8,69.50,9
2026-09-02 19:35:26,72.68,3,0,0,,78.20,10,71.05,8,68.80,9
2026-09-02 19:35:40,74.07,3,0,0,,80.15,10,68.80,8,73.25,9
2026-09-02 19:35:56,74.22,3,0,0,,78.30,10,65.90,8,78.45,9
2026-09-02 19:36:12,77.98,3,0,0,,87.05,10,73.20,8,73.70,9
2026-09-02 19:36:28,71.47,3,0,0,,78.30,10,69.15,8,66.95,8
2026-09-02 19:36:42,73.07,3,0,0,,80.75,10,65.75,8,72.70,8
2026-09-02 19:36:57,73.52,3,0,0,,79.45,10,73.55,8,67.55,8
2026-09-02 19:37:11,75.63,3,0,0,,86.65,10,73.80,8,66.45,8
2026-09-02 19:37:25,70.60,3,0,0,,78.15,10,68.90,8,64.75,8
2026-09-02 19:37:39,67.82,3,0,0,,78.65,10,64.80,8,60.00,7
2026-09-02 19:37:53,68.15,3,0,0,,77.90,10,68.05,8,58.50,7
2026-09-02 19:38:06,71.68,3,0,0,,78.50,10,72.95,8,63.60,7
2026-09-02 19:38:20,72.07,3,0,0,,86.05,10,68.35,8,61.80,7
2026-09-02 19:38:35,71.18,3,0,0,,82.15,10,73.50,8,57.90,7
2026-09-02 19:38:49,66.08,3,0,0,,82.30,10,64.60,8,51.35,6
2026-09-02 19:39:03,69.38,3,0,0,,86.90,10,66.85,8,54.40,6
2026-09-02 19:39:17,66.18,3,0,0,,78.20,10,65.20,8,55.15,6
2026-09-02 19:39:31,67.38,3,0,0,,81.55,10,69.20,8,51.40,6
2026-09-02 19:39:45,71.73,3,0,0,,84.30,10,73.55,8,57.35,6
2026-09-02 19:39:59,64.25,3,0,0,,80.15,10,64.60,8,48.00,5
2026-09-02 19:40:12,69.43,3,0,0,,86.10,10,69.00,8,53.20,5
2026-09-02 19:40:26,63.53,3,0,0,,82.20,10,63.95,8,44.45,5
2026-09-02 19:40:39,64.63,3,0,0,,78.20,10,65.45,8,50.25,5
2026-09-02 19:40:54,67.60,3,0,0,,77.45,10,72.95,8,52.40,5
2026-09-02 19:41:08,62.97,3,0,0,,78.00,10,69.00,8,41.90,4
2026-09-02 19:41:22,64.83,3,0,0,,81.25,10,73.35,8,39.90,4
2026-09-02 19:41:35,67.42,3,0,0,,86.75,10,68.95,8,46.55,4
2026-09-02 19:41:49,62.93,3,0,0,,87.05,10,65.00,8,36.75,4
2026-09-02 19:42:03,66.13,3,0,0,,86.10,10,72.85,8,39.45,4
2026-09-02 19:42:17,63.23,3,0,0,,82.15,10,68.50,8,39.05,3
2026-09-02 19:42:31,59.92,3,0,0,,78.15,10,71.00,8,30.60,3
2026-09-02 19:42:44,61.33,3,0,0,,80.85,10,68.80,8,34.35,3
2026-09-02 19:42:58,60.80,3,0,0,,78.30,10,64.80,8,39.30,3
2026-09-02 19:43:12,58.23,3,0,0,,78.35,10,65.15,8,31.20,3
2026-09-02 19:43:26,58.80,3,0,0,,84.35,10,64.80,8,27.25,2
2026-09-02 19:43:39,59.50,3,0,0,,82.15,10,67.90,8,28.45,2
2026-09-02 19:43:53,59.97,3,0,0,,82.15,10,73.25,8,24.50,2
2026-09-02 19:44:07,62.68,3,0,0,,86.20,10,69.05,8,32.80,2
2026-09-02 19:44:21,58.50,3,0,0,,82.20,10,68.90,8,24.40,2
2026-09-02 19:44:34,56.42,3,0,0,,78.20,10,68.90,8,22.15,1
2026-09-02 19:44:48,55.33,3,0,0,,79.40,10,64.90,8,21.70,1
2026-09-02 19:45:01,55.53,3,0,0,,78.20,10,70.15,8,18.25,1
2026-09-02 19:45:15,58.65,3,0,0,,78.35,10,71.15,8,26.45,1
2026-09-02 19:45:28,55.70,3,0,0,,81.65,10,67.75,8,17.70,1
2026-09-02 19:45:41,59.65,3,0,0,,86.80,10,73.35,8,18.80,1
2026-09-02 19:45:54,51.82,2,1,0,,86.60,10,68.85,8,0.00,0
2026-09-02 19:46:12,49.63,2,1,0,,83.85,10,65.05,8,0.00,0
2026-09-02 19:46:25,75.68,2,0,1,,80.50,10,70.85,8,0.00,0
2026-09-02 19:46:37,77.62,2,0,1,,86.45,10,68.80,8,0.00,0
2026-09-02 19:46:51,70.50,2,0,1,,82.35,10,58.65,8,0.00,0
2026-09-02 19:47:04,73.95,2,0,1,,86.70,10,61.20,7,0.00,0
2026-09-02 19:47:16,75.50,2,0,1,,87.10,10,63.90,7,0.00,0
2026-09-02 19:47:28,71.38,2,0,1,,82.30,10,60.45,7,0.00,0
2026-09-02 19:47:41,72.43,2,0,1,,78.40,10,66.45,7,0.00,0
2026-09-02 19:47:54,70.25,2,0,1,,78.30,10,62.20,7,0.00,0
2026-09-02 19:48:07,66.67,2,0,1,,82.30,10,51.05,6,0.00,0
2026-09-02 19:48:19,67.03,2,0,1,,78.55,10,55.50,6,0.00,0
2026-09-02 19:48:31,66.20,2,0,1,,81.05,10,51.35,6,0.00,0
2026-09-02 19:48:44,71.88,2,0,1,,86.50,10,57.25,6,0.00,0
2026-09-02 19:48:56,72.42,2,0,1,,84.65,10,60.20,6,0.00,0
2026-09-02 19:49:09,62.60,2,0,1,,80.55,10,44.65,6,0.00,0
2026-09-02 19:49:22,64.38,2,0,1,,84.35,10,44.40,5,0.00,0
2026-09-02 19:49:34,67.05,2,0,1,,87.00,10,47.10,5,0.00,0
2026-09-02 19:49:46,65.38,2,0,1,,77.20,10,53.55,5,0.00,0
2026-09-02 19:49:59,63.47,2,0,1,,82.35,10,44.60,5,0.00,0
2026-09-02 19:50:12,68.53,2,0,1,,86.65,10,50.40,5,0.00,0
2026-09-02 19:50:24,61.52,2,0,1,,82.25,10,40.80,4,0.00,0
2026-09-02 19:50:37,62.32,2,0,1,,78.15,10,46.50,4,0.00,0
2026-09-02 19:50:49,59.05,2,0,1,,80.25,10,37.85,4,0.00,0
2026-09-02 19:51:01,60.22,2,0,1,,78.25,10,42.20,4,0.00,0
2026-09-02 19:51:14,59.48,2,0,1,,77.10,10,41.85,4,0.00,0
2026-09-02 19:51:27,57.65,2,0,1,,78.50,10,36.80,4,0.00,0
2026-09-02 19:51:39,57.90,2,0,1,,83.95,10,31.85,3,0.00,0
2026-09-02 19:51:52,63.18,2,0,1,,86.85,10,39.50,3,0.00,0
2026-09-02 19:52:06,58.02,2,0,1,,84.55,10,31.50,3,0.00,0
2026-09-02 19:52:18,61.73,2,0,1,,86.40,10,37.05,3,0.00,0
2026-09-02 19:52:32,58.82,2,0,1,,82.60,10,35.05,3,0.00,0
2026-09-02 19:52:45,51.68,2,0,1,,78.60,10,24.75,2,0.00,0
2026-09-02 19:52:57,55.73,2,0,1,,78.90,10,32.55,2,0.00,0
2026-09-02 19:53:10,50.85,2,0,1,,77.55,10,24.15,2,0.00,0
2026-09-02 19:53:22,51.90,2,0,1,,78.20,10,25.60,2,0.00,0
2026-09-02 19:53:35,57.25,2,0,1,,81.45,10,33.05,2,0.00,0
2026-09-02 19:53:48,52.10,2,0,1,,86.55,10,17.65,2,0.00,0
2026-09-02 19:54:00,55.08,2,0,1,,86.80,10,23.35,1,0.00,0
2026-09-02 19:54:12,51.20,2,0,1,,81.00,10,21.40,1,0.00,0
2026-09-02 19:54:25,51.10,2,0,1,,84.35,10,17.85,1,0.00,0
2026-09-02 19:54:37,54.78,2,0,1,,83.85,10,25.70,1,0.00,0
2026-09-02 19:54:49,51.92,2,0,1,,86.50,10,17.35,1,0.00,0
2026-09-02 19:55:01,51.65,1,1,1,,86.55,10,16.75,0,0.00,0
2026-09-02 19:55:18,40.35,1,1,1,,80.70,10,0.00,0,0.00,0
2026-09-02 19:55:34,39.00,1,1,1,,78.00,10,0.00,0,0.00,0
2026-09-02 19:55:46,87.00,1,0,2,,87.00,10,0.00,0,0.00,0
2026-09-02 19:55:58,82.45,1,0,2,,82.45,10,0.00,0,0.00,0
2026-09-02 19:56:09,80.15,1,0,2,,80.15,10,0.00,0,0.00,0
2026-09-02 19:56:21,78.75,1,0,2,,78.75,9,0.00,0,0.00,0
2026-09-02 19:56:32,76.40,1,0,2,,76.40,9,0.00,0,0.00,0
2026-09-02 19:56:44,75.35,1,0,2,,75.35,9,0.00,0,0.00,0
2026-09-02 19:56:55,71.20,1,0,2,,71.20,9,0.00,0,0.00,0
2026-09-02 19:57:07,75.35,1,0,2,,75.35,9,0.00,0,0.00,0
2026-09-02 19:57:19,73.25,1,0,2,,73.25,9,0.00,0,0.00,0
2026-09-02 19:57:30,68.50,1,0,2,,68.50,8,0.00,0,0.00,0
2026-09-02 19:57:41,64.40,1,0,2,,64.40,8,0.00,0,0.00,0
2026-09-02 19:57:53,65.70,1,0,2,,65.70,8,0.00,0,0.00,0
2026-09-02 19:58:05,67.25,1,0,2,,67.25,8,0.00,0,0.00,0
2026-09-02 19:58:16,64.50,1,0,2,,64.50,8,0.00,0,0.00,0
2026-09-02 19:58:28,58.05,1,0,2,,58.05,7,0.00,0,0.00,0
2026-09-02 19:58:39,61.25,1,0,2,,61.25,7,0.00,0,0.00,0
2026-09-02 19:58:50,65.80,1,0,2,,65.80,7,0.00,0,0.00,0
2026-09-02 19:59:01,66.65,1,0,2,,66.65,7,0.00,0,0.00,0
2026-09-02 19:59:13,63.65,1,0,2,,63.65,7,0.00,0,0.00,0
2026-09-02 19:59:24,66.30,1,0,2,,66.30,7,0.00,0,0.00,0
2026-09-02 19:59:35,60.05,1,0,2,,60.05,7,0.00,0,0.00,0
2026-09-02 19:59:47,50.85,1,0,2,,50.85,6,0.00,0,0.00,0
2026-09-02 19:59:58,51.70,1,0,2,,51.70,6,0.00,0,0.00,0
2026-09-02 20:00:10,51.40,1,0,2,,51.40,6,0.00,0,0.00,0
2026-09-02 20:00:21,51.40,1,0,2,,51.40,6,0.00,0,0.00,0
2026-09-02 20:00:32,56.45,1,0,2,,56.45,6,0.00,0,0.00,0
2026-09-02 20:00:44,53.20,1,0,2,,53.20,6,0.00,0,0.00,0
2026-09-02 20:00:55,48.50,1,0,2,,48.50,5,0.00,0,0.00,0
2026-09-02 20:01:06,48.70,1,0,2,,48.70,5,0.00,0,0.00,0
2026-09-02 20:01:17,48.60,1,0,2,,48.60,5,0.00,0,0.00,0
2026-09-02 20:01:28,44.55,1,0,2,,44.55,5,0.00,0,0.00,0
2026-09-02 20:01:40,47.50,1,0,2,,47.50,5,0.00,0,0.00,0
2026-09-02 20:01:51,53.05,1,0,2,,53.05,5,0.00,0,0.00,0
2026-09-02 20:02:02,41.75,1,0,2,,41.75,4,0.00,0,0.00,0
2026-09-02 20:02:14,46.60,1,0,2,,46.60,4,0.00,0,0.00,0
2026-09-02 20:02:25,37.25,1,0,2,,37.25,4,0.00,0,0.00,0
2026-09-02 20:02:37,37.35,1,0,2,,37.35,4,0.00,0,0.00,0
2026-09-02 20:02:49,37.35,1,0,2,,37.35,4,0.00,0,0.00,0
2026-09-02 20:03:00,37.75,1,0,2,,37.75,4,0.00,0,0.00,0
2026-09-02 20:03:11,31.10,1,0,2,,31.10,3,0.00,0,0.00,0
2026-09-02 20:03:23,33.75,1,0,2,,33.75,3,0.00,0,0.00,0
2026-09-02 20:03:34,39.40,1,0,2,,39.40,3,0.00,0,0.00,0
2026-09-02 20:03:45,35.20,1,0,2,,35.20,3,0.00,0,0.00,0
2026-09-02 20:03:56,31.20,1,0,2,,31.20,3,0.00,0,0.00,0
2026-09-02 20:04:07,36.75,1,0,2,,36.75,3,0.00,0,0.00,0
2026-09-02 20:04:18,29.75,1,0,2,,29.75,2,0.00,0,0.00,0
2026-09-02 20:04:30,33.15,1,0,2,,33.15,2,0.00,0,0.00,0
2026-09-02 20:04:41,23.80,1,0,2,,23.80,2,0.00,0,0.00,0
2026-09-02 20:04:52,26.85,1,0,2,,26.85,2,0.00,0,0.00,0
2026-09-02 20:05:03,32.70,1,0,2,,32.70,2,0.00,0,0.00,0
2026-09-02 20:05:15,33.35,1,0,2,,33.35,2,0.00,0,0.00,0
2026-09-02 20:05:26,17.30,1,0,2,,17.30,1,0.00,0,0.00,0
2026-09-02 20:05:37,19.60,1,0,2,,19.60,1,0.00,0,0.00,0
2026-09-02 20:05:48,25.95,1,0,2,,25.95,1,0.00,0,0.00,0
2026-09-02 20:05:59,21.65,1,0,2,,21.65,1,0.00,0,0.00,0
2026-09-02 20:06:11,17.80,1,0,2,,17.80,1,0.00,0,0.00,0
2026-09-02 20:06:22,25.60,1,0,2,,25.60,1,0.00,0,0.00,0
2026-09-02 20:06:33,19.85,0,1,2,,19.85,0,0.00,0,0.00,0
2026-09-02 20:06:44,11.50,0,1,2,,11.50,0,0.00,0,0.00,0
2026-09-02 20:06:55,19.65,0,1,2,,19.65,0,0.00,0,0.00,0
2026-09-02 20:07:06,11.00,0,1,2,,11.00,0,0.00,0,0.00,0
2026-09-02 20:07:17,17.15,0,1,2,,17.15,0,0.00,0,0.00,0
2026-09-02 20:07:28,9.90,0,1,2,,9.90,0,0.00,0,0.00,0
2026-09-02 20:07:39,14.15,0,1,2,,14.15,0,0.00,0,0.00,0
2026-09-02 20:07:50,15.00,0,1,2,,15.00,0,0.00,0,0.00,0
2026-09-02 20:08:01,12.90,0,1,2,,12.90,0,0.00,0,0.00,0
2026-09-02 20:08:13,14.90,0,1,2,,14.90,0,0.00,0,0.00,0
2026-09-02 20:08:24,22.10,1,0,2,,22.10,1,0.00,0,0.00,0
2026-09-02 20:08:35,21.15,1,0,2,,21.15,1,0.00,0,0.00,0
2026-09-02 20:08:46,17.90,1,0,2,,17.90,1,0.00,0,0.00,0
2026-09-02 20:08:58,21.85,1,0,2,,21.85,1,0.00,0,0.00,0
2026-09-02 20:09:09,17.40,1,0,2,,17.40,1,0.00,0,0.00,0
2026-09-02 20:09:20,17.85,1,0,2,,17.85,1,0.00,0,0.00,0
2026-09-02 20:09:31,18.15,1,0,2,,18.15,2,0.00,0,0.00,0
2026-09-02 20:09:43,26.15,1,0,2,,26.15,2,0.00,0,0.00,0
2026-09-02 20:09:54,31.85,1,0,2,,31.85,2,0.00,0,0.00,0
2026-09-02 20:10:06,27.05,1,0,2,,27.05,2,0.00,0,0.00,0
2026-09-02 20:10:17,24.10,1,0,2,,24.10,2,0.00,0,0.00,0
2026-09-02 20:10:29,33.00,1,0,2,,33.00,2,0.00,0,0.00,0
2026-09-02 20:10:40,30.60,1,0,2,,30.60,2,0.00,0,0.00,0
2026-09-02 20:10:52,28.75,1,0,2,,28.75,3,0.00,0,0.00,0
2026-09-02 20:11:03,29.00,1,0,2,,29.00,3,0.00,0,0.00,0
2026-09-02 20:11:15,35.55,1,0,2,,35.55,3,0.00,0,0.00,0
2026-09-02 20:11:26,33.75,1,0,2,,33.75,3,0.00,0,0.00,0
2026-09-02 20:11:37,31.35,1,0,2,,31.35,3,0.00,0,0.00,0
2026-09-02 20:11:49,40.35,1,0,2,,40.35,3,0.00,0,0.00,0
2026-09-02 20:12:00,35.40,1,0,2,,35.40,4,0.00,0,0.00,0
2026-09-02 20:12:11,34.00,1,0,2,,34.00,4,0.00,0,0.00,0
2026-09-02 20:12:23,45.00,1,0,2,,45.00,4,0.00,0,0.00,0
2026-09-02 20:12:34,39.05,1,0,2,,39.05,4,0.00,0,0.00,0
2026-09-02 20:12:45,42.60,1,0,2,,42.60,4,0.00,0,0.00,0
2026-09-02 20:12:56,46.95,1,0,2,,46.95,4,0.00,0,0.00,0
2026-09-02 20:13:08,41.50,1,0,2,,41.50,4,0.00,0,0.00,0
2026-09-02 20:13:19,40.40,1,0,2,,40.40,5,0.00,0,0.00,0
2026-09-02 20:13:31,48.70,1,0,2,,48.70,5,0.00,0,0.00,0
2026-09-02 20:13:42,44.40,1,0,2,,44.40,5,0.00,0,0.00,0
2026-09-02 20:13:53,49.50,1,0,2,,49.50,5,0.00,0,0.00,0
2026-09-02 20:14:04,53.60,1,0,2,,53.60,5,0.00,0,0.00,0
2026-09-02 20:14:16,47.65,1,0,2,,47.65,5,0.00,0,0.00,0
2026-09-02 20:14:27,49.55,1,0,2,,49.55,5,0.00,0,0.00,0
2026-09-02 20:14:39,48.05,1,0,2,,48.05,6,0.00,0,0.00,0
2026-09-02 20:14:50,48.00,1,0,2,,48.00,6,0.00,0,0.00,0
2026-09-02 20:15:02,54.80,1,0,2,,54.80,6,0.00,0,0.00,0
2026-09-02 20:15:13,58.30,1,0,2,,58.30,6,0.00,0,0.00,0
2026-09-02 20:15:24,52.20,1,0,2,,52.20,6,0.00,0,0.00,0
2026-09-02 20:15:36,60.60,1,0,2,,60.60,6,0.00,0,0.00,0
2026-09-02 20:15:48,53.35,1,0,2,,53.35,7,0.00,0,0.00,0
2026-09-02 20:15:59,58.40,1,0,2,,58.40,7,0.00,0,0.00,0
2026-09-02 20:16:10,64.50,1,0,2,,64.50,7,0.00,0,0.00,0
2026-09-02 20:16:22,58.85,1,0,2,,58.85,7,0.00,0,0.00,0
2026-09-02 20:16:33,67.60,1,0,2,,67.60,7,0.00,0,0.00,0
2026-09-02 20:16:44,59.50,1,0,2,,59.50,7,0.00,0,0.00,0
2026-09-02 20:16:56,62.75,1,0,2,,62.75,7,0.00,0,0.00,0
2026-09-02 20:17:07,65.25,1,0,2,,65.25,8,0.00,0,0.00,0
2026-09-02 20:17:19,61.45,1,0,2,,61.45,8,0.00,0,0.00,0
2026-09-02 20:17:30,69.95,1,0,2,,69.95,8,0.00,0,0.00,0
2026-09-02 20:17:41,63.70,1,0,2,,63.70,8,0.00,0,0.00,0
2026-09-02 20:17:53,69.30,1,0,2,,69.30,8,0.00,0,0.00,0
2026-09-02 20:18:04,71.40,1,0,2,,71.40,8,0.00,0,0.00,0
2026-09-02 20:18:16,66.80,1,0,2,,66.80,8,0.00,0,0.00,0
2026-09-02 20:18:28,76.20,1,0,2,,76.20,9,0.00,0,0.00,0
2026-09-02 20:18:39,67.85,1,0,2,,67.85,9,0.00,0,0.00,0
2026-09-02 20:18:51,76.25,1,0,2,,76.25,9,0.00,0,0.00,0
2026-09-02 20:19:02,72.00,1,0,2,,72.00,9,0.00,0,0.00,0
2026-09-02 20:19:15,43.40,1,1,1,,71.35,9,15.45,0,0.00,0
2026-09-02 20:19:28,45.80,1,1,1,,81.25,9,10.35,0,0.00,0
2026-09-02 20:19:40,43.47,2,0,1,,73.10,9,13.85,1,0.00,0
2026-09-02 20:19:53,47.72,2,0,1,,76.30,9,19.15,1,0.00,0
2026-09-02 20:20:07,52.10,2,0,1,,78.40,9,25.80,1,0.00,0
2026-09-02 20:20:20,52.12,2,0,1,,80.75,9,23.50,1,0.00,0
2026-09-02 20:20:33,53.70,2,0,1,,81.20,9,26.20,1,0.00,0
2026-09-02 20:20:48,48.10,2,0,1,,78.40,9,17.80,1,0.00,0
2026-09-02 20:21:02,47.62,2,0,1,,75.30,9,19.95,2,0.00,0
2026-09-02 20:21:16,53.68,2,0,1,,80.60,9,26.75,2,0.00,0
2026-09-02 20:21:29,52.30,2,0,1,,72.15,9,32.45,2,0.00,0
2026-09-02 20:21:42,52.20,2,0,1,,76.75,9,27.65,2,0.00,0
2026-09-02 20:21:55,50.65,2,0,1,,76.60,9,24.70,2,0.00,0
2026-09-02 20:22:08,49.92,2,0,1,,73.30,9,26.55,3,0.00,0
2026-09-02 20:22:21,58.40,2,0,1,,80.40,9,36.40,3,0.00,0
2026-09-02 20:22:34,57.12,2,0,1,,80.95,9,33.30,3,0.00,0
2026-09-02 20:22:47,54.78,2,0,1,,78.40,9,31.15,3,0.00,0
2026-09-02 20:22:59,58.12,2,0,1,,81.15,9,35.10,3,0.00,0
2026-09-02 20:23:12,55.15,2,0,1,,72.05,9,38.25,3,0.00,0
2026-09-02 20:23:25,52.80,2,0,1,,74.15,9,31.45,4,0.00,0
2026-09-02 20:23:38,57.42,2,0,1,,72.40,9,42.45,4,0.00,0
2026-09-02 20:23:51,58.38,2,0,1,,72.60,9,44.15,4,0.00,0
2026-09-02 20:24:03,58.88,2,0,1,,78.50,9,39.25,4,0.00,0
2026-09-02 20:24:15,61.45,2,0,1,,81.00,9,41.90,4,0.00,0
2026-09-02 20:24:28,57.75,2,0,1,,71.50,9,44.00,4,0.00,0
2026-09-02 20:24:41,57.20,2,0,1,,76.45,9,37.95,5,0.00,0
2026-09-02 20:24:53,60.27,2,0,1,,76.35,9,44.20,5,0.00,0
2026-09-02 20:25:05,60.38,2,0,1,,72.30,9,48.45,5,0.00,0
2026-09-02 20:25:18,58.52,2,0,1,,73.80,9,43.25,5,0.00,0
2026-09-02 20:25:30,63.53,2,0,1,,78.40,9,48.65,5,0.00,0
2026-09-02 20:25:43,63.15,2,0,1,,73.75,9,52.55,5,0.00,0
2026-09-02 20:25:55,60.40,2,0,1,,74.90,9,45.90,6,0.00,0
2026-09-02 20:26:08,65.80,2,0,1,,80.65,9,50.95,6,0.00,0
2026-09-02 20:26:20,64.42,2,0,1,,76.35,9,52.50,6,0.00,0
2026-09-02 20:26:33,62.60,2,0,1,,76.50,9,48.70,6,0.00,0
2026-09-02 20:26:46,68.08,2,0,1,,81.15,9,55.00,6,0.00,0
2026-09-02 20:26:58,68.05,2,0,1,,76.45,9,59.65,6,0.00,0
2026-09-02 20:27:11,63.33,2,0,1,,72.75,9,53.90,7,0.00,0
2026-09-02 20:27:23,66.95,2,0,1,,76.40,9,57.50,7,0.00,0
2026-09-02 20:27:37,67.17,2,0,1,,77.80,9,56.55,7,0.00,0
2026-09-02 20:27:49,63.88,2,0,1,,73.10,9,54.65,7,0.00,0
2026-09-02 20:28:02,70.10,2,0,1,,79.55,9,60.65,7,0.00,0
2026-09-02 20:28:14,71.40,2,0,1,,76.35,9,66.45,7,0.00,0
2026-09-02 20:28:27,64.75,2,0,1,,71.25,9,58.25,8,0.00,0
2026-09-02 20:28:40,71.43,2,0,1,,76.40,9,66.45,8,0.00,0
2026-09-02 20:28:52,70.95,2,0,1,,80.80,9,61.10,8,0.00,0
2026-09-02 20:29:05,48.98,2,1,0,,76.35,9,59.75,8,10.85,0
2026-09-02 20:29:19,52.72,2,1,0,,72.40,9,71.15,8,14.60,0
2026-09-02 20:29:33,54.20,2,1,0,,78.40,9,65.20,8,19.00,0
2026-09-02 20:29:47,51.52,3,0,0,,74.60,9,69.15,8,10.80,1
2026-09-02 20:30:01,54.15,3,0,0,,75.15,9,68.95,8,18.35,1
2026-09-02 20:30:15,58.27,3,0,0,,76.35,9,73.25,8,25.20,1
2026-09-02 20:30:29,52.43,3,0,0,,72.30,9,65.35,8,19.65,1
2026-09-02 20:30:42,52.27,3,0,0,,72.45,9,63.85,8,20.50,1
2026-09-02 20:30:56,54.68,3,0,0,,72.10,9,65.90,8,26.05,1
2026-09-02 20:31:10,57.63,3,0,0,,74.75,9,71.05,8,27.10,2
2026-09-02 20:31:23,57.22,3,0,0,,81.00,9,67.05,8,23.60,2
2026-09-02 20:31:37,56.45,3,0,0,,76.45,9,69.20,8,23.70,2
2026-09-02 20:31:50,56.65,3,0,0,,76.40,9,65.45,8,28.10,2
2026-09-02 20:32:04,60.62,3,0,0,,76.35,9,73.10,8,32.40,2
2026-09-02 20:32:19,54.95,3,0,0,,73.80,9,64.55,8,26.50,3
2026-09-02 20:32:32,58.42,3,0,0,,80.50,9,69.10,8,25.65,3
2026-09-02 20:32:46,59.72,3,0,0,,81.00,9,65.40,8,32.75,3
2026-09-02 20:33:00,63.40,3,0,0,,80.25,9,73.05,8,36.90,3
2026-09-02 20:33:13,58.73,3,0,0,,76.35,9,69.05,8,30.80,3
2026-09-02 20:33:28,55.97,3,0,0,,73.15,9,64.10,8,30.65,3
2026-09-02 20:33:42,61.68,3,0,0,,79.00,9,65.05,8,41.00,4
2026-09-02 20:33:56,62.57,3,0,0,,75.50,9,73.00,8,39.20,4
2026-09-02 20:34:10,61.40,3,0,0,,80.55,9,69.10,8,34.55,4
2026-09-02 20:34:23,60.90,3,0,0,,76.50,9,65.30,8,40.90,4
2026-09-02 20:34:37,61.18,3,0,0,,72.85,9,65.00,8,45.70,4
2026-09-02 20:34:52,63.27,3,0,0,,73.00,9,73.30,8,43.50,5
2026-09-02 20:35:06,60.87,3,0,0,,74.20,9,64.60,8,43.80,5
2026-09-02 20:35:20,65.55,3,0,0,,80.70,9,68.15,8,47.80,5
2026-09-02 20:35:34,60.98,3,0,0,,71.70,9,66.45,8,44.80,5
2026-09-02 20:35:48,63.17,3,0,0,,72.40,9,73.50,8,43.60,5
2026-09-02 20:36:02,60.27,3,0,0,,71.95,9,64.80,8,44.05,5
2026-09-02 20:36:16,66.00,3,0,0,,75.15,9,70.60,8,52.25,6
2026-09-02 20:36:30,66.13,3,0,0,,80.90,9,71.20,8,46.30,6
2026-09-02 20:36:43,68.22,3,0,0,,81.05,9,73.15,8,50.45,6
2026-09-02 20:36:57,68.38,3,0,0,,79.40,9,69.10,8,56.65,6
2026-09-02 20:37:11,66.20,3,0,0,,81.05,9,67.85,8,49.70,6
2026-09-02 20:37:26,65.63,3,0,0,,72.60,9,69.20,8,55.10,7
2026-09-02 20:37:41,71.20,3,0,0,,78.20,9,73.85,8,61.55,7
2026-09-02 20:37:55,67.45,3,0,0,,80.60,9,65.30,8,56.45,7
2026-09-02 20:38:08,68.47,3,0,0,,80.25,9,71.15,8,54.00,7
2026-09-02 20:38:22,69.63,3,0,0,,76.35,9,69.05,8,63.50,7
2026-09-02 20:38:36,66.77,3,0,0,,72.65,9,69.10,8,58.55,7
2026-09-02 20:38:49,67.93,3,0,0,,75.60,9,64.85,8,63.35,8
2026-09-02 20:39:03,69.77,3,0,0,,73.10,9,67.90,8,68.30,8
2026-09-02 20:39:17,68.30,3,0,0,,75.75,9,69.00,8,60.15,8
2026-09-02 20:39:31,72.10,3,0,0,,76.35,9,69.10,8,70.85,8
2026-09-02 20:39:45,70.12,3,0,0,,72.35,9,69.10,8,68.90,8
2026-09-02 20:39:59,68.42,3,0,0,,72.10,9,67.95,8,65.20,9
2026-09-02 20:40:13,73.82,3,0,0,,72.35,9,73.65,8,75.45,9
2026-09-02 20:40:26,69.03,3,0,0,,74.95,9,64.90,8,67.25,9
2026-09-02 20:40:40,73.65,3,0,0,,81.00,9,69.15,8,70.80,9
2026-09-02 20:40:54,72.78,3,0,0,,76.45,9,65.35,8,76.55,9
2026-09-02 20:41:09,76.45,3,0,0,,81.15,9,73.35,8,74.85,9
2026-09-02 20:41:23,74.12,3,0,0,,72.30,9,76.05,9,74.00,9
2026-09-02 20:41:37,76.48,3,0,0,,77.60,9,72.90,9,78.95,9
2026-09-02 20:41:51,75.37,3,0,0,,76.35,9,75.55,9,74.20,9
2026-09-02 20:42:05,77.87,3,0,0,,81.35,9,80.65,9,71.60,9
2026-09-02 20:42:19,77.15,3,0,0,,76.35,9,79.75,9,75.35,9
2026-09-02 20:42:33,76.78,3,0,0,,72.50,9,80.70,9,77.15,9
2026-09-02 20:42:47,75.70,3,0,0,,78.25,9,75.30,9,73.55,9
2026-09-02 20:43:01,74.63,3,0,0,,79.30,9,73.25,9,71.35,9
2026-09-02 20:43:15,74.52,3,0,0,,79.15,9,69.10,8,75.30,9
2026-09-02 20:43:29,72.30,3,0,0,,76.35,9,66.90,8,73.65,9
2026-09-02 20:43:43,69.58,3,0,0,,72.45,9,65.20,8,71.10,9
2026-09-02 20:43:56,72.85,3,0,0,,75.55,9,71.15,8,71.85,9
2026-09-02 20:44:11,69.12,3,0,0,,73.20,9,63.95,8,70.20,9
2026-09-02 20:44:25,71.40,3,0,0,,80.55,9,67.35,8,66.30,8
2026-09-02 20:44:39,72.05,3,0,0,,76.35,9,67.45,8,72.35,8
2026-09-02 20:44:52,70.80,3,0,0,,72.80,9,71.15,8,68.45,8
2026-09-02 20:45:06,68.60,3,0,0,,72.35,9,69.05,8,64.40,8
2026-09-02 20:45:19,66.63,3,0,0,,72.40,9,65.50,8,62.00,8
