time_stamp,ram_avg,running_hosts,idle_hosts,offline_hosts,predicted_ram,ram_compute1,vms_compute1,ram_compute2,vms_compute2,ram_compute3,vms_compute3
2026-09-02 20:54:39,14.83,0,3,0,,19.35,0,10.45,0,14.70,0
2026-09-02 20:54:52,16.80,0,3,0,,14.00,0,19.55,0,16.85,0
2026-09-02 20:55:04,11.87,0,3,0,,10.70,0,14.15,0,10.75,0
2026-09-02 20:55:17,16.37,0,3,0,,19.15,0,10.65,0,19.30,0
2026-09-02 20:55:29,14.52,0,3,0,,11.45,0,19.45,0,12.65,0
2026-09-02 20:55:43,12.92,0,3,0,,15.00,0,13.70,0,10.05,0
2026-09-02 20:55:56,15.65,1,2,0,,17.10,1,10.65,0,19.20,0
2026-09-02 20:56:09,15.28,1,2,0,,17.80,1,14.75,0,13.30,0
2026-09-02 20:56:23,15.77,1,2,0,,17.80,1,18.75,0,10.75,0
2026-09-02 20:56:36,16.83,1,2,0,,22.00,1,13.75,0,14.75,0
2026-09-02 20:56:49,15.23,1,2,0,,18.00,1,10.75,0,16.95,0
2026-09-02 20:57:03,18.15,1,2,0,,23.85,1,19.55,0,11.05,0
2026-09-02 20:57:16,19.43,2,1,0,,26.70,1,16.50,0,15.10,1
2026-09-02 20:57:30,15.82,2,1,0,,17.95,1,12.75,0,16.75,1
2026-09-02 20:57:45,15.00,2,1,0,,17.95,1,10.75,0,16.30,1
2026-09-02 20:57:58,18.45,2,1,0,,24.05,1,14.75,0,16.55,1
2026-09-02 20:58:11,18.65,2,1,0,,17.85,1,18.75,0,19.35,1
2026-09-02 20:58:25,21.93,3,0,0,,25.80,1,14.00,1,26.00,1
2026-09-02 20:58:38,17.17,3,0,0,,17.85,1,16.50,1,17.15,1
2026-09-02 20:58:52,20.27,3,0,0,,25.95,1,17.35,1,17.50,1
2026-09-02 20:59:05,19.93,3,0,0,,17.95,1,21.65,1,20.20,1
2026-09-02 20:59:19,21.62,3,0,0,,25.85,1,17.45,1,21.55,1
2026-09-02 20:59:32,19.40,3,0,0,,17.90,1,20.90,1,19.40,1
2026-09-02 20:59:45,23.62,3,0,0,,22.85,2,26.55,1,21.45,1
2026-09-02 20:59:58,20.72,3,0,0,,24.45,2,17.65,1,20.05,1
2026-09-02 21:00:12,21.27,3,0,0,,24.60,2,17.70,1,21.50,1
2026-09-02 21:00:25,22.73,3,0,0,,28.60,2,19.90,1,19.70,1
2026-09-02 21:00:38,23.93,3,0,0,,28.70,2,21.65,1,21.45,1
2026-09-02 21:00:52,22.32,3,0,0,,26.10,2,19.95,1,20.90,1
2026-09-02 21:01:06,27.40,3,0,0,,32.90,2,21.65,1,27.65,2
2026-09-02 21:01:19,25.87,3,0,0,,28.60,2,23.70,1,25.30,2
2026-09-02 21:01:33,23.48,3,0,0,,28.60,2,17.65,1,24.20,2
2026-09-02 21:01:46,26.42,3,0,0,,24.80,2,26.05,1,28.40,2
2026-09-02 21:01:59,25.15,3,0,0,,33.25,2,17.70,1,24.50,2
2026-09-02 21:02:13,28.05,3,0,0,,25.30,2,26.45,2,32.40,2
2026-09-02 21:02:27,31.90,3,0,0,,32.60,2,30.05,2,33.05,2
2026-09-02 21:02:40,25.67,3,0,0,,24.60,2,28.15,2,24.25,2
2026-09-02 21:02:55,27.42,3,0,0,,33.10,2,24.90,2,24.25,2
2026-09-02 21:03:08,27.75,3,0,0,,27.25,2,27.25,2,28.75,2
2026-09-02 21:03:24,27.07,3,0,0,,28.60,2,28.35,2,24.25,2
2026-09-02 21:03:37,27.58,3,0,0,,26.80,3,26.25,2,29.70,2
2026-09-02 21:03:50,30.80,3,0,0,,33.60,3,30.50,2,28.30,2
2026-09-02 21:04:03,33.33,3,0,0,,40.25,3,30.20,2,29.55,2
2026-09-02 21:04:16,33.47,3,0,0,,39.50,3,32.55,2,28.35,2
2026-09-02 21:04:30,30.17,3,0,0,,39.40,3,24.65,2,26.45,2
2026-09-02 21:04:44,32.30,3,0,0,,35.50,3,33.15,2,28.25,2
2026-09-02 21:04:57,28.97,3,0,0,,32.05,3,24.30,2,30.55,3
2026-09-02 21:05:11,36.80,3,0,0,,39.65,3,32.70,2,38.05,3
2026-09-02 21:05:25,32.22,3,0,0,,34.75,3,24.75,2,37.15,3
2026-09-02 21:05:38,32.95,3,0,0,,39.55,3,28.30,2,31.00,3
2026-09-02 21:05:51,30.00,3,0,0,,31.45,3,25.10,2,33.45,3
2026-09-02 21:06:04,36.50,3,0,0,,37.55,3,32.50,3,39.45,3
2026-09-02 21:06:19,32.22,3,0,0,,30.90,3,34.75,3,31.00,3
2026-09-02 21:06:34,35.70,3,0,0,,36.75,3,36.45,3,33.90,3
2026-09-02 21:06:50,34.07,3,0,0,,31.55,3,36.55,3,34.10,3
2026-09-02 21:07:03,35.02,3,0,0,,35.90,3,37.40,3,31.75,3
2026-09-02 21:07:18,35.80,3,0,0,,37.80,3,30.20,3,39.40,3
2026-09-02 21:07:31,36.22,3,0,0,,39.85,4,33.75,3,35.05,3
2026-09-02 21:07:44,37.27,3,0,0,,38.95,4,39.70,3,33.15,3
2026-09-02 21:07:58,37.37,3,0,0,,38.45,4,38.65,3,35.00,3
2026-09-02 21:08:12,35.48,3,0,0,,38.15,4,34.90,3,33.40,3
2026-09-02 21:08:25,36.82,3,0,0,,42.50,4,32.95,3,35.00,3
2026-09-02 21:08:38,36.25,3,0,0,,38.40,4,34.95,3,35.40,4
2026-09-02 21:08:51,39.97,3,0,0,,44.10,4,32.55,3,43.25,4
2026-09-02 21:09:05,40.63,3,0,0,,42.35,4,38.95,3,40.60,4
2026-09-02 21:09:19,37.68,3,0,0,,42.35,4,31.10,3,39.60,4
2026-09-02 21:09:32,41.50,3,0,0,,46.90,4,39.65,3,37.95,4
2026-09-02 21:09:46,36.37,3,0,0,,38.45,4,32.20,3,38.45,4
2026-09-02 21:09:59,42.60,3,0,0,,46.70,4,36.85,4,44.25,4
2026-09-02 21:10:13,38.72,3,0,0,,38.25,4,36.05,4,41.85,4
2026-09-02 21:10:27,39.65,3,0,0,,43.20,4,37.80,4,37.95,4
2026-09-02 21:10:41,42.23,3,0,0,,42.40,4,37.55,4,46.75,4
2026-09-02 21:10:54,38.48,3,0,0,,40.25,4,37.30,4,37.90,4
2026-09-02 21:11:08,42.15,3,0,0,,42.35,4,37.65,4,46.45,4
2026-09-02 21:11:22,44.30,3,0,0,,49.65,5,45.35,4,37.90,4
2026-09-02 21:11:35,43.97,3,0,0,,46.45,5,41.75,4,43.70,4
2026-09-02 21:11:49,41.57,3,0,0,,45.20,5,37.60,4,41.90,4
2026-09-02 21:12:03,40.65,3,0,0,,45.10,5,36.55,4,40.30,4
2026-09-02 21:12:16,44.17,3,0,0,,47.55,5,43.10,4,41.85,4
2026-09-02 21:12:30,43.90,3,0,0,,50.60,5,41.80,4,39.30,5
2026-09-02 21:12:43,48.93,3,0,0,,53.15,5,42.85,4,50.80,5
2026-09-02 21:12:57,45.67,3,0,0,,49.15,5,41.70,4,46.15,5
2026-09-02 21:13:10,45.27,3,0,0,,53.60,5,37.55,4,44.65,5
2026-09-02 21:13:23,46.33,3,0,0,,49.20,5,45.50,4,44.30,5
2026-09-02 21:13:37,42.90,3,0,0,,44.55,5,37.60,4,46.55,5
2026-09-02 21:13:51,45.75,3,0,0,,51.05,5,40.10,5,46.10,5
2026-09-02 21:14:04,48.98,3,0,0,,49.15,5,47.00,5,50.80,5
2026-09-02 21:14:18,50.55,3,0,0,,47.55,5,50.75,5,53.35,5
2026-09-02 21:14:31,52.15,3,0,0,,53.70,5,49.80,5,52.95,5
2026-09-02 21:14:44,50.23,3,0,0,,44.45,5,52.70,5,53.55,5
2026-09-02 21:14:59,48.22,3,0,0,,51.35,5,48.50,5,44.80,5
2026-09-02 21:15:12,51.58,3,0,0,,53.30,6,48.50,5,52.95,5
2026-09-02 21:15:25,47.87,3,0,0,,52.45,6,46.55,5,44.60,5
2026-09-02 21:15:39,50.85,3,0,0,,55.90,6,46.25,5,50.40,5
2026-09-02 21:15:52,52.50,3,0,0,,60.10,6,44.60,5,52.80,5
2026-09-02 21:16:06,49.00,3,0,0,,55.75,6,46.65,5,44.60,5
2026-09-02 21:16:19,50.75,3,0,0,,51.70,6,53.25,5,47.30,6
2026-09-02 21:16:33,48.58,3,0,0,,51.70,6,45.05,5,49.00,6
2026-09-02 21:16:46,55.32,3,0,0,,52.65,6,53.20,5,60.10,6
2026-09-02 21:17:00,50.10,3,0,0,,52.10,6,44.55,5,53.65,6
2026-09-02 21:17:13,51.53,3,0,0,,54.70,6,47.35,5,52.55,6
2026-09-02 21:17:26,55.90,3,0,0,,60.15,6,48.45,5,59.10,6
2026-09-02 21:17:40,56.95,3,0,0,,59.75,6,50.85,6,60.25,6
2026-09-02 21:17:53,54.77,3,0,0,,51.35,6,53.15,6,59.80,6
2026-09-02 21:18:07,56.58,3,0,0,,57.05,6,57.40,6,55.30,6
2026-09-02 21:18:20,55.67,3,0,0,,55.80,6,51.30,6,59.90,6
2026-09-02 21:18:34,51.38,3,0,0,,51.50,6,51.75,6,50.90,6
2026-09-02 21:18:48,55.23,3,0,0,,54.85,6,59.40,6,51.45,6
2026-09-02 21:19:01,55.92,3,0,0,,55.85,7,55.35,6,56.55,6
2026-09-02 21:19:15,55.95,3,0,0,,57.30,7,55.20,6,55.35,6
2026-09-02 21:19:29,55.67,3,0,0,,58.10,7,55.25,6,53.65,6
2026-09-02 21:19:42,59.12,3,0,0,,66.70,7,50.90,6,59.75,6
2026-09-02 21:19:56,61.37,3,0,0,,66.60,7,57.35,6,60.15,6
2026-09-02 21:20:09,59.18,3,0,0,,62.55,7,57.50,6,57.50,7
2026-09-02 21:20:23,59.32,3,0,0,,58.55,7,55.35,6,64.05,7
2026-09-02 21:20:36,59.07,3,0,0,,59.15,7,54.55,6,63.50,7
2026-09-02 21:20:50,58.58,3,0,0,,62.55,7,55.25,6,57.95,7
2026-09-02 21:21:03,58.92,3,0,0,,58.55,7,51.55,6,66.65,7
2026-09-02 21:21:17,58.60,3,0,0,,64.65,7,53.70,6,57.45,7
2026-09-02 21:21:30,59.22,3,0,0,,62.70,7,56.00,7,58.95,7
2026-09-02 21:21:44,60.27,3,0,0,,62.55,7,56.90,7,61.35,7
2026-09-02 21:21:58,59.05,3,0,0,,60.60,7,58.00,7,58.55,7
2026-09-02 21:22:13,61.32,3,0,0,,62.55,7,62.15,7,59.25,7
2026-09-02 21:22:26,63.17,3,0,0,,60.90,7,61.95,7,66.65,7
2026-09-02 21:22:40,60.28,3,0,0,,64.85,8,57.95,7,58.05,7
2026-09-02 21:22:54,60.75,3,0,0,,61.15,8,63.35,7,57.75,7
2026-09-02 21:23:08,65.53,3,0,0,,64.15,8,66.50,7,65.95,7
2026-09-02 21:23:23,61.22,3,0,0,,65.20,8,60.30,7,58.15,7
2026-09-02 21:23:36,66.88,3,0,0,,69.65,8,66.80,7,64.20,7
2026-09-02 21:23:50,66.05,3,0,0,,73.75,8,58.10,7,66.30,7
2026-09-02 21:24:03,66.30,3,0,0,,69.40,8,66.00,7,63.50,8
2026-09-02 21:24:18,65.30,3,0,0,,65.35,8,65.90,7,64.65,8
2026-09-02 21:24:32,64.27,3,0,0,,69.70,8,58.05,7,65.05,8
2026-09-02 21:24:45,66.18,3,0,0,,65.05,8,66.20,7,67.30,8
2026-09-02 21:24:59,66.93,3,0,0,,69.60,8,57.90,7,73.30,8
2026-09-02 21:25:12,66.40,3,0,0,,67.45,8,58.15,8,73.60,8
2026-09-02 21:25:26,67.60,3,0,0,,74.00,8,64.35,8,64.45,8
2026-09-02 21:25:40,69.43,3,0,0,,69.55,8,72.00,8,66.75,8
2026-09-02 21:25:53,69.05,3,0,0,,69.50,8,73.05,8,64.60,8
2026-09-02 21:26:10,70.47,3,0,0,,73.70,8,73.05,8,64.65,8
2026-09-02 21:26:24,68.12,3,0,0,,64.55,9,68.80,8,71.00,8
2026-09-02 21:26:38,70.07,3,0,0,,72.85,9,73.60,8,63.75,8
2026-09-02 21:26:52,67.53,3,0,0,,73.95,9,64.75,8,63.90,8
2026-09-02 21:27:06,67.95,3,0,0,,71.60,9,67.30,8,64.95,8
2026-09-02 21:27:20,72.80,3,0,0,,76.30,9,68.90,8,73.20,8
2026-09-02 21:27:35,67.37,3,0,0,,72.45,9,64.80,8,64.85,8
2026-09-02 21:27:48,72.12,3,0,0,,71.95,9,73.05,8,71.35,9
2026-09-02 21:28:03,71.55,3,0,0,,72.25,9,64.70,8,77.70,9
2026-09-02 21:28:17,71.50,3,0,0,,77.60,9,64.90,8,72.00,9
2026-09-02 21:28:33,73.43,3,0,0,,75.20,9,72.75,8,72.35,9
2026-09-02 21:28:48,70.90,3,0,0,,72.95,9,65.00,8,74.75,9
2026-09-02 21:29:02,72.33,3,0,0,,76.40,9,68.95,9,71.65,9
2026-09-02 21:29:15,74.43,3,0,0,,76.30,9,73.55,9,73.45,9
2026-09-02 21:29:29,77.35,3,0,0,,72.60,9,79.70,9,79.75,9
2026-09-02 21:29:43,75.27,3,0,0,,74.65,9,73.55,9,77.60,9
2026-09-02 21:29:56,73.15,3,0,0,,74.55,9,73.15,9,71.75,9
2026-09-02 21:30:10,77.28,3,0,0,,81.05,9,78.85,9,71.95,9
2026-09-02 21:30:24,75.43,3,0,0,,72.30,9,74.20,9,79.80,9
2026-09-02 21:30:38,73.98,3,0,0,,78.35,9,72.15,9,71.45,9
2026-09-02 21:30:52,72.45,3,0,0,,75.35,9,68.80,8,73.20,9
2026-09-02 21:31:05,73.17,3,0,0,,80.95,9,67.05,8,71.50,9
2026-09-02 21:31:19,73.80,3,0,0,,72.25,9,70.90,8,78.25,9
2026-09-02 21:31:33,75.80,3,0,0,,80.15,9,73.45,8,73.80,9
2026-09-02 21:31:47,70.93,3,0,0,,80.65,9,64.90,8,67.25,9
2026-09-02 21:32:01,73.45,3,0,0,,81.10,9,73.40,8,65.85,8
2026-09-02 21:32:16,69.78,3,0,0,,72.30,9,64.35,8,72.70,8
2026-09-02 21:32:29,72.15,3,0,0,,78.75,9,68.90,8,68.80,8
2026-09-02 21:32:42,70.02,3,0,0,,76.35,9,67.70,8,66.00,8
2026-09-02 21:32:57,73.60,3,0,0,,80.95,9,68.80,8,71.05,8
2026-09-02 21:33:11,68.48,3,0,0,,65.20,8,67.25,8,73.00,8
2026-09-02 21:33:25,67.00,3,0,0,,70.85,8,66.25,8,63.90,8
2026-09-02 21:33:38,69.97,3,0,0,,69.40,8,73.15,8,67.35,8
2026-09-02 21:33:52,69.33,3,0,0,,69.50,8,64.75,8,73.75,8
2026-09-02 21:34:06,70.12,3,0,0,,65.45,8,71.55,8,73.35,8
2026-09-02 21:34:20,68.33,3,0,0,,73.55,8,66.65,7,64.80,8
2026-09-02 21:34:33,65.82,3,0,0,,65.35,8,62.00,7,70.10,8
2026-09-02 21:34:47,64.83,3,0,0,,65.60,8,60.10,7,68.80,8
2026-09-02 21:35:00,67.43,3,0,0,,66.50,8,66.80,7,69.00,8
2026-09-02 21:35:14,65.97,3,0,0,,74.15,8,59.00,7,64.75,8
2026-09-02 21:35:28,61.32,3,0,0,,65.45,8,58.25,7,60.25,7
2026-09-02 21:35:41,68.13,3,0,0,,71.30,8,66.30,7,66.80,7
2026-09-02 21:35:54,61.32,3,0,0,,67.90,8,57.95,7,58.10,7
2026-09-02 21:36:08,65.15,3,0,0,,74.25,8,64.15,7,57.05,7
2026-09-02 21:36:22,65.28,3,0,0,,65.50,8,66.90,7,63.45,7
2026-09-02 21:36:35,62.68,3,0,0,,64.00,7,62.05,7,62.00,7
2026-09-02 21:36:49,63.72,3,0,0,,67.35,7,63.50,7,60.30,7
2026-09-02 21:37:04,60.45,3,0,0,,57.50,7,57.75,7,66.10,7
2026-09-02 21:37:18,63.50,3,0,0,,64.40,7,64.10,7,62.00,7
2026-09-02 21:37:33,61.82,3,0,0,,58.55,7,66.35,7,60.55,7
2026-09-02 21:37:46,61.23,3,0,0,,61.45,7,55.40,6,66.85,7
2026-09-02 21:37:59,59.50,3,0,0,,61.55,7,54.70,6,62.25,7
2026-09-02 21:38:13,58.58,3,0,0,,62.55,7,55.30,6,57.90,7
2026-09-02 21:38:27,58.02,3,0,0,,59.75,7,50.55,6,63.75,7
2026-09-02 21:38:40,61.33,3,0,0,,67.15,7,54.80,6,62.05,7
2026-09-02 21:38:54,58.07,3,0,0,,67.50,7,55.30,6,51.40,6
2026-09-02 21:39:08,54.58,3,0,0,,57.75,7,54.35,6,51.65,6
2026-09-02 21:39:22,61.33,3,0,0,,64.05,7,60.10,6,59.85,6
2026-09-02 21:39:35,56.38,3,0,0,,62.55,7,55.30,6,51.30,6
2026-09-02 21:39:48,56.23,3,0,0,,58.60,7,53.15,6,56.95,6
2026-09-02 21:40:02,55.72,3,0,0,,51.75,7,55.25,6,60.15,6
2026-09-02 21:40:15,55.27,3,0,0,,58.10,6,52.35,6,55.35,6
2026-09-02 21:40:29,53.75,3,0,0,,55.85,6,52.75,6,52.65,6
2026-09-02 21:40:42,58.07,3,0,0,,54.40,6,60.00,6,59.80,6
2026-09-02 21:40:55,52.27,3,0,0,,54.20,6,51.35,6,51.25,6
2026-09-02 21:41:09,51.53,3,0,0,,55.75,6,47.80,6,51.05,6
2026-09-02 21:41:22,53.38,3,0,0,,52.20,6,53.10,5,54.85,6
2026-09-02 21:41:35,54.62,3,0,0,,60.05,6,48.45,5,55.35,6
2026-09-02 21:41:49,51.70,3,0,0,,55.95,6,46.95,5,52.20,6
2026-09-02 21:42:02,52.42,3,0,0,,51.70,6,48.45,5,57.10,6
2026-09-02 21:42:17,56.00,3,0,0,,59.75,6,48.20,5,60.05,6
2026-09-02 21:42:30,48.78,3,0,0,,51.40,6,50.55,5,44.40,5
2026-09-02 21:42:44,51.33,3,0,0,,57.30,6,44.10,5,52.60,5
2026-09-02 21:42:58,52.28,3,0,0,,60.35,6,52.00,5,44.50,5
2026-09-02 21:43:11,48.10,3,0,0,,55.85,6,43.80,5,44.65,5
2026-09-02 21:43:26,52.73,3,0,0,,57.70,6,47.50,5,53.00,5
2026-09-02 21:43:39,48.82,3,0,0,,49.15,5,52.85,5,44.45,5
2026-09-02 21:43:52,46.75,3,0,0,,45.35,5,44.50,5,50.40,5
2026-09-02 21:44:05,51.12,3,0,0,,47.60,5,52.60,5,53.15,5
2026-09-02 21:44:19,45.98,3,0,0,,49.15,5,44.50,5,44.30,5
2026-09-02 21:44:33,47.83,3,0,0,,47.50,5,45.65,5,50.35,5
2026-09-02 21:44:47,48.05,3,0,0,,49.15,5,46.20,4,48.80,5
2026-09-02 21:45:00,44.77,3,0,0,,49.15,5,37.70,4,47.45,5
2026-09-02 21:45:13,46.83,3,0,0,,47.15,5,45.90,4,47.45,5
2026-09-02 21:45:26,48.10,3,0,0,,53.95,5,41.70,4,48.65,5
2026-09-02 21:45:39,42.67,3,0,0,,45.20,5,38.00,4,44.80,5
2026-09-02 21:45:52,46.83,3,0,0,,50.80,5,46.10,4,43.60,4
2026-09-02 21:46:05,45.92,3,0,0,,53.20,5,37.70,4,46.85,4
2026-09-02 21:46:18,42.93,3,0,0,,44.85,5,46.05,4,37.90,4
2026-09-02 21:46:31,45.60,3,0,0,,51.15,5,41.65,4,44.00,4
2026-09-02 21:46:44,43.27,3,0,0,,49.20,5,38.65,4,41.95,4
2026-09-02 21:46:58,44.00,3,0,0,,44.75,5,46.45,4,40.80,4
2026-09-02 21:47:11,40.68,3,0,0,,40.10,4,37.95,4,44.00,4
2026-09-02 21:47:24,45.07,3,0,0,,47.15,4,46.10,4,41.95,4
2026-09-02 21:47:37,39.90,3,0,0,,38.40,4,41.65,4,39.65,4
2026-09-02 21:47:49,43.85,3,0,0,,46.40,4,38.60,4,46.55,4
2026-09-02 21:48:03,43.78,3,0,0,,47.00,4,46.40,4,37.95,4
2026-09-02 21:48:16,35.88,3,0,0,,38.40,4,30.95,3,38.30,4
2026-09-02 21:48:29,42.85,3,0,0,,45.20,4,37.10,3,46.25,4
2026-09-02 21:48:42,39.98,3,0,0,,42.45,4,39.80,3,37.70,4
2026-09-02 21:48:54,38.00,3,0,0,,39.95,4,31.55,3,42.50,4
2026-09-02 21:49:07,42.00,3,0,0,,44.40,4,39.55,3,42.05,4
2026-09-02 21:49:20,36.17,3,0,0,,42.40,4,31.05,3,35.05,3
2026-09-02 21:49:33,36.47,3,0,0,,40.65,4,36.55,3,32.20,3
2026-09-02 21:49:46,40.62,3,0,0,,47.20,4,35.00,3,39.65,3
2026-09-02 21:49:59,35.58,3,0,0,,42.65,4,33.00,3,31.10,3
2026-09-02 21:50:13,36.65,3,0,0,,40.75,4,35.00,3,34.20,3
2026-09-02 21:50:26,36.90,3,0,0,,42.35,4,33.30,3,35.05,3
2026-09-02 21:50:39,33.83,3,0,0,,31.50,3,38.90,3,31.10,3
2026-09-02 21:50:52,36.33,3,0,0,,39.45,3,30.60,3,38.95,3
2026-09-02 21:51:05,37.43,3,0,0,,40.35,3,36.80,3,35.15,3
2026-09-02 21:51:18,31.03,3,0,0,,31.90,3,30.05,3,31.15,3
2026-09-02 21:51:31,38.42,3,0,0,,40.30,3,35.35,3,39.60,3
2026-09-02 21:51:44,31.75,3,0,0,,31.55,3,32.65,2,31.05,3
2026-09-02 21:51:57,34.33,3,0,0,,39.70,3,24.40,2,38.90,3
2026-09-02 21:52:10,34.42,3,0,0,,35.50,3,32.55,2,35.20,3
2026-09-02 21:52:23,29.40,3,0,0,,32.75,3,24.35,2,31.10,3
2026-09-02 21:52:36,35.70,3,0,0,,40.25,3,27.80,2,39.05,3
2026-09-02 21:52:50,26.72,3,0,0,,31.55,3,24.30,2,24.30,3
2026-09-02 21:53:04,34.82,3,0,0,,39.85,3,32.45,2,32.15,2
2026-09-02 21:53:17,27.98,3,0,0,,31.30,3,24.35,2,28.30,2
2026-09-02 21:53:29,31.88,3,0,0,,37.40,3,32.45,2,25.80,2
2026-09-02 21:53:42,32.35,3,0,0,,35.55,3,28.40,2,33.10,2
2026-09-02 21:53:56,29.75,3,0,0,,34.50,3,29.65,2,25.10,2
2026-09-02 21:54:09,30.78,3,0,0,,30.75,2,28.50,2,33.10,2
2026-09-02 21:54:22,27.08,3,0,0,,28.70,2,28.75,2,23.80,2
2026-09-02 21:54:36,29.00,3,0,0,,31.00,2,23.70,2,32.30,2
2026-09-02 21:54:49,25.07,3,0,0,,24.05,2,26.95,2,24.20,2
2026-09-02 21:55:02,30.28,3,0,0,,30.25,2,28.40,2,32.20,2
2026-09-02 21:55:15,25.32,3,0,0,,28.60,2,19.05,1,28.30,2
2026-09-02 21:55:28,24.28,3,0,0,,25.95,2,21.70,1,25.20,2
2026-09-02 21:55:41,26.65,3,0,0,,33.35,2,18.30,1,28.30,2
2026-09-02 21:55:54,24.27,3,0,0,,26.30,2,21.70,1,24.80,2
2026-09-02 21:56:07,28.35,3,0,0,,32.55,2,19.70,1,32.80,2
2026-09-02 21:56:20,22.58,3,0,0,,24.45,2,21.75,1,21.55,2
2026-09-02 21:56:33,23.60,3,0,0,,30.70,2,20.20,1,19.90,1
2026-09-02 21:56:46,25.60,3,0,0,,28.70,2,26.55,1,21.55,1
2026-09-02 21:56:58,21.82,3,0,0,,28.05,2,18.40,1,19.00,1
2026-09-02 21:57:12,27.10,3,0,0,,33.20,2,26.55,1,21.55,1
2026-09-02 21:57:25,20.70,3,0,0,,24.80,2,19.70,1,17.60,1
2026-09-02 21:57:38,26.03,3,0,0,,25.85,1,26.45,1,25.80,1
2026-09-02 21:57:50,17.60,3,0,0,,17.45,1,17.85,1,17.50,1
2026-09-02 21:58:03,25.23,3,0,0,,24.00,1,26.30,1,25.40,1
2026-09-02 21:58:16,20.42,3,0,0,,21.95,1,17.75,1,21.55,1
2026-09-02 21:58:29,21.67,3,0,0,,19.70,1,26.05,1,19.25,1
2026-09-02 21:58:42,22.68,2,1,0,,26.75,1,14.95,0,26.35,1
2026-09-02 21:58:54,18.50,2,1,0,,18.35,1,19.10,0,18.05,1
2026-09-02 21:59:07,20.78,2,1,0,,24.05,1,12.10,0,26.20,1
2026-09-02 21:59:21,15.20,2,1,0,,17.60,1,10.45,0,17.55,1
2026-09-02 21:59:33,23.43,2,1,0,,25.45,1,19.40,0,25.45,1
2026-09-02 21:59:48,13.98,2,1,0,,17.55,1,13.30,0,11.10,1
2026-09-02 22:00:00,18.87,1,2,0,,26.25,1,10.90,0,19.45,0
2026-09-02 22:00:13,14.90,1,2,0,,17.05,1,14.85,0,12.80,0
2026-09-02 22:00:25,18.17,1,2,0,,23.35,1,16.30,0,14.85,0
2026-09-02 22:00:38,16.58,1,2,0,,21.95,1,10.80,0,17.00,0
2026-09-02 22:00:51,17.47,1,2,0,,21.55,1,19.65,0,11.20,0
2026-09-02 22:01:04,15.98,0,3,0,,15.00,0,13.30,0,19.65,0
2026-09-02 22:01:17,12.92,0,3,0,,14.45,0,10.55,0,13.75,0
2026-09-02 22:01:30,13.62,0,3,0,,10.95,0,19.60,0,10.30,0
2026-09-02 22:01:42,17.35,0,3,0,,19.60,0,13.30,0,19.15,0
2026-09-02 22:01:55,11.67,0,3,0,,12.95,0,10.00,0,12.05,0
2026-09-02 22:02:08,16.35,0,3,0,,15.05,0,19.15,0,14.85,0
2026-09-02 22:02:20,14.55,0,3,0,,17.15,0,12.30,0,14.20,0
2026-09-02 22:02:33,12.17,0,3,0,,11.05,0,14.85,0,10.60,0
2026-09-02 22:02:46,18.98,1,2,0,,19.65,1,18.20,0,19.10,0
2026-09-02 22:02:59,15.12,1,2,0,,21.65,1,11.60,0,12.10,0
2026-09-02 22:03:11,16.05,1,2,0,,18.40,1,14.90,0,14.85,0
2026-09-02 22:03:24,17.83,1,2,0,,17.55,1,18.90,0,17.05,0
2026-09-02 22:03:37,13.43,1,2,0,,17.85,1,11.50,0,10.95,0
2026-09-02 22:03:50,18.13,1,2,0,,24.55,1,15.00,0,14.85,0
2026-09-02 22:04:04,17.97,2,1,0,,21.80,1,18.95,0,13.15,1
2026-09-02 22:04:17,16.57,2,1,0,,17.80,1,12.05,0,19.85,1
2026-09-02 22:04:30,17.87,2,1,0,,17.80,1,10.00,0,25.80,1
2026-09-02 22:04:43,20.40,2,1,0,,19.70,1,19.35,0,22.15,1
2026-09-02 22:04:55,20.42,2,1,0,,21.80,1,13.35,0,26.10,1
2026-09-02 22:05:09,15.85,2,1,0,,19.55,1,10.75,0,17.25,1
2026-09-02 22:05:22,20.23,3,0,0,,26.35,1,16.10,1,18.25,1
2026-09-02 22:05:35,19.92,3,0,0,,17.90,1,16.25,1,25.60,1
2026-09-02 22:05:48,23.67,3,0,0,,26.40,1,21.65,1,22.95,1
2026-09-02 22:06:01,20.33,3,0,0,,17.90,1,21.55,1,21.55,1
2026-09-02 22:06:14,20.95,3,0,0,,26.25,1,17.60,1,19.00,1
2026-09-02 22:06:27,22.50,3,0,0,,17.80,1,23.65,1,26.05,1
2026-09-02 22:06:40,20.17,3,0,0,,21.35,2,21.60,1,17.55,1
2026-09-02 22:06:54,22.17,3,0,0,,23.00,2,17.60,1,25.90,1
2026-09-02 22:07:07,19.75,3,0,0,,24.40,2,17.25,1,17.60,1
2026-09-02 22:07:20,26.28,3,0,0,,33.25,2,20.10,1,25.50,1
2026-09-02 22:07:33,22.40,3,0,0,,28.45,2,21.55,1,17.20,1
2026-09-02 22:07:46,22.53,3,0,0,,24.65,2,19.05,1,23.90,1
2026-09-02 22:07:59,26.73,3,0,0,,30.50,2,26.40,1,23.30,2
2026-09-02 22:08:12,23.92,3,0,0,,28.45,2,19.40,1,23.90,2
2026-09-02 22:08:26,27.67,3,0,0,,33.20,2,21.55,1,28.25,2
2026-09-02 22:08:39,28.78,3,0,0,,32.45,2,20.85,1,33.05,2
2026-09-02 22:08:52,23.23,3,0,0,,24.25,2,21.55,1,23.90,2
2026-09-02 22:09:05,25.82,3,0,0,,30.50,2,19.85,1,27.10,2
2026-09-02 22:09:19,27.73,3,0,0,,28.45,2,21.70,2,33.05,2
2026-09-02 22:09:32,26.43,3,0,0,,27.55,2,23.50,2,28.25,2
2026-09-02 22:09:45,29.97,3,0,0,,28.45,2,28.40,2,33.05,2
2026-09-02 22:09:58,28.83,3,0,0,,29.30,2,32.60,2,24.60,2
2026-09-02 22:10:11,29.80,3,0,0,,28.45,2,28.30,2,32.65,2
2026-09-02 22:10:24,24.13,3,0,0,,24.75,3,24.35,2,23.30,2
2026-09-02 22:10:37,29.73,3,0,0,,32.05,3,30.20,2,26.95,2
2026-09-02 22:10:51,33.32,3,0,0,,39.45,3,32.25,2,28.25,2
2026-09-02 22:11:04,31.60,3,0,0,,39.40,3,28.60,2,26.80,2
2026-09-02 22:11:17,31.33,3,0,0,,37.50,3,28.30,2,28.20,2
2026-09-02 22:11:32,31.15,3,0,0,,39.45,3,27.45,2,26.55,2
2026-09-02 22:11:45,29.77,3,0,0,,31.10,3,23.65,2,34.55,3
2026-09-02 22:11:58,32.18,3,0,0,,36.35,3,26.20,2,34.00,3
2026-09-02 22:12:12,33.28,3,0,0,,39.25,3,28.30,2,32.30,3
2026-09-02 22:12:25,30.63,3,0,0,,34.75,3,26.35,2,30.80,3
2026-09-02 22:12:38,32.78,3,0,0,,35.15,3,28.30,2,34.90,3
2026-09-02 22:12:52,29.70,3,0,0,,33.05,3,24.35,2,31.70,3
2026-09-02 22:13:05,33.57,3,0,0,,35.15,3,26.75,3,38.80,3
2026-09-02 22:13:19,31.85,3,0,0,,32.20,3,28.45,3,34.90,3
2026-09-02 22:13:32,37.28,3,0,0,,37.10,3,35.15,3,39.60,3
2026-09-02 22:13:46,35.07,3,0,0,,30.70,3,39.60,3,34.90,3
2026-09-02 22:13:59,36.48,3,0,0,,39.00,3,39.30,3,31.15,3
2026-09-02 22:14:13,35.07,3,0,0,,30.25,3,35.25,3,39.70,3
2026-09-02 22:14:26,33.87,3,0,0,,37.80,4,32.65,3,31.15,3
2026-09-02 22:14:39,39.17,3,0,0,,41.75,4,39.50,3,36.25,3
2026-09-02 22:14:53,36.20,3,0,0,,39.45,4,34.15,3,35.00,3
2026-09-02 22:15:07,36.17,3,0,0,,37.80,4,33.65,3,37.05,3
2026-09-02 22:15:21,37.32,3,0,0,,45.90,4,35.15,3,30.90,3
2026-09-02 22:15:34,36.87,3,0,0,,46.00,4,33.60,3,31.00,4
2026-09-02 22:15:47,38.23,3,0,0,,41.85,4,40.00,3,32.85,4
2026-09-02 22:16:00,36.37,3,0,0,,37.80,4,30.45,3,40.85,4
2026-09-02 22:16:14,40.43,3,0,0,,37.30,4,37.95,3,46.05,4
2026-09-02 22:16:27,37.85,3,0,0,,39.65,4,30.35,3,43.55,4
2026-09-02 22:16:41,41.77,3,0,0,,43.95,4,36.95,3,44.40,4
2026-09-02 22:16:54,40.87,3,0,0,,41.90,4,39.15,4,41.55,4
2026-09-02 22:17:07,38.40,3,0,0,,41.35,4,36.25,4,37.60,4
2026-09-02 22:17:21,40.18,3,0,0,,41.80,4,38.10,4,40.65,4
2026-09-02 22:17:34,39.15,3,0,0,,37.75,4,42.15,4,37.55,4
2026-09-02 22:17:47,42.27,3,0,0,,45.75,4,42.25,4,38.80,4
2026-09-02 22:18:02,38.77,3,0,0,,37.75,4,37.00,4,41.55,4
2026-09-02 22:18:15,39.53,3,0,0,,39.80,5,39.90,4,38.90,4
2026-09-02 22:18:28,46.60,3,0,0,,47.35,5,46.15,4,46.30,4
2026-09-02 22:18:42,45.17,3,0,0,,47.55,5,46.40,4,41.55,4
2026-09-02 22:18:55,42.77,3,0,0,,44.80,5,43.85,4,39.65,4
2026-09-02 22:19:09,44.87,3,0,0,,50.85,5,42.20,4,41.55,4
2026-09-02 22:19:22,42.55,3,0,0,,48.45,5,40.55,4,38.65,5
2026-09-02 22:19:35,47.10,3,0,0,,48.50,5,42.10,4,50.70,5
2026-09-02 22:19:49,42.82,3,0,0,,44.30,5,38.70,4,45.45,5
2026-09-02 22:20:02,44.58,3,0,0,,48.45,5,41.10,4,44.20,5
2026-09-02 22:20:15,43.80,3,0,0,,45.20,5,42.10,4,44.10,5
2026-09-02 22:20:29,46.35,3,0,0,,53.05,5,39.35,4,46.65,5
2026-09-02 22:20:42,46.70,3,0,0,,53.30,5,41.60,5,45.20,5
2026-09-02 22:20:55,47.70,3,0,0,,44.75,5,47.10,5,51.25,5
2026-09-02 22:21:09,52.77,3,0,0,,52.85,5,52.85,5,52.60,5
2026-09-02 22:21:22,47.67,3,0,0,,44.45,5,48.25,5,50.30,5
2026-09-02 22:21:36,50.40,3,0,0,,47.00,5,51.05,5,53.15,5
2026-09-02 22:21:50,47.20,3,0,0,,48.45,5,48.95,5,44.20,5
2026-09-02 22:22:04,52.15,3,0,0,,55.25,6,48.95,5,52.25,5
2026-09-02 22:22:17,49.82,3,0,0,,56.25,6,49.10,5,44.10,5
2026-09-02 22:22:31,50.87,3,0,0,,53.40,6,48.95,5,50.25,5
2026-09-02 22:22:44,50.75,3,0,0,,55.40,6,44.80,5,52.05,5
2026-09-02 22:22:58,47.65,3,0,0,,50.80,6,48.15,5,44.00,5
2026-09-02 22:23:12,50.72,3,0,0,,52.80,6,52.90,5,46.45,6
2026-09-02 22:23:25,50.78,3,0,0,,59.40,6,44.70,5,48.25,6
2026-09-02 22:23:39,56.83,3,0,0,,59.90,6,51.05,5,59.55,6
2026-09-02 22:23:53,51.95,3,0,0,,54.20,6,49.10,5,52.55,6
2026-09-02 22:24:06,52.30,3,0,0,,59.75,6,44.80,5,52.35,6
2026-09-02 22:24:20,54.43,3,0,0,,51.30,6,52.90,5,59.10,6
2026-09-02 22:24:34,56.50,3,0,0,,59.45,6,55.15,6,54.90,6
2026-09-02 22:24:47,57.43,3,0,0,,59.50,6,53.20,6,59.60,6
2026-09-02 22:25:01,52.27,3,0,0,,51.25,6,50.80,6,54.75,6
2026-09-02 22:25:14,58.93,3,0,0,,57.40,6,60.05,6,59.35,6
2026-09-02 22:25:27,55.52,3,0,0,,55.35,6,60.50,6,50.70,6
2026-09-02 22:25:41,51.08,3,0,0,,51.20,7,51.10,6,50.95,6
2026-09-02 22:25:55,55.77,3,0,0,,57.80,7,52.60,6,56.90,6
2026-09-02 22:26:09,54.90,3,0,0,,60.45,7,53.50,6,50.75,6
2026-09-02 22:26:23,58.73,3,0,0,,66.75,7,52.45,6,57.00,6
2026-09-02 22:26:36,58.42,3,0,0,,66.10,7,54.25,6,54.90,6
2026-09-02 22:26:51,55.30,3,0,0,,60.40,7,55.65,6,49.85,6
2026-09-02 22:27:04,58.33,3,0,0,,66.20,7,55.70,6,53.10,7
2026-09-02 22:27:18,57.88,3,0,0,,61.95,7,52.45,6,59.25,7
2026-09-02 22:27:31,61.53,3,0,0,,58.35,7,60.20,6,66.05,7
2026-09-02 22:27:45,58.08,3,0,0,,62.05,7,51.70,6,60.50,7
2026-09-02 22:27:58,59.38,3,0,0,,66.65,7,54.30,6,57.20,7
2026-09-02 22:28:13,59.18,3,0,0,,58.00,7,59.40,6,60.15,7
2026-09-02 22:28:26,62.78,3,0,0,,65.35,7,57.40,7,65.60,7
2026-09-02 22:28:40,62.00,3,0,0,,62.05,7,57.75,7,66.20,7
2026-09-02 22:28:53,61.10,3,0,0,,61.95,7,58.40,7,62.95,7
2026-09-02 22:29:07,62.13,3,0,0,,59.75,7,67.25,7,59.40,7
2026-09-02 22:29:21,66.40,3,0,0,,66.80,7,66.35,7,66.05,7
2026-09-02 22:29:34,59.17,3,0,0,,57.75,8,62.40,7,57.35,7
2026-09-02 22:29:48,62.02,3,0,0,,70.10,8,58.45,7,57.50,7
2026-09-02 22:30:01,61.70,3,0,0,,64.30,8,60.30,7,60.50,7
2026-09-02 22:30:15,62.78,3,0,0,,64.50,8,62.45,7,61.40,7
2026-09-02 22:30:29,61.68,3,0,0,,68.65,8,58.40,7,58.00,7
2026-09-02 22:30:42,65.63,3,0,0,,68.80,8,64.45,7,63.65,7
2026-09-02 22:30:56,63.77,3,0,0,,68.60,8,62.50,7,60.20,8
2026-09-02 22:31:10,62.73,3,0,0,,64.60,8,62.55,7,61.05,8
2026-09-02 22:31:23,62.95,3,0,0,,67.10,8,58.50,7,63.25,8
2026-09-02 22:31:36,68.12,3,0,0,,65.05,8,66.55,7,72.75,8
2026-09-02 22:31:50,62.90,3,0,0,,64.65,8,58.05,7,66.00,8
2026-09-02 22:32:04,64.37,3,0,0,,69.85,8,58.60,7,64.65,8
2026-09-02 22:32:18,67.70,3,0,0,,68.60,8,64.80,8,69.70,8
2026-09-02 22:32:31,68.28,3,0,0,,65.10,8,66.80,8,72.95,8
2026-09-02 22:32:45,69.67,3,0,0,,67.25,8,73.45,8,68.30,8
2026-09-02 22:32:58,69.48,3,0,0,,70.15,8,71.20,8,67.10,8
2026-09-02 22:33:12,67.72,3,0,0,,68.65,8,64.95,8,69.55,8
2026-09-02 22:33:26,66.43,3,0,0,,66.10,9,65.00,8,68.20,8
2026-09-02 22:33:39,68.28,3,0,0,,73.10,9,67.40,8,64.35,8
2026-09-02 22:33:53,71.45,3,0,0,,76.85,9,73.15,8,64.35,8
2026-09-02 22:34:07,70.73,3,0,0,,70.45,9,72.65,8,69.10,8
2026-09-02 22:34:20,67.80,3,0,0,,70.20,9,65.00,8,68.20,8
2026-09-02 22:34:34,68.42,3,0,0,,72.35,9,68.50,8,64.40,9
2026-09-02 22:34:48,71.17,3,0,0,,73.75,9,69.05,8,70.70,9
2026-09-02 22:35:01,69.83,3,0,0,,71.35,9,65.15,8,73.00,9
2026-09-02 22:35:15,69.95,3,0,0,,74.15,9,64.65,8,71.05,9
2026-09-02 22:35:29,72.43,3,0,0,,72.50,9,69.70,8,75.10,9
2026-09-02 22:35:43,71.53,3,0,0,,74.80,9,69.05,8,70.75,9
2026-09-02 22:35:56,73.23,3,0,0,,73.20,9,71.30,9,75.20,9
2026-09-02 22:36:11,77.23,3,0,0,,79.25,9,77.30,9,75.15,9
2026-09-02 22:36:25,71.53,3,0,0,,71.00,9,71.65,9,71.95,9
2026-09-02 22:36:38,74.52,3,0,0,,76.60,9,75.75,9,71.20,9
2026-09-02 22:36:52,75.40,3,0,0,,79.30,9,75.70,9,71.20,9
2026-09-02 22:37:06,75.40,3,0,0,,79.35,9,75.85,9,71.00,9
2026-09-02 22:37:19,75.57,3,0,0,,70.30,9,80.30,9,76.10,9
2026-09-02 22:37:33,72.83,3,0,0,,74.10,9,69.30,9,75.10,9
2026-09-02 22:37:47,72.20,3,0,0,,80.15,9,65.20,8,71.25,9
2026-09-02 22:38:00,74.52,3,0,0,,79.65,9,73.15,8,70.75,9
2026-09-02 22:38:14,72.88,3,0,0,,75.30,9,71.15,8,72.20,9
2026-09-02 22:38:27,74.95,3,0,0,,71.75,9,73.85,8,79.25,9
2026-09-02 22:38:42,69.45,3,0,0,,79.75,9,65.15,8,63.45,9
2026-09-02 22:38:56,72.77,3,0,0,,80.05,9,69.90,8,68.35,8
2026-09-02 22:39:09,72.02,3,0,0,,79.65,9,73.05,8,63.35,8
2026-09-02 22:39:23,71.92,3,0,0,,75.30,9,73.30,8,67.15,8
2026-09-02 22:39:37,68.22,3,0,0,,71.55,9,64.85,8,68.25,8
2026-09-02 22:39:51,70.43,3,0,0,,77.50,9,70.60,8,63.20,8
2026-09-02 22:40:05,67.07,3,0,0,,68.00,8,69.15,8,64.05,8
2026-09-02 22:40:19,70.60,3,0,0,,68.60,8,73.70,8,69.50,8
2026-09-02 22:40:32,66.07,3,0,0,,64.95,8,65.05,8,68.20,8
2026-09-02 22:40:46,69.45,3,0,0,,72.95,8,70.65,8,64.75,8
2026-09-02 22:41:00,68.63,3,0,0,,72.55,8,69.05,8,64.30,8
2026-09-02 22:41:14,67.02,3,0,0,,68.70,8,62.60,7,69.75,8
2026-09-02 22:41:27,64.58,3,0,0,,67.20,8,58.35,7,68.20,8
2026-09-02 22:41:41,66.12,3,0,0,,69.80,8,64.00,7,64.55,8
2026-09-02 22:41:54,65.97,3,0,0,,68.70,8,62.45,7,66.75,8
2026-09-02 22:42:09,64.72,3,0,0,,64.50,8,59.50,7,70.15,8
2026-09-02 22:42:22,65.12,3,0,0,,69.90,8,59.25,7,66.20,7
2026-09-02 22:42:36,64.23,3,0,0,,68.60,8,66.65,7,57.45,7
2026-09-02 22:42:49,62.07,3,0,0,,64.70,8,57.85,7,63.65,7
2026-09-02 22:43:03,63.77,3,0,0,,64.25,8,63.95,7,63.10,7
2026-09-02 22:43:17,64.18,3,0,0,,69.95,8,61.10,7,61.50,7
2026-09-02 22:43:31,64.25,3,0,0,,66.75,7,67.10,7,58.90,7
2026-09-02 22:43:44,60.77,3,0,0,,58.00,7,58.40,7,65.90,7
2026-09-02 22:43:57,62.78,3,0,0,,58.20,7,63.90,7,66.25,7
2026-09-02 22:44:11,63.87,3,0,0,,63.20,7,67.00,7,61.40,7
2026-09-02 22:44:24,62.78,3,0,0,,61.95,7,67.20,7,59.20,7
2026-09-02 22:44:38,58.92,3,0,0,,59.15,7,51.50,7,66.10,7
2026-09-02 22:44:52,60.33,3,0,0,,66.60,7,56.90,6,57.50,7
2026-09-02 22:45:06,59.78,3,0,0,,66.45,7,55.85,6,57.05,7
2026-09-02 22:45:19,58.90,3,0,0,,57.95,7,55.85,6,62.90,7
2026-09-02 22:45:33,60.45,3,0,0,,65.85,7,54.10,6,61.40,7
2026-09-02 22:45:47,54.73,3,0,0,,57.15,7,55.65,6,51.40,7
2026-09-02 22:46:00,54.65,3,0,0,,58.05,7,52.80,6,53.10,6
2026-09-02 22:46:14,59.70,3,0,0,,60.40,7,59.60,6,59.10,6
2026-09-02 22:46:27,58.58,3,0,0,,65.00,7,60.20,6,50.55,6
2026-09-02 22:46:41,55.32,3,0,0,,58.00,7,51.65,6,56.30,6
2026-09-02 22:46:55,60.08,3,0,0,,65.80,7,59.55,6,54.90,6
2026-09-02 22:47:09,55.18,3,0,0,,59.20,6,51.35,6,55.00,6
2026-09-02 22:47:22,52.03,3,0,0,,50.90,6,51.40,6,53.80,6
2026-09-02 22:47:36,56.33,3,0,0,,57.00,6,57.20,6,54.80,6
2026-09-02 22:47:49,54.18,3,0,0,,55.40,6,55.70,6,51.45,6
2026-09-02 22:48:03,52.33,3,0,0,,50.90,6,54.00,6,52.10,6
2026-09-02 22:48:16,54.95,3,0,0,,54.45,6,51.20,5,59.20,6
2026-09-02 22:48:30,53.23,3,0,0,,55.30,6,53.65,5,50.75,6
2026-09-02 22:48:43,51.48,3,0,0,,52.55,6,45.00,5,56.90,6
2026-09-02 22:48:57,56.17,3,0,0,,60.10,6,53.40,5,55.00,6
2026-09-02 22:49:12,50.38,3,0,0,,55.35,6,45.05,5,50.75,6
2026-09-02 22:49:26,50.85,3,0,0,,53.70,6,48.30,5,50.55,5
2026-09-02 22:49:40,51.03,3,0,0,,55.45,6,49.15,5,48.50,5
2026-09-02 22:49:53,49.40,3,0,0,,53.10,6,47.35,5,47.75,5
2026-09-02 22:50:07,50.98,3,0,0,,53.30,6,49.00,5,50.65,5
2026-09-02 22:50:21,49.63,3,0,0,,60.10,6,44.95,5,43.85,5
2026-09-02 22:50:34,47.93,3,0,0,,44.50,5,50.55,5,48.75,5
2026-09-02 22:50:47,49.55,3,0,0,,51.35,5,49.10,5,48.20,5
2026-09-02 22:51:00,46.93,3,0,0,,48.55,5,48.00,5,44.25,5
2026-09-02 22:51:14,46.77,3,0,0,,44.15,5,49.15,5,47.00,5
2026-09-02 22:51:28,48.40,3,0,0,,52.45,5,44.55,5,48.20,5
2026-09-02 22:51:41,43.98,3,0,0,,44.25,5,42.45,4,45.25,5
2026-09-02 22:51:54,48.30,3,0,0,,50.15,5,42.10,4,52.65,5
2026-09-02 22:52:08,48.75,3,0,0,,52.35,5,40.85,4,53.05,5
2026-09-02 22:52:21,45.95,3,0,0,,46.80,5,46.85,4,44.20,5
2026-09-02 22:52:34,45.78,3,0,0,,47.55,5,37.65,4,52.15,5
2026-09-02 22:52:48,44.68,3,0,0,,48.50,5,43.95,4,41.60,4
2026-09-02 22:53:01,40.32,3,0,0,,44.60,5,37.15,4,39.20,4
2026-09-02 22:53:14,43.42,3,0,0,,46.90,5,42.35,4,41.00,4
2026-09-02 22:53:27,45.45,3,0,0,,48.45,5,46.30,4,41.60,4
2026-09-02 22:53:41,40.87,3,0,0,,45.10,5,38.05,4,39.45,4
2026-09-02 22:53:54,48.53,3,0,0,,53.00,5,46.20,4,46.40,4
2026-09-02 22:54:07,42.15,3,0,0,,46.55,4,38.05,4,41.85,4
2026-09-02 22:54:20,40.57,3,0,0,,37.80,4,44.35,4,39.55,4
2026-09-02 22:54:33,46.35,3,0,0,,46.00,4,46.65,4,46.40,4
2026-09-02 22:54:47,37.83,3,0,0,,37.55,4,38.10,4,37.85,4
2026-09-02 22:55:01,45.93,3,0,0,,44.85,4,46.70,4,46.25,4
2026-09-02 22:55:14,39.70,3,0,0,,46.45,4,31.10,3,41.55,4
2026-09-02 22:55:27,36.30,3,0,0,,37.80,4,33.10,3,38.00,4
2026-09-02 22:55:40,42.32,3,0,0,,45.90,4,35.10,3,45.95,4
2026-09-02 22:55:53,36.13,3,0,0,,37.45,4,33.40,3,37.55,4
2026-09-02 22:56:06,38.17,3,0,0,,38.60,4,35.10,3,40.80,4
2026-09-02 22:56:21,40.90,3,0,0,,46.75,4,36.55,3,39.40,3
2026-09-02 22:56:34,36.33,3,0,0,,38.00,4,40.00,3,31.00,3
2026-09-02 22:56:47,39.28,3,0,0,,46.40,4,32.30,3,39.15,3
2026-09-02 22:57:00,36.22,3,0,0,,37.80,4,39.95,3,30.90,3
2026-09-02 22:57:13,34.17,3,0,0,,39.05,4,31.80,3,31.65,3
2026-09-02 22:57:27,39.67,3,0,0,,40.10,4,39.15,3,39.75,3
2026-09-02 22:57:40,30.95,3,0,0,,31.15,3,30.60,3,31.10,3
2026-09-02 22:57:54,38.67,3,0,0,,39.30,3,37.30,3,39.40,3
2026-09-02 22:58:07,32.15,3,0,0,,35.30,3,30.20,3,30.95,3
2026-09-02 22:58:20,34.43,3,0,0,,33.05,3,37.30,3,32.95,3
2026-09-02 22:58:34,35.10,3,0,0,,35.15,3,35.15,3,35.00,3
2026-09-02 22:58:47,29.28,3,0,0,,32.15,3,24.30,2,31.40,3
2026-09-02 22:59:00,37.37,3,0,0,,39.85,3,32.80,2,39.45,3
2026-09-02 22:59:13,31.55,3,0,0,,35.30,3,24.40,2,34.95,3
2026-09-02 22:59:26,33.25,3,0,0,,34.30,3,32.65,2,32.80,3
2026-09-02 22:59:40,31.42,3,0,0,,35.15,3,24.15,2,34.95,3
2026-09-02 22:59:53,29.45,3,0,0,,33.45,3,30.60,2,24.30,2
2026-09-02 23:00:06,30.52,3,0,0,,35.15,3,23.85,2,32.55,2
2026-09-02 23:00:19,30.22,3,0,0,,30.80,3,31.55,2,28.30,2
2026-09-02 23:00:32,30.78,3,0,0,,37.00,3,28.25,2,27.10,2
2026-09-02 23:00:45,30.03,3,0,0,,35.25,3,26.60,2,28.25,2
2026-09-02 23:00:58,26.80,3,0,0,,26.20,3,28.25,2,25.95,2
2026-09-02 23:01:11,30.77,3,0,0,,32.65,2,26.75,2,32.90,2
2026-09-02 23:01:25,25.77,3,0,0,,24.60,2,28.35,2,24.35,2
2026-09-02 23:01:38,30.20,3,0,0,,32.90,2,25.15,2,32.55,2
2026-09-02 23:01:51,27.33,3,0,0,,24.55,2,33.15,2,24.30,2
2026-09-02 23:02:04,30.10,3,0,0,,32.60,2,25.40,2,32.30,2
2026-09-02 23:02:17,27.68,3,0,0,,28.55,2,26.20,1,28.30,2
2026-09-02 23:02:31,23.72,3,0,0,,27.40,2,17.50,1,26.25,2
2026-09-02 23:02:43,27.50,3,0,0,,28.45,2,25.80,1,28.25,2
2026-09-02 23:02:56,22.95,3,0,0,,26.60,2,17.50,1,24.75,2
2026-09-02 23:03:10,29.20,3,0,0,,28.65,2,25.85,1,33.10,2
2026-09-02 23:03:23,21.23,3,0,0,,24.50,2,17.50,1,21.70,1
2026-09-02 23:03:36,26.17,3,0,0,,32.80,2,23.65,1,22.05,1
2026-09-02 23:03:49,21.20,3,0,0,,24.50,2,17.45,1,21.65,1
2026-09-02 23:04:02,26.27,3,0,0,,32.60,2,25.50,1,20.70,1
2026-09-02 23:04:15,24.10,3,0,0,,28.45,2,17.50,1,26.35,1
2026-09-02 23:04:27,20.72,3,0,0,,19.05,2,25.40,1,17.70,1
2026-09-02 23:04:40,24.63,3,0,0,,26.40,1,21.60,1,25.90,1
2026-09-02 23:04:53,19.37,3,0,0,,17.85,1,22.70,1,17.55,1
2026-09-02 23:05:06,24.38,3,0,0,,26.05,1,21.60,1,25.50,1
2026-09-02 23:05:19,20.75,3,0,0,,17.20,1,23.40,1,21.65,1
2026-09-02 23:05:32,23.30,3,0,0,,24.80,1,21.65,1,23.45,1
2026-09-02 23:05:45,17.08,2,1,0,,17.80,1,16.95,0,16.50,1
2026-09-02 23:05:58,19.17,2,1,0,,25.65,1,10.85,0,21.00,1
2026-09-02 23:06:11,17.92,2,1,0,,17.40,1,14.80,0,21.55,1
2026-09-02 23:06:24,18.73,2,1,0,,20.90,1,16.90,0,18.40,1
2026-09-02 23:06:37,19.65,2,1,0,,21.85,1,10.85,0,26.25,1
2026-09-02 23:06:50,15.45,1,2,0,,20.75,1,14.75,0,10.85,0
2026-09-02 23:07:02,19.28,1,2,0,,21.80,1,16.35,0,19.70,0
2026-09-02 23:07:15,14.13,1,2,0,,18.40,1,10.85,0,13.15,0
2026-09-02 23:07:28,20.32,1,2,0,,26.40,1,19.60,0,14.95,0
2026-09-02 23:07:41,16.95,1,2,0,,17.85,1,14.25,0,18.75,0
2026-09-02 23:07:54,15.75,1,2,0,,26.00,1,10.40,0,10.85,0
2026-09-02 23:08:06,16.55,0,3,0,,11.00,0,19.15,0,19.50,0
2026-09-02 23:08:19,14.53,0,3,0,,19.45,0,11.75,0,12.40,0
2026-09-02 23:08:31,13.98,0,3,0,,12.30,0,14.85,0,14.80,0
2026-09-02 23:08:44,15.98,0,3,0,,15.05,0,16.65,0,16.25,0
2026-09-02 23:08:56,12.78,0,3,0,,16.75,0,10.80,0,10.80,0
2026-09-02 23:09:09,16.65,0,3,0,,11.05,0,19.60,0,19.30,0
2026-09-02 23:09:21,14.82,0,3,0,,19.35,0,13.65,0,11.45,0
2026-09-02 23:09:34,12.70,0,3,0,,12.75,0,10.55,0,14.80,0
2026-09-02 23:09:47,16.45,1,2,0,,15.10,1,19.20,0,15.05,0
2026-09-02 23:10:00,15.63,1,2,0,,23.60,1,12.55,0,10.75,0
2026-09-02 23:10:13,17.02,1,2,0,,21.15,1,10.35,0,19.55,0
2026-09-02 23:10:26,16.90,1,2,0,,17.95,1,19.55,0,13.20,0
2026-09-02 23:10:39,14.68,1,2,0,,20.30,1,13.55,0,10.20,0
2026-09-02 23:10:52,18.98,1,2,0,,26.70,1,10.80,0,19.45,0
2026-09-02 23:11:05,19.65,2,1,0,,17.35,1,19.65,0,21.95,1
2026-09-02 23:11:18,19.62,2,1,0,,20.05,1,16.15,0,22.65,1
2026-09-02 23:11:32,16.80,2,1,0,,19.10,1,11.75,0,19.55,1
2026-09-02 23:11:45,17.75,2,1,0,,20.35,1,14.90,0,18.00,1
2026-09-02 23:11:58,21.75,2,1,0,,21.90,1,18.80,0,24.55,1
2026-09-02 23:12:12,18.72,2,1,0,,21.35,1,13.20,0,21.60,1
2026-09-02 23:12:25,19.93,3,0,0,,26.75,1,15.50,1,17.55,1
2026-09-02 23:12:38,18.37,3,0,0,,19.15,1,16.70,1,19.25,1
2026-09-02 23:12:51,20.38,3,0,0,,21.90,1,21.60,1,17.65,1
2026-09-02 23:13:04,22.57,3,0,0,,20.25,1,21.70,1,25.75,1
2026-09-02 23:13:17,19.47,3,0,0,,21.90,1,18.90,1,17.60,1
2026-09-02 23:13:30,22.57,3,0,0,,18.15,2,26.20,1,23.35,1
2026-09-02 23:13:44,21.58,3,0,0,,21.45,2,21.65,1,21.65,1
2026-09-02 23:13:57,23.52,3,0,0,,28.30,2,21.65,1,20.60,1
2026-09-02 23:14:10,24.15,3,0,0,,33.30,2,17.55,1,21.60,1
2026-09-02 23:14:23,25.53,3,0,0,,32.75,2,25.80,1,18.05,1
2026-09-02 23:14:36,24.27,3,0,0,,28.70,2,17.70,1,26.40,1
2026-09-02 23:14:49,22.97,3,0,0,,24.70,2,25.50,1,18.70,2
2026-09-02 23:15:02,24.42,3,0,0,,29.55,2,17.55,1,26.15,2
2026-09-02 23:15:16,30.60,3,0,0,,33.05,2,25.95,1,32.80,2
2026-09-02 23:15:29,23.97,3,0,0,,28.15,2,17.60,1,26.15,2
2026-09-02 23:15:42,26.92,3,0,0,,28.70,2,25.70,1,26.35,2
2026-09-02 23:15:55,26.25,3,0,0,,28.15,2,17.65,1,32.95,2
2026-09-02 23:16:08,24.97,3,0,0,,28.70,2,22.80,2,23.40,2
2026-09-02 23:16:22,25.05,3,0,0,,26.80,2,23.35,2,25.00,2
2026-09-02 23:16:35,27.52,3,0,0,,33.50,2,24.40,2,24.65,2
2026-09-02 23:16:48,26.63,3,0,0,,25.40,2,28.35,2,26.15,2
2026-09-02 23:17:01,30.00,3,0,0,,33.40,2,23.30,2,33.30,2
2026-09-02 23:17:15,25.45,3,0,0,,24.75,2,26.45,2,25.15,2
2026-09-02 23:17:28,30.17,3,0,0,,27.00,3,32.90,2,30.60,2
2026-09-02 23:17:41,28.67,3,0,0,,34.10,3,28.40,2,23.50,2
2026-09-02 23:17:55,32.82,3,0,0,,39.80,3,28.40,2,30.25,2
2026-09-02 23:18:08,31.20,3,0,0,,36.75,3,28.35,2,28.50,2
2026-09-02 23:18:20,31.05,3,0,0,,40.00,3,26.35,2,26.80,2
2026-09-02 23:18:34,33.67,3,0,0,,40.10,3,28.35,2,32.55,2
2026-09-02 23:18:47,29.02,3,0,0,,30.50,3,24.40,2,32.15,3
2026-09-02 23:19:01,32.32,3,0,0,,32.30,3,32.90,2,31.75,3
2026-09-02 23:19:14,29.10,3,0,0,,31.40,3,24.70,2,31.20,3
2026-09-02 23:19:27,33.27,3,0,0,,31.50,3,33.10,2,35.20,3
2026-09-02 23:19:40,30.72,3,0,0,,36.95,3,24.65,2,30.55,3
2026-09-02 23:19:53,33.13,3,0,0,,35.55,3,30.90,3,32.95,3
2026-09-02 23:20:07,34.88,3,0,0,,34.65,3,30.65,3,39.35,3
2026-09-02 23:20:20,33.82,3,0,0,,35.45,3,30.75,3,35.25,3
2026-09-02 23:20:33,33.83,3,0,0,,31.45,3,31.00,3,39.05,3
2026-09-02 23:20:46,36.63,3,0,0,,39.65,3,35.05,3,35.20,3
2026-09-02 23:20:59,31.82,3,0,0,,31.40,3,31.00,3,33.05,3
2026-09-02 23:21:13,35.92,3,0,0,,35.00,4,34.50,3,38.25,3
2026-09-02 23:21:26,35.67,3,0,0,,35.95,4,39.80,3,31.25,3
2026-09-02 23:21:40,38.23,3,0,0,,46.80,4,30.35,3,37.55,3
2026-09-02 23:21:53,38.68,3,0,0,,46.05,4,39.80,3,30.20,3
2026-09-02 23:22:06,37.65,3,0,0,,46.25,4,31.35,3,35.35,3
2026-09-02 23:22:19,38.97,3,0,0,,42.05,4,39.65,3,35.20,3
2026-09-02 23:22:32,35.18,3,0,0,,37.10,4,31.05,3,37.40,4
2026-09-02 23:22:46,40.65,3,0,0,,38.70,4,39.10,3,44.15,4
2026-09-02 23:22:59,40.15,3,0,0,,40.55,4,35.00,3,44.90,4
2026-09-02 23:23:12,38.05,3,0,0,,39.05,4,34.35,3,40.75,4
2026-09-02 23:23:25,40.55,3,0,0,,46.70,4,35.00,3,39.95,4
2026-09-02 23:23:39,38.73,3,0,0,,42.00,4,33.40,3,40.80,4
2026-09-02 23:23:52,39.68,3,0,0,,39.05,4,33.60,4,46.40,4
2026-09-02 23:24:05,41.38,3,0,0,,46.60,4,40.65,4,36.90,4
2026-09-02 23:24:18,41.02,3,0,0,,38.00,4,46.70,4,38.35,4
2026-09-02 23:24:31,43.03,3,0,0,,46.00,4,45.95,4,37.15,4
2026-09-02 23:24:45,41.52,3,0,0,,42.00,4,42.05,4,40.50,4
2026-09-02 23:24:58,40.77,3,0,0,,38.45,4,42.00,4,41.85,4
2026-09-02 23:25:11,39.18,3,0,0,,40.50,5,38.05,4,39.00,4
2026-09-02 23:25:24,46.00,3,0,0,,47.60,5,43.75,4,46.65,4
2026-09-02 23:25:37,45.35,3,0,0,,52.95,5,41.10,4,42.00,4
2026-09-02 23:25:50,42.75,3,0,0,,46.10,5,41.55,4,40.60,4
2026-09-02 23:26:04,46.15,3,0,0,,50.30,5,46.30,4,41.85,4
2026-09-02 23:26:16,43.10,3,0,0,,53.25,5,37.85,4,38.20,5
2026-09-02 23:26:30,46.03,3,0,0,,48.80,5,43.75,4,45.55,5
2026-09-02 23:26:43,46.50,3,0,0,,48.65,5,42.15,4,48.70,5
2026-09-02 23:26:56,45.85,3,0,0,,53.45,5,38.10,4,46.00,5
2026-09-02 23:27:09,46.38,3,0,0,,48.65,5,45.95,4,44.55,5
2026-09-02 23:27:22,44.57,3,0,0,,45.95,5,37.70,4,50.05,5
2026-09-02 23:27:35,48.40,3,0,0,,52.80,5,40.35,5,52.05,5
2026-09-02 23:27:48,51.12,3,0,0,,53.45,5,46.80,5,53.10,5
2026-09-02 23:28:01,48.08,3,0,0,,44.65,5,51.00,5,48.60,5
2026-09-02 23:28:15,49.10,3,0,0,,52.90,5,45.90,5,48.50,5
2026-09-02 23:28:28,45.77,3,0,0,,44.45,5,47.05,5,45.80,5
2026-09-02 23:28:42,48.38,3,0,0,,44.65,5,53.30,5,47.20,5
2026-09-02 23:28:55,49.67,3,0,0,,46.85,6,48.80,5,53.35,5
2026-09-02 23:29:08,49.07,3,0,0,,53.90,6,48.70,5,44.60,5
2026-09-02 23:29:21,53.90,3,0,0,,60.10,6,48.70,5,52.90,5
2026-09-02 23:29:34,50.83,3,0,0,,59.30,6,48.75,5,44.45,5
2026-09-02 23:29:47,47.95,3,0,0,,51.85,6,47.45,5,44.55,5
2026-09-02 23:30:01,53.45,3,0,0,,57.05,6,52.80,5,50.50,6
2026-09-02 23:30:14,52.75,3,0,0,,60.20,6,48.70,5,49.35,6
2026-09-02 23:30:28,49.62,3,0,0,,50.80,6,47.15,5,50.90,6
2026-09-02 23:30:41,53.23,3,0,0,,55.55,6,48.70,5,55.45,6
2026-09-02 23:30:54,54.97,3,0,0,,58.90,6,46.95,5,59.05,6
2026-09-02 23:31:08,51.88,3,0,0,,50.35,6,49.95,5,55.35,6
2026-09-02 23:31:21,53.43,3,0,0,,54.05,6,54.85,6,51.40,6
2026-09-02 23:31:35,54.90,3,0,0,,55.40,6,52.65,6,56.65,6
2026-09-02 23:31:48,53.85,3,0,0,,55.55,6,52.60,6,53.40,6
2026-09-02 23:32:01,52.85,3,0,0,,51.50,6,55.65,6,51.40,6
2026-09-02 23:32:14,57.73,3,0,0,,59.50,6,59.85,6,53.85,6
2026-09-02 23:32:28,53.75,3,0,0,,50.35,6,55.55,6,55.35,6
2026-09-02 23:32:41,53.85,3,0,0,,57.80,7,52.50,6,51.25,6
2026-09-02 23:32:54,56.80,3,0,0,,59.65,7,58.95,6,51.80,6
2026-09-02 23:33:08,57.27,3,0,0,,58.25,7,53.55,6,60.00,6
2026-09-02 23:33:21,55.05,3,0,0,,62.35,7,51.45,6,51.35,6
2026-09-02 23:33:34,58.45,3,0,0,,57.90,7,58.10,6,59.35,6
2026-09-02 23:33:47,59.37,3,0,0,,62.50,7,55.55,6,60.05,7
2026-09-02 23:34:01,56.52,3,0,0,,57.75,7,52.30,6,59.50,7
2026-09-02 23:34:14,57.40,3,0,0,,59.45,7,54.30,6,58.45,7
2026-09-02 23:34:27,57.68,3,0,0,,59.40,7,55.45,6,58.20,7
2026-09-02 23:34:40,57.57,3,0,0,,58.45,7,51.85,6,62.40,7
2026-09-02 23:34:54,61.75,3,0,0,,58.25,7,60.00,6,67.00,7
2026-09-02 23:35:07,63.00,3,0,0,,66.10,7,60.70,7,62.20,7
2026-09-02 23:35:20,60.28,3,0,0,,62.25,7,60.25,7,58.35,7
2026-09-02 23:35:34,61.23,3,0,0,,60.00,7,59.45,7,64.25,7
2026-09-02 23:35:47,60.55,3,0,0,,61.60,7,58.60,7,61.45,7
2026-09-02 23:36:01,62.20,3,0,0,,66.20,7,58.05,7,62.35,7
2026-09-02 23:36:14,59.87,3,0,0,,57.85,7,62.10,7,59.65,7
2026-09-02 23:36:27,61.63,3,0,0,,60.40,8,57.75,7,66.75,7
2026-09-02 23:36:41,61.77,3,0,0,,66.90,8,60.20,7,58.20,7
2026-09-02 23:36:54,65.08,3,0,0,,71.00,8,66.40,7,57.85,7
2026-09-02 23:37:08,64.48,3,0,0,,64.90,8,64.30,7,64.25,7
2026-09-02 23:37:22,60.23,3,0,0,,64.75,8,58.15,7,57.80,7
2026-09-02 23:37:35,64.93,3,0,0,,67.20,8,63.85,7,63.75,7
2026-09-02 23:37:49,63.82,3,0,0,,68.45,8,62.20,7,60.80,8
2026-09-02 23:38:02,65.87,3,0,0,,65.40,8,59.70,7,72.50,8
2026-09-02 23:38:15,65.47,3,0,0,,67.20,8,58.45,7,70.75,8
2026-09-02 23:38:29,66.27,3,0,0,,65.10,8,66.40,7,67.30,8
2026-09-02 23:38:42,65.52,3,0,0,,71.10,8,57.35,7,68.10,8
2026-09-02 23:38:55,65.15,3,0,0,,70.95,8,59.40,8,65.10,8
2026-09-02 23:39:09,68.33,3,0,0,,73.25,8,64.90,8,66.85,8
2026-09-02 23:39:22,69.15,3,0,0,,64.35,8,70.20,8,72.90,8
2026-09-02 23:39:36,68.90,3,0,0,,67.85,8,65.65,8,73.20,8
2026-09-02 23:39:49,68.42,3,0,0,,73.45,8,64.80,8,67.00,8
2026-09-02 23:40:03,68.87,3,0,0,,73.20,8,67.30,8,66.10,8
2026-09-02 23:40:17,69.80,3,0,0,,71.00,9,64.90,8,73.50,8
2026-09-02 23:40:30,69.75,3,0,0,,77.60,9,66.65,8,65.00,8
2026-09-02 23:40:44,73.57,3,0,0,,77.15,9,72.75,8,70.80,8
2026-09-02 23:40:57,70.08,3,0,0,,71.55,9,70.85,8,67.85,8
2026-09-02 23:41:10,73.83,3,0,0,,80.00,9,67.70,8,73.80,8
2026-09-02 23:41:26,72.00,3,0,0,,75.60,9,73.30,8,67.10,8
2026-09-02 23:41:40,68.38,3,0,0,,71.55,9,64.90,8,68.70,9
2026-09-02 23:41:53,74.28,3,0,0,,75.65,9,72.80,8,74.40,9
2026-09-02 23:42:07,75.47,3,0,0,,80.25,9,68.85,8,77.30,9
2026-09-02 23:42:20,73.70,3,0,0,,79.55,9,68.80,8,72.75,9
2026-09-02 23:42:34,73.00,3,0,0,,80.35,9,64.85,8,73.80,9
2026-09-02 23:42:47,73.92,3,0,0,,71.55,9,70.95,9,79.25,9
2026-09-02 23:43:01,71.58,3,0,0,,70.95,9,69.90,9,73.90,9
2026-09-02 23:43:14,74.28,3,0,0,,71.85,9,74.55,9,76.45,9
2026-09-02 23:43:28,78.90,3,0,0,,79.75,9,79.45,9,77.50,9
2026-09-02 23:43:41,73.12,3,0,0,,70.45,9,73.80,9,75.10,9
2026-09-02 23:43:55,75.45,3,0,0,,71.60,9,75.05,9,79.70,9
2026-09-02 23:44:09,76.45,3,0,0,,71.45,9,78.70,9,79.20,9
2026-09-02 23:44:23,74.55,3,0,0,,77.30,9,74.85,9,71.50,9
2026-09-02 23:44:37,74.70,3,0,0,,75.55,9,73.30,8,75.25,9
2026-09-02 23:44:50,72.23,3,0,0,,72.15,9,68.85,8,75.70,9
2026-09-02 23:45:04,72.75,3,0,0,,71.60,9,66.30,8,80.35,9
2026-09-02 23:45:17,72.53,3,0,0,,73.90,9,68.00,8,75.70,9
2026-09-02 23:45:30,74.80,3,0,0,,80.20,9,70.70,8,73.50,9
2026-09-02 23:45:44,71.10,3,0,0,,71.30,9,68.80,8,73.20,8
2026-09-02 23:45:57,69.00,3,0,0,,71.70,9,66.30,8,69.00,8
2026-09-02 23:46:10,70.48,3,0,0,,71.55,9,70.90,8,69.00,8
2026-09-02 23:46:25,73.82,3,0,0,,79.80,9,73.45,8,68.20,8
2026-09-02 23:46:39,68.23,3,0,0,,70.90,9,64.80,8,69.00,8
2026-09-02 23:46:52,68.22,3,0,0,,67.75,9,70.70,8,66.20,8
2026-09-02 23:47:06,66.55,3,0,0,,65.65,8,68.90,8,65.10,8
2026-09-02 23:47:19,70.22,3,0,0,,70.60,8,69.00,8,71.05,8
2026-09-02 23:47:32,67.60,3,0,0,,68.95,8,64.85,8,69.00,8
2026-09-02 23:47:45,67.57,3,0,0,,65.00,8,70.95,8,66.75,8
2026-09-02 23:47:59,69.62,3,0,0,,66.75,8,68.95,8,73.15,8
2026-09-02 23:48:13,66.22,3,0,0,,67.65,8,58.10,7,72.90,8
2026-09-02 23:48:26,63.78,3,0,0,,68.90,8,58.50,7,63.95,8
2026-09-02 23:48:39,66.35,3,0,0,,64.95,8,66.40,7,67.70,8
2026-09-02 23:48:53,67.63,3,0,0,,71.10,8,58.00,7,73.80,8
2026-09-02 23:49:07,66.85,3,0,0,,67.70,8,63.85,7,69.00,8
2026-09-02 23:49:20,63.08,3,0,0,,68.90,8,63.30,7,57.05,7
2026-09-02 23:49:34,62.75,3,0,0,,64.95,8,62.20,7,61.10,7
2026-09-02 23:49:47,64.03,3,0,0,,70.75,8,59.20,7,62.15,7
2026-09-02 23:50:00,65.93,3,0,0,,72.90,8,66.60,7,58.30,7
2026-09-02 23:50:14,64.63,3,0,0,,73.25,8,62.30,7,58.35,7
2026-09-02 23:50:27,60.83,3,0,0,,57.80,7,58.20,7,66.50,7
2026-09-02 23:50:41,61.32,3,0,0,,61.70,7,64.25,7,58.00,7
2026-09-02 23:50:54,62.73,3,0,0,,62.25,7,62.30,7,63.65,7
2026-09-02 23:51:07,64.48,3,0,0,,66.80,7,60.20,7,66.45,7
2026-09-02 23:51:20,61.28,3,0,0,,58.15,7,58.70,7,67.00,7
2026-09-02 23:51:34,60.60,3,0,0,,63.95,7,59.50,7,58.35,7
2026-09-02 23:51:47,59.78,3,0,0,,62.25,7,50.65,6,66.45,7
2026-09-02 23:52:00,57.77,3,0,0,,58.35,7,56.90,6,58.05,7
2026-09-02 23:52:13,60.28,3,0,0,,58.30,7,60.25,6,62.30,7
2026-09-02 23:52:26,60.15,3,0,0,,64.35,7,55.45,6,60.65,7
2026-09-02 23:52:40,60.62,3,0,0,,62.25,7,52.60,6,67.00,7
2026-09-02 23:52:53,56.95,3,0,0,,59.45,7,60.05,6,51.35,6
2026-09-02 23:53:06,55.08,3,0,0,,60.05,7,51.45,6,53.75,6
2026-09-02 23:53:19,57.65,3,0,0,,64.30,7,51.45,6,57.20,6
2026-09-02 23:53:32,58.37,3,0,0,,62.25,7,57.45,6,55.40,6
2026-09-02 23:53:46,55.15,3,0,0,,60.55,7,51.15,6,53.75,6
2026-09-02 23:53:59,58.92,3,0,0,,60.00,6,56.80,6,59.95,6
2026-09-02 23:54:13,58.40,3,0,0,,59.65,6,55.55,6,60.00,6
2026-09-02 23:54:26,52.72,3,0,0,,51.30,6,55.45,6,51.40,6
2026-09-02 23:54:39,56.70,3,0,0,,57.25,6,53.35,6,59.50,6
2026-09-02 23:54:52,55.40,3,0,0,,55.50,6,60.25,6,50.45,6
2026-09-02 23:55:06,50.00,3,0,0,,51.30,6,44.75,5,53.95,6
2026-09-02 23:55:19,50.75,3,0,0,,52.30,6,45.05,5,54.90,6
2026-09-02 23:55:32,55.97,3,0,0,,59.80,6,52.70,5,55.40,6
2026-09-02 23:55:45,49.53,3,0,0,,51.20,6,44.45,5,52.95,6
2026-09-02 23:55:58,55.95,3,0,0,,56.95,6,50.70,5,60.20,6
2026-09-02 23:56:12,49.77,3,0,0,,56.90,6,43.60,5,48.80,6
2026-09-02 23:56:25,48.47,3,0,0,,55.70,6,44.75,5,44.95,5
2026-09-02 23:56:38,52.57,3,0,0,,53.80,6,50.90,5,53.00,5
2026-09-02 23:56:51,51.13,3,0,0,,60.25,6,48.75,5,44.40,5
2026-09-02 23:57:04,50.95,3,0,0,,55.55,6,47.10,5,50.20,5
2026-09-02 23:57:17,52.47,3,0,0,,51.35,6,53.50,5,52.55,5
2026-09-02 23:57:31,46.80,3,0,0,,47.50,5,48.70,5,44.20,5
2026-09-02 23:57:44,48.55,3,0,0,,48.60,5,46.70,5,50.35,5
2026-09-02 23:57:57,47.52,3,0,0,,45.35,5,48.65,5,48.55,5
2026-09-02 23:58:10,45.63,3,0,0,,47.20,5,45.00,5,44.70,5
2026-09-02 23:58:23,50.47,3,0,0,,53.30,5,48.60,5,49.50,5
2026-09-02 23:58:36,46.48,3,0,0,,44.65,5,46.25,4,48.55,5
2026-09-02 23:58:49,45.03,3,0,0,,50.70,5,37.80,4,46.60,5
2026-09-02 23:59:02,48.48,3,0,0,,48.65,5,43.55,4,53.25,5
2026-09-02 23:59:15,46.43,3,0,0,,48.70,5,42.05,4,48.55,5
2026-09-02 23:59:28,43.15,3,0,0,,46.70,5,37.95,4,44.80,5
2026-09-02 23:59:41,47.95,3,0,0,,53.45,5,44.10,4,46.30,5
2026-09-02 23:59:54,40.95,3,0,0,,43.75,5,42.10,4,37.00,4
2026-09-03 00:00:07,43.75,3,0,0,,46.15,5,41.90,4,43.20,4
2026-09-03 00:00:20,45.93,3,0,0,,49.70,5,42.15,4,45.95,4
2026-09-03 00:00:34,41.43,3,0,0,,48.65,5,37.80,4,37.85,4
2026-09-03 00:00:47,45.30,3,0,0,,46.40,5,44.10,4,45.40,4
2026-09-03 00:01:00,41.73,3,0,0,,46.25,4,42.20,4,36.75,4
2026-09-03 00:01:12,41.98,3,0,0,,46.70,4,40.65,4,38.60,4
2026-09-03 00:01:26,43.48,3,0,0,,38.10,4,46.40,4,45.95,4
2026-09-03 00:01:39,40.23,3,0,0,,46.20,4,36.95,4,37.55,4
2026-09-03 00:01:52,41.65,3,0,0,,37.90,4,43.10,4,43.95,4
2026-09-03 00:02:05,40.23,3,0,0,,43.65,4,35.00,3,42.05,4
2026-09-03 00:02:17,38.43,3,0,0,,45.95,4,31.50,3,37.85,4
2026-09-03 00:02:30,39.22,3,0,0,,37.15,4,36.55,3,43.95,4
2026-09-03 00:02:43,39.48,3,0,0,,41.45,4,35.05,3,41.95,4
2026-09-03 00:02:56,38.95,3,0,0,,42.00,4,33.60,3,41.25,4
2026-09-03 00:03:09,38.40,3,0,0,,38.20,4,35.00,3,42.00,4
2026-09-03 00:03:22,34.48,3,0,0,,40.95,4,32.40,3,30.10,3
2026-09-03 00:03:35,38.47,3,0,0,,42.00,4,37.10,3,36.30,3
2026-09-03 00:03:48,36.27,3,0,0,,38.40,4,35.15,3,35.25,3
2026-09-03 00:04:01,38.25,3,0,0,,46.45,4,34.35,3,33.95,3
2026-09-03 00:04:14,37.45,3,0,0,,42.00,4,35.05,3,35.30,3
2026-09-03 00:04:27,31.45,3,0,0,,31.45,3,31.70,3,31.20,3
2026-09-03 00:04:40,38.60,3,0,0,,39.30,3,38.55,3,37.95,3
2026-09-03 00:04:53,30.47,3,0,0,,30.30,3,30.45,3,30.65,3
2026-09-03 00:05:06,36.98,3,0,0,,36.85,3,36.95,3,37.15,3
2026-09-03 00:05:19,36.60,3,0,0,,39.85,3,29.90,3,40.05,3
2026-09-03 00:05:32,31.48,3,0,0,,31.40,3,31.45,3,31.60,3
2026-09-03 00:05:45,37.18,3,0,0,,39.40,3,32.45,2,39.70,3
2026-09-03 00:05:58,28.83,3,0,0,,30.85,3,24.35,2,31.30,3
2026-09-03 00:06:11,35.17,3,0,0,,33.85,3,32.30,2,39.35,3
2026-09-03 00:06:24,32.97,3,0,0,,39.80,3,23.85,2,35.25,3
2026-09-03 00:06:37,30.67,3,0,0,,31.45,3,27.00,2,33.55,3
2026-09-03 00:06:50,33.70,3,0,0,,39.55,3,28.40,2,33.15,2
2026-09-03 00:07:03,27.40,3,0,0,,31.00,3,26.60,2,24.60,2
2026-09-03 00:07:16,30.98,3,0,0,,32.05,3,28.40,2,32.50,2
2026-09-03 00:07:28,31.05,3,0,0,,39.95,3,24.60,2,28.60,2
2026-09-03 00:07:41,30.62,3,0,0,,31.40,3,32.45,2,28.00,2
2026-09-03 00:07:54,27.58,3,0,0,,29.95,3,24.25,2,28.55,2
2026-09-03 00:08:07,28.57,3,0,0,,28.70,2,30.35,2,26.65,2
2026-09-03 00:08:20,26.95,3,0,0,,24.70,2,23.30,2,32.85,2
2026-09-03 00:08:33,27.58,3,0,0,,32.75,2,25.50,2,24.50,2
2026-09-03 00:08:45,30.17,3,0,0,,24.60,2,33.20,2,32.70,2
2026-09-03 00:08:59,26.88,3,0,0,,31.00,2,25.15,2,24.50,2
2026-09-03 00:09:12,29.17,3,0,0,,28.80,2,26.00,1,32.70,2
2026-09-03 00:09:24,24.10,3,0,0,,26.20,2,17.60,1,28.50,2
2026-09-03 00:09:37,27.90,3,0,0,,33.50,2,23.60,1,26.60,2
2026-09-03 00:09:50,26.62,3,0,0,,24.75,2,21.75,1,33.35,2
2026-09-03 00:10:03,26.15,3,0,0,,32.75,2,20.80,1,24.90,2
2026-09-03 00:10:15,25.30,3,0,0,,28.70,2,21.60,1,25.60,1
2026-09-03 00:10:28,22.58,3,0,0,,26.15,2,19.80,1,21.80,1
2026-09-03 00:10:41,27.65,3,0,0,,33.40,2,26.40,1,23.15,1
2026-09-03 00:10:54,20.07,3,0,0,,25.10,2,18.45,1,16.65,1
2026-09-03 00:11:07,26.65,3,0,0,,32.85,2,26.05,1,21.05,1
2026-09-03 00:11:20,22.72,3,0,0,,28.70,2,17.75,1,21.70,1
2026-09-03 00:11:33,22.48,3,0,0,,20.50,1,26.15,1,20.80,1
2026-09-03 00:11:46,20.40,3,0,0,,21.90,1,17.60,1,21.70,1
2026-09-03 00:11:59,21.73,3,0,0,,19.25,1,25.85,1,20.10,1
2026-09-03 00:12:11,22.00,3,0,0,,26.75,1,17.60,1,21.65,1
2026-09-03 00:12:24,21.15,3,0,0,,17.90,1,25.85,1,19.70,1
2026-09-03 00:12:37,20.68,2,1,0,,26.00,1,9.70,0,26.35,1
2026-09-03 00:12:50,18.20,2,1,0,,17.60,1,19.15,0,17.85,1
2026-09-03 00:13:02,20.75,2,1,0,,23.95,1,12.10,0,26.20,1
2026-09-03 00:13:15,18.33,2,1,0,,22.20,1,14.95,0,17.85,1
2026-09-03 00:13:28,21.58,2,1,0,,20.20,1,18.90,0,25.65,1
2026-09-03 00:13:41,16.90,2,1,0,,21.90,1,11.25,0,17.55,1
2026-09-03 00:13:54,17.63,1,2,0,,19.20,1,14.80,0,18.90,0
2026-09-03 00:14:06,18.15,1,2,0,,26.50,1,16.70,0,11.25,0
2026-09-03 00:14:19,14.50,1,2,0,,17.80,1,10.85,0,14.85,0
2026-09-03 00:14:32,19.88,1,2,0,,23.85,1,19.65,0,16.15,0
2026-09-03 00:14:45,15.40,1,2,0,,22.05,1,13.30,0,10.85,0
2026-09-03 00:14:57,14.23,0,3,0,,13.30,0,9.85,0,19.55,0
2026-09-03 00:15:10,15.73,0,3,0,,15.10,0,19.10,0,13.00,0
2026-09-03 00:15:22,14.87,0,3,0,,17.55,0,12.10,0,14.95,0
2026-09-03 00:15:35,14.70,0,3,0,,11.00,0,14.80,0,18.30,0
2026-09-03 00:15:47,15.62,0,3,0,,19.70,0,16.25,0,10.90,0
2026-09-03 00:16:00,12.90,0,3,0,,13.05,0,10.80,0,14.85,0
2026-09-03 00:16:12,16.30,0,3,0,,15.05,0,19.60,0,14.25,0
2026-09-03 00:16:25,13.68,0,3,0,,16.95,0,13.35,0,10.75,0
2026-09-03 00:16:39,12.93,0,3,0,,12.95,0,10.95,0,14.90,0
2026-09-03 00:16:52,16.13,1,2,0,,16.50,1,14.80,0,17.10,0
2026-09-03 00:17:05,14.87,1,2,0,,17.45,1,16.25,0,10.90,0
2026-09-03 00:17:17,15.83,1,2,0,,21.85,1,10.80,0,14.85,0
2026-09-03 00:17:30,20.15,1,2,0,,26.50,1,19.65,0,14.30,0
2026-09-03 00:17:43,13.92,1,2,0,,17.65,1,13.25,0,10.85,0
2026-09-03 00:17:56,16.95,2,1,0,,21.05,1,10.60,0,19.20,1
2026-09-03 00:18:09,21.90,2,1,0,,26.15,1,19.25,0,20.30,1
2026-09-03 00:18:22,19.95,2,1,0,,26.50,1,13.70,0,19.65,1
2026-09-03 00:18:35,18.17,2,1,0,,25.90,1,10.75,0,17.85,1
2026-09-03 00:18:48,18.47,2,1,0,,17.60,1,19.60,0,18.20,1
2026-09-03 00:19:01,20.93,2,1,0,,23.90,1,14.40,0,24.50,1
2026-09-03 00:19:14,18.83,3,0,0,,17.05,1,17.20,1,22.25,1
2026-09-03 00:19:28,22.43,3,0,0,,23.25,1,24.40,1,19.65,1
2026-09-03 00:19:41,21.88,3,0,0,,21.90,1,25.25,1,18.50,1
2026-09-03 00:19:54,22.42,3,0,0,,23.85,1,19.45,1,23.95,1
2026-09-03 00:20:07,21.57,3,0,0,,16.75,1,25.70,1,22.25,1
2026-09-03 00:20:20,23.17,3,0,0,,23.55,1,21.75,1,24.20,1
2026-09-03 00:20:33,22.85,3,0,0,,26.85,2,19.55,1,22.15,1
2026-09-03 00:20:46,25.85,3,0,0,,30.15,2,25.60,1,21.80,1
2026-09-03 00:20:59,22.60,3,0,0,,27.20,2,23.40,1,17.20,1
2026-09-03 00:21:12,25.10,3,0,0,,24.70,2,26.45,1,24.15,1
2026-09-03 00:21:25,21.40,3,0,0,,24.25,2,17.70,1,22.25,1
2026-09-03 00:21:40,24.92,3,0,0,,26.85,2,21.70,1,26.20,1
2026-09-03 00:21:53,25.65,3,0,0,,28.35,2,19.35,1,29.25,2
2026-09-03 00:22:06,25.83,3,0,0,,24.80,2,21.65,1,31.05,2
2026-09-03 00:22:20,25.38,3,0,0,,25.30,2,21.00,1,29.85,2
2026-09-03 00:22:33,24.17,3,0,0,,25.35,2,21.70,1,25.45,2
2026-09-03 00:22:46,26.60,3,0,0,,33.15,2,20.40,1,26.25,2
2026-09-03 00:22:59,26.57,3,0,0,,24.70,2,21.70,1,33.30,2
2026-09-03 00:23:12,27.03,3,0,0,,33.05,2,24.15,2,23.90,2
2026-09-03 00:23:25,28.23,3,0,0,,24.65,2,32.30,2,27.75,2
2026-09-03 00:23:38,27.63,3,0,0,,25.20,2,32.60,2,25.10,2
2026-09-03 00:23:52,28.33,3,0,0,,33.75,2,26.30,2,24.95,2
2026-09-03 00:24:04,30.28,3,0,0,,25.15,2,32.50,2,33.20,2
2026-09-03 00:24:18,28.75,3,0,0,,32.55,2,28.60,2,25.10,2
2026-09-03 00:24:31,31.60,3,0,0,,35.00,3,26.35,2,33.45,2
2026-09-03 00:24:45,30.95,3,0,0,,35.10,3,33.10,2,24.65,2
2026-09-03 00:24:58,30.95,3,0,0,,32.65,3,27.20,2,33.00,2
2026-09-03 00:25:11,28.82,3,0,0,,30.95,3,30.75,2,24.75,2
2026-09-03 00:25:24,31.80,3,0,0,,33.80,3,28.75,2,32.85,2
2026-09-03 00:25:38,32.12,3,0,0,,36.90,3,30.45,2,29.00,3
2026-09-03 00:25:51,31.53,3,0,0,,34.90,3,28.55,2,31.15,3
2026-09-03 00:26:04,32.08,3,0,0,,30.95,3,26.05,2,39.25,3
2026-09-03 00:26:20,32.08,3,0,0,,31.05,3,24.65,2,40.55,3
2026-09-03 00:26:33,36.53,3,0,0,,36.20,3,33.20,2,40.20,3
2026-09-03 00:26:47,33.45,3,0,0,,35.00,3,24.75,2,40.60,3
2026-09-03 00:27:00,31.47,3,0,0,,34.05,3,28.55,3,31.80,3
2026-09-03 00:27:13,33.72,3,0,0,,35.00,3,29.20,3,36.95,3
2026-09-03 00:27:26,36.23,3,0,0,,32.90,3,35.50,3,40.30,3
2026-09-03 00:27:39,37.33,3,0,0,,38.80,3,35.35,3,37.85,3
2026-09-03 00:27:52,35.32,3,0,0,,30.55,3,39.65,3,35.75,3
2026-09-03 00:28:06,35.52,3,0,0,,36.95,3,35.50,3,34.10,3
2026-09-03 00:28:19,36.50,3,0,0,,41.20,4,32.50,3,35.80,3
2026-09-03 00:28:32,36.90,3,0,0,,37.95,4,39.50,3,33.25,3
2026-09-03 00:28:45,40.52,3,0,0,,42.00,4,40.05,3,39.50,3
2026-09-03 00:28:58,37.22,3,0,0,,41.75,4,38.20,3,31.70,3
2026-09-03 00:29:12,37.07,3,0,0,,41.85,4,31.00,3,38.35,3
2026-09-03 00:29:25,35.58,3,0,0,,37.80,4,37.65,3,31.30,3
2026-09-03 00:29:39,36.13,3,0,0,,38.60,4,31.45,3,38.35,4
2026-09-03 00:29:53,41.13,3,0,0,,45.95,4,34.20,3,43.25,4
2026-09-03 00:30:06,40.67,3,0,0,,45.85,4,35.40,3,40.75,4
2026-09-03 00:30:19,38.83,3,0,0,,43.90,4,33.90,3,38.70,4
2026-09-03 00:30:32,39.75,3,0,0,,41.80,4,35.35,3,42.10,4
2026-09-03 00:30:45,37.78,3,0,0,,37.70,4,31.55,4,44.10,4
2026-09-03 00:30:58,43.45,3,0,0,,43.65,4,39.45,4,47.25,4
2026-09-03 00:31:11,41.92,3,0,0,,41.85,4,45.65,4,38.25,4
2026-09-03 00:31:26,41.87,3,0,0,,43.40,4,44.25,4,37.95,4
2026-09-03 00:31:39,43.05,3,0,0,,46.50,4,43.85,4,38.80,4
2026-09-03 00:31:52,41.95,3,0,0,,37.90,4,46.90,4,41.05,4
2026-09-03 00:32:05,43.35,3,0,0,,40.40,5,42.15,4,47.50,4
2026-09-03 00:32:18,39.82,3,0,0,,42.25,5,38.15,4,39.05,4
2026-09-03 00:32:31,43.58,3,0,0,,43.65,5,39.70,4,47.40,4
2026-09-03 00:32:45,43.13,3,0,0,,52.65,5,38.45,4,38.30,4
2026-09-03 00:32:58,43.23,3,0,0,,47.95,5,40.75,4,41.00,4
2026-09-03 00:33:11,45.98,3,0,0,,53.20,5,42.15,4,42.60,4
2026-09-03 00:33:24,44.42,3,0,0,,43.50,5,39.95,4,49.80,5
2026-09-03 00:33:37,47.92,3,0,0,,44.70,5,47.00,4,52.05,5
2026-09-03 00:33:50,42.93,3,0,0,,44.50,5,38.40,4,45.90,5
2026-09-03 00:34:04,46.42,3,0,0,,48.55,5,41.30,4,49.40,5
2026-09-03 00:34:17,44.32,3,0,0,,45.75,5,42.15,4,45.05,5
2026-09-03 00:34:31,46.15,3,0,0,,48.50,5,41.05,4,48.90,5
2026-09-03 00:34:44,48.12,3,0,0,,48.55,5,41.80,5,54.00,5
2026-09-03 00:34:57,49.28,3,0,0,,45.60,5,48.25,5,54.00,5
2026-09-03 00:35:11,52.17,3,0,0,,53.20,5,49.70,5,53.60,5
2026-09-03 00:35:24,47.42,3,0,0,,44.55,5,47.15,5,50.55,5
2026-09-03 00:35:37,50.67,3,0,0,,52.45,5,50.20,5,49.35,5
2026-09-03 00:35:50,49.60,3,0,0,,50.65,6,53.75,5,44.40,5
2026-09-03 00:36:04,51.08,3,0,0,,51.05,6,53.60,5,48.60,5
2026-09-03 00:36:17,48.15,3,0,0,,50.85,6,44.25,5,49.35,5
2026-09-03 00:36:31,47.67,3,0,0,,51.15,6,43.80,5,48.05,5
2026-09-03 00:36:44,51.18,3,0,0,,55.30,6,48.95,5,49.30,5
2026-09-03 00:36:58,48.33,3,0,0,,55.20,6,45.50,5,44.30,5
2026-09-03 00:37:11,49.88,3,0,0,,51.15,6,50.90,5,47.60,6
2026-09-03 00:37:25,50.45,3,0,0,,53.50,6,43.85,5,54.00,6
2026-09-03 00:37:38,54.40,3,0,0,,58.05,6,49.05,5,56.10,6
2026-09-03 00:37:51,52.20,3,0,0,,51.30,6,49.10,5,56.20,6
2026-09-03 00:38:05,49.97,3,0,0,,53.20,6,44.40,5,52.30,6
2026-09-03 00:38:19,54.80,3,0,0,,55.20,6,51.35,5,57.85,6
2026-09-03 00:38:33,54.43,3,0,0,,51.80,6,50.75,6,60.75,6
2026-09-03 00:38:46,53.63,3,0,0,,57.35,6,51.95,6,51.60,6
2026-09-03 00:38:59,56.93,3,0,0,,58.75,6,56.05,6,56.00,6
2026-09-03 00:39:13,57.63,3,0,0,,55.35,6,57.60,6,59.95,6
2026-09-03 00:39:26,55.17,3,0,0,,53.60,6,60.25,6,51.65,6
2026-09-03 00:39:39,57.67,3,0,0,,59.65,7,55.95,6,57.40,6
2026-09-03 00:39:53,54.58,3,0,0,,54.95,7,52.75,6,56.05,6
2026-09-03 00:40:06,58.10,3,0,0,,66.40,7,51.90,6,56.00,6
2026-09-03 00:40:20,56.67,3,0,0,,63.80,7,51.80,6,54.40,6
2026-09-03 00:40:33,57.95,3,0,0,,59.90,7,53.20,6,60.75,6
2026-09-03 00:40:46,58.80,3,0,0,,63.40,7,60.55,6,52.45,6
2026-09-03 00:41:00,54.72,3,0,0,,59.00,7,50.90,6,54.25,7
2026-09-03 00:41:13,60.47,3,0,0,,64.20,7,51.90,6,65.30,7
2026-09-03 00:41:27,62.85,3,0,0,,62.00,7,59.95,6,66.60,7
2026-09-03 00:41:40,60.65,3,0,0,,66.35,7,51.40,6,64.20,7
2026-09-03 00:41:53,59.85,3,0,0,,60.70,7,57.45,6,61.40,7
2026-09-03 00:42:07,62.22,3,0,0,,66.60,7,60.50,6,59.55,7
2026-09-03 00:42:21,61.00,3,0,0,,57.80,7,59.75,7,65.45,7
2026-09-03 00:42:34,60.90,3,0,0,,61.55,7,58.55,7,62.60,7
2026-09-03 00:42:47,62.67,3,0,0,,66.75,7,58.50,7,62.75,7
2026-09-03 00:43:00,65.45,3,0,0,,66.65,7,62.70,7,67.00,7
2026-09-03 00:43:14,63.27,3,0,0,,58.05,7,67.25,7,64.50,7
2026-09-03 00:43:28,62.92,3,0,0,,63.50,8,62.55,7,62.70,7
2026-09-03 00:43:42,61.37,3,0,0,,62.95,8,59.75,7,61.40,7
2026-09-03 00:43:55,65.65,3,0,0,,67.90,8,66.45,7,62.60,7
2026-09-03 00:44:09,66.40,3,0,0,,70.15,8,61.65,7,67.40,7
2026-09-03 00:44:22,60.82,3,0,0,,66.45,8,57.40,7,58.60,7
2026-09-03 00:44:36,66.37,3,0,0,,70.80,8,61.80,7,66.50,7
2026-09-03 00:44:49,67.68,3,0,0,,72.80,8,62.45,7,67.80,8
2026-09-03 00:45:02,63.05,3,0,0,,67.30,8,58.50,7,63.35,8
2026-09-03 00:45:16,68.65,3,0,0,,73.05,8,58.45,7,74.45,8
2026-09-03 00:45:29,70.28,3,0,0,,71.10,8,66.35,7,73.40,8
2026-09-03 00:45:42,67.45,3,0,0,,67.15,8,62.55,7,72.65,8
2026-09-03 00:45:56,66.68,3,0,0,,67.00,8,63.55,7,69.50,8
2026-09-03 00:46:10,68.83,3,0,0,,71.65,8,60.95,8,73.90,8
2026-09-03 00:46:23,70.23,3,0,0,,68.75,8,72.45,8,69.50,8
2026-09-03 00:46:37,69.90,3,0,0,,66.60,8,73.50,8,69.60,8
2026-09-03 00:46:50,71.15,3,0,0,,72.85,8,71.10,8,69.50,8
2026-09-03 00:47:04,71.03,3,0,0,,70.40,8,68.85,8,73.85,8
2026-09-03 00:47:17,71.33,3,0,0,,73.55,9,66.25,8,74.20,8
2026-09-03 00:47:30,70.73,3,0,0,,75.35,9,71.35,8,65.50,8
2026-09-03 00:47:44,71.67,3,0,0,,74.10,9,69.25,8,71.65,8
2026-09-03 00:47:57,70.00,3,0,0,,71.20,9,69.25,8,69.55,8
2026-09-03 00:48:11,73.53,3,0,0,,79.70,9,71.40,8,69.50,8
2026-09-03 00:48:25,73.13,3,0,0,,80.05,9,73.20,8,66.15,8
2026-09-03 00:48:38,70.90,3,0,0,,75.40,9,69.35,8,67.95,9
2026-09-03 00:48:51,69.45,3,0,0,,71.25,9,67.45,8,69.65,9
2026-09-03 00:49:05,76.57,3,0,0,,75.40,9,73.50,8,80.80,9
2026-09-03 00:49:19,75.62,3,0,0,,79.75,9,73.85,8,73.25,9
2026-09-03 00:49:32,72.32,3,0,0,,79.65,9,65.20,8,72.10,9
2026-09-03 00:49:46,72.22,3,0,0,,70.55,9,71.05,9,75.05,9
2026-09-03 00:49:59,75.28,3,0,0,,75.45,9,69.95,9,80.45,9
2026-09-03 00:50:13,74.53,3,0,0,,71.25,9,74.60,9,77.75,9
2026-09-03 00:50:27,76.00,3,0,0,,77.00,9,75.60,9,75.40,9
2026-09-03 00:50:40,74.07,3,0,0,,75.35,9,72.95,9,73.90,9
2026-09-03 00:50:53,75.38,3,0,0,,71.25,9,74.15,9,80.75,9
2026-09-03 00:51:07,75.83,3,0,0,,75.45,9,75.75,9,76.30,9
2026-09-03 00:51:21,74.22,3,0,0,,73.50,9,73.00,9,76.15,9
2026-09-03 00:51:35,73.88,3,0,0,,80.15,9,68.50,8,73.00,9
2026-09-03 00:51:48,73.68,3,0,0,,71.35,9,69.25,8,80.45,9
2026-09-03 00:52:01,70.98,3,0,0,,71.00,9,65.60,8,76.35,9
2026-09-03 00:52:15,71.00,3,0,0,,71.40,9,65.35,8,76.25,9
2026-09-03 00:52:28,73.92,3,0,0,,78.95,9,70.60,8,72.20,9
2026-09-03 00:52:42,71.78,3,0,0,,75.50,9,69.30,8,70.55,9
2026-09-03 00:52:55,69.32,3,0,0,,71.65,9,66.80,8,69.50,8
2026-09-03 00:53:09,70.62,3,0,0,,71.05,9,71.20,8,69.60,8
2026-09-03 00:53:22,70.35,3,0,0,,74.20,9,71.40,8,65.45,8
2026-09-03 00:53:35,73.47,3,0,0,,80.20,9,69.25,8,70.95,8
2026-09-03 00:53:49,69.42,3,0,0,,71.35,9,67.35,8,69.55,8
2026-09-03 00:54:03,68.22,3,0,0,,64.40,8,74.05,8,66.20,8
2026-09-03 00:54:16,68.00,3,0,0,,64.85,8,73.65,8,65.50,8
2026-09-03 00:54:29,70.87,3,0,0,,72.25,8,69.40,8,70.95,8
2026-09-03 00:54:42,68.47,3,0,0,,68.75,8,67.15,8,69.50,8
2026-09-03 00:54:56,68.65,3,0,0,,65.30,8,74.00,8,66.65,8
2026-09-03 00:55:09,65.53,3,0,0,,64.70,8,62.55,7,69.35,8
2026-09-03 00:55:22,67.95,3,0,0,,70.30,8,62.55,7,71.00,8
2026-09-03 00:55:35,66.28,3,0,0,,68.70,8,60.65,7,69.50,8
2026-09-03 00:55:48,65.92,3,0,0,,64.75,8,67.20,7,65.80,8
2026-09-03 00:56:02,65.70,3,0,0,,64.95,8,58.45,7,73.70,8
2026-09-03 00:56:15,63.73,3,0,0,,65.80,8,58.65,7,66.75,7
2026-09-03 00:56:28,67.27,3,0,0,,73.00,8,61.60,7,67.20,7
2026-09-03 00:56:42,61.88,3,0,0,,64.45,8,62.45,7,58.75,7
2026-09-03 00:56:55,64.90,3,0,0,,68.05,8,59.95,7,66.70,7
2026-09-03 00:57:08,65.12,3,0,0,,65.90,8,66.70,7,62.75,7
2026-09-03 00:57:22,64.60,3,0,0,,64.45,8,66.65,7,62.70,7
2026-09-03 00:57:35,60.48,3,0,0,,62.05,7,58.30,7,61.10,7
2026-09-03 00:57:48,63.10,3,0,0,,59.15,7,62.75,7,67.40,7
2026-09-03 00:58:02,60.92,3,0,0,,61.65,7,62.45,7,58.65,7
2026-09-03 00:58:15,62.22,3,0,0,,64.15,7,62.65,7,59.85,7
2026-09-03 00:58:28,61.57,3,0,0,,62.05,7,58.50,7,64.15,7
2026-09-03 00:58:41,59.90,3,0,0,,59.70,7,57.40,6,62.60,7
2026-09-03 00:58:55,60.80,3,0,0,,66.55,7,55.85,6,60.00,7
2026-09-03 00:59:08,62.27,3,0,0,,65.95,7,53.65,6,67.20,7
2026-09-03 00:59:21,59.35,3,0,0,,56.95,7,53.80,6,67.30,7
2026-09-03 00:59:34,60.75,3,0,0,,59.30,7,60.30,6,62.65,7
2026-09-03 00:59:48,56.85,3,0,0,,66.40,7,51.75,6,52.40,6
2026-09-03 01:00:01,59.93,3,0,0,,62.15,7,57.45,6,60.20,6
2026-09-03 01:00:14,59.60,3,0,0,,62.05,7,60.75,6,56.00,6
2026-09-03 01:00:27,55.52,3,0,0,,59.15,7,55.85,6,51.55,6
2026-09-03 01:00:41,59.37,3,0,0,,66.60,7,53.70,6,57.80,6
2026-09-03 01:00:54,57.22,3,0,0,,55.30,7,60.40,6,55.95,6
2026-09-03 01:01:07,53.62,3,0,0,,55.55,6,51.85,6,53.45,6
2026-09-03 01:01:20,53.95,3,0,0,,52.35,6,52.00,6,57.50,6
2026-09-03 01:01:33,59.17,3,0,0,,59.65,6,57.40,6,60.45,6
2026-09-03 01:01:46,53.02,3,0,0,,51.20,6,55.90,6,51.95,6
2026-09-03 01:01:59,55.83,3,0,0,,54.55,6,53.40,6,59.55,6
2026-09-03 01:02:13,55.03,3,0,0,,55.75,6,53.25,5,56.10,6
2026-09-03 01:02:26,54.98,3,0,0,,55.20,6,53.65,5,56.10,6
2026-09-03 01:02:39,50.55,3,0,0,,52.45,6,45.00,5,54.20,6
2026-09-03 01:02:52,57.15,3,0,0,,59.55,6,51.15,5,60.75,6
2026-09-03 01:03:05,50.58,3,0,0,,55.30,6,44.30,5,52.15,6
2026-09-03 01:03:18,49.83,3,0,0,,50.95,6,47.30,5,51.25,5
2026-09-03 01:03:31,53.10,3,0,0,,55.05,6,51.00,5,53.25,5
2026-09-03 01:03:44,49.53,3,0,0,,55.20,6,48.95,5,44.45,5
2026-09-03 01:03:57,49.17,3,0,0,,51.40,6,47.05,5,49.05,5
2026-09-03 01:04:10,51.45,3,0,0,,51.25,6,53.75,5,49.35,5
2026-09-03 01:04:23,48.10,3,0,0,,49.75,6,49.10,5,45.45,5
2026-09-03 01:04:36,46.95,3,0,0,,48.50,5,45.30,5,47.05,5
2026-09-03 01:04:49,50.67,3,0,0,,44.85,5,53.10,5,54.05,5
2026-09-03 01:05:02,48.28,3,0,0,,50.55,5,44.70,5,49.60,5
2026-09-03 01:05:15,50.58,3,0,0,,53.05,5,50.45,5,48.25,5
2026-09-03 01:05:29,49.08,3,0,0,,44.55,5,51.10,5,51.60,5
2026-09-03 01:05:42,47.45,3,0,0,,50.65,5,42.20,4,49.50,5
2026-09-03 01:05:54,45.05,3,0,0,,48.55,5,39.40,4,47.20,5
2026-09-03 01:06:08,48.33,3,0,0,,43.80,5,46.95,4,54.25,5
2026-09-03 01:06:21,43.62,3,0,0,,46.95,5,38.35,4,45.55,5
2026-09-03 01:06:34,46.30,3,0,0,,53.35,5,39.75,4,45.80,5
2026-09-03 01:06:47,46.17,3,0,0,,44.75,5,47.00,4,46.75,4
2026-09-03 01:07:00,42.83,3,0,0,,52.65,5,38.05,4,37.80,4
2026-09-03 01:07:13,47.07,3,0,0,,52.85,5,44.30,4,44.05,4
2026-09-03 01:07:26,44.73,3,0,0,,44.35,5,47.05,4,42.80,4
2026-09-03 01:07:39,42.18,3,0,0,,50.00,5,38.20,4,38.35,4
2026-09-03 01:07:53,46.53,3,0,0,,48.55,5,46.15,4,44.90,4
2026-09-03 01:08:06,37.63,3,0,0,,37.15,4,37.80,4,37.95,4
2026-09-03 01:08:19,42.98,3,0,0,,40.70,4,44.25,4,44.00,4
2026-09-03 01:08:32,45.00,3,0,0,,41.80,4,46.45,4,46.75,4
2026-09-03 01:08:45,38.32,3,0,0,,38.35,4,38.05,4,38.55,4
2026-09-03 01:08:58,45.32,3,0,0,,46.50,4,44.45,4,45.00,4
2026-09-03 01:09:11,40.08,3,0,0,,41.85,4,35.45,3,42.95,4
2026-09-03 01:09:24,37.17,3,0,0,,38.15,4,32.55,3,40.80,4
2026-09-03 01:09:37,42.70,3,0,0,,46.15,4,37.55,3,44.40,4
2026-09-03 01:09:50,37.05,3,0,0,,37.65,4,30.55,3,42.95,4
2026-09-03 01:10:03,40.50,3,0,0,,43.45,4,36.70,3,41.35,4
2026-09-03 01:10:16,40.68,3,0,0,,45.95,4,35.40,3,40.70,3
2026-09-03 01:10:29,35.00,3,0,0,,37.55,4,31.45,3,36.00,3
2026-09-03 01:10:42,39.17,3,0,0,,43.25,4,39.45,3,34.80,3
2026-09-03 01:10:56,36.38,3,0,0,,41.85,4,31.40,3,35.90,3
2026-09-03 01:11:09,36.78,3,0,0,,37.80,4,39.30,3,33.25,3
2026-09-03 01:11:22,35.20,3,0,0,,43.55,4,31.35,3,30.70,3
2026-09-03 01:11:35,33.35,3,0,0,,34.95,3,33.10,3,32.00,3
2026-09-03 01:11:48,37.82,3,0,0,,32.85,3,40.25,3,40.35,3
2026-09-03 01:12:01,34.32,3,0,0,,39.65,3,31.60,3,31.70,3
2026-09-03 01:12:14,37.55,3,0,0,,34.95,3,39.75,3,37.95,3
2026-09-03 01:12:28,32.37,3,0,0,,34.15,3,31.40,3,31.55,3
2026-09-03 01:12:40,31.48,3,0,0,,34.95,3,26.25,2,33.25,3
2026-09-03 01:12:53,35.45,3,0,0,,32.45,3,33.40,2,40.50,3
2026-09-03 01:13:06,32.00,3,0,0,,39.45,3,24.75,2,31.80,3
2026-09-03 01:13:19,36.05,3,0,0,,34.95,3,33.05,2,40.15,3
2026-09-03 01:13:32,31.00,3,0,0,,33.35,3,23.80,2,35.85,3
2026-09-03 01:13:45,30.48,3,0,0,,34.90,3,30.15,2,26.40,3
2026-09-03 01:13:58,31.37,3,0,0,,31.85,3,28.70,2,33.55,2
2026-09-03 01:14:11,30.37,3,0,0,,37.15,3,28.25,2,25.70,2
2026-09-03 01:14:24,32.35,3,0,0,,34.95,3,28.60,2,33.50,2
2026-09-03 01:14:37,28.55,3,0,0,,32.15,3,24.65,2,28.85,2
2026-09-03 01:14:50,34.00,3,0,0,,39.60,3,32.80,2,29.60,2
2026-09-03 01:15:03,25.70,3,0,0,,23.90,2,24.45,2,28.75,2
2026-09-03 01:15:15,27.60,3,0,0,,26.05,2,30.70,2,26.05,2
2026-09-03 01:15:28,30.08,3,0,0,,33.15,2,23.55,2,33.55,2
2026-09-03 01:15:41,25.05,3,0,0,,24.65,2,25.85,2,24.65,2
2026-09-03 01:15:54,32.42,3,0,0,,32.95,2,33.40,2,30.90,2
2026-09-03 01:16:07,21.85,3,0,0,,24.30,2,17.65,1,23.60,2
2026-09-03 01:16:19,27.52,3,0,0,,27.25,2,25.75,1,29.55,2
2026-09-03 01:16:32,24.62,3,0,0,,28.35,2,16.70,1,28.80,2
2026-09-03 01:16:45,24.67,3,0,0,,26.20,2,23.00,1,24.80,2
2026-09-03 01:16:58,29.32,3,0,0,,33.10,2,21.75,1,33.10,2
2026-09-03 01:17:11,23.90,3,0,0,,24.45,2,22.45,1,24.80,2
2026-09-03 01:17:23,25.87,3,0,0,,30.20,2,21.75,1,25.65,1
2026-09-03 01:17:36,21.88,3,0,0,,28.40,2,20.10,1,17.15,1
2026-09-03 01:17:49,24.37,3,0,0,,27.60,2,21.65,1,23.85,1
2026-09-03 01:18:02,23.35,3,0,0,,28.30,2,19.50,1,22.25,1
2026-09-03 01:18:15,23.30,3,0,0,,24.35,2,21.65,1,23.90,1
2026-09-03 01:18:28,21.65,3,0,0,,23.35,1,19.35,1,22.25,1
2026-09-03 01:18:40,22.58,3,0,0,,21.75,1,26.05,1,19.95,1
2026-09-03 01:18:53,20.17,3,0,0,,20.65,1,17.70,1,22.15,1
2026-09-03 01:19:06,22.62,3,0,0,,21.75,1,26.00,1,20.10,1
2026-09-03 01:19:19,19.73,3,0,0,,19.35,1,17.70,1,22.15,1
2026-09-03 01:19:33,20.70,3,0,0,,21.70,1,19.40,1,21.00,1
2026-09-03 01:19:45,19.07,2,1,0,,19.20,1,11.05,0,26.95,1
2026-09-03 01:19:58,19.98,2,1,0,,26.45,1,14.85,0,18.65,1
2026-09-03 01:20:10,20.22,2,1,0,,17.80,1,16.15,0,26.70,1
2026-09-03 01:20:23,18.13,2,1,0,,25.30,1,10.85,0,18.25,1
2026-09-03 01:20:36,19.73,2,1,0,,17.50,1,14.80,0,26.90,1
2026-09-03 01:20:49,16.28,1,2,0,,23.85,1,14.25,0,10.75,0
2026-09-03 01:21:02,17.38,1,2,0,,21.80,1,10.80,0,19.55,0
2026-09-03 01:21:14,17.65,1,2,0,,20.15,1,19.50,0,13.30,0
2026-09-03 01:21:27,16.58,1,2,0,,26.45,1,13.25,0,10.05,0
2026-09-03 01:21:40,17.27,1,2,0,,17.75,1,14.95,0,19.10,0
2026-09-03 01:21:54,20.17,1,2,0,,26.50,1,19.70,0,14.30,0
2026-09-03 01:22:06,11.70,0,3,0,,11.45,0,13.25,0,10.40,0
2026-09-03 01:22:19,16.30,0,3,0,,19.90,0,9.70,0,19.30,0
2026-09-03 01:22:31,15.42,0,3,0,,14.55,0,19.25,0,12.45,0
2026-09-03 01:22:44,12.50,0,3,0,,10.80,0,11.80,0,14.90,0
2026-09-03 01:22:57,17.18,0,3,0,,19.45,0,14.95,0,17.15,0
2026-09-03 01:23:09,13.20,0,3,0,,12.10,0,16.55,0,10.95,0
2026-09-03 01:23:21,15.17,0,3,0,,15.00,0,10.85,0,19.65,0
2026-09-03 01:23:34,16.55,0,3,0,,14.65,0,19.65,0,15.35,0
2026-09-03 01:23:47,12.95,1,2,0,,15.20,1,13.25,0,10.40,0
2026-09-03 01:24:00,17.98,1,2,0,,24.15,1,10.25,0,19.55,0
2026-09-03 01:24:13,18.80,1,2,0,,23.60,1,19.40,0,13.40,0
2026-09-03 01:24:26,14.03,1,2,0,,18.05,1,13.20,0,10.85,0
2026-09-03 01:24:39,17.05,1,2,0,,21.10,1,10.35,0,19.70,0
2026-09-03 01:24:52,19.70,1,2,0,,26.45,1,19.15,0,13.50,0
2026-09-03 01:25:06,16.73,2,1,0,,16.60,1,14.35,0,19.25,1
2026-09-03 01:25:20,18.13,2,1,0,,22.90,1,11.60,0,19.90,1
2026-09-03 01:25:33,16.35,2,1,0,,20.80,1,10.15,0,18.10,1
2026-09-03 01:25:46,19.72,2,1,0,,21.75,1,19.25,0,18.15,1
2026-09-03 01:25:59,18.33,2,1,0,,18.95,1,12.40,0,23.65,1
2026-09-03 01:26:12,21.05,3,0,0,,26.55,1,14.95,1,21.65,1
2026-09-03 01:26:25,18.03,3,0,0,,17.75,1,18.40,1,17.95,1
2026-09-03 01:26:38,24.15,3,0,0,,26.05,1,26.00,1,20.40,1
2026-09-03 01:26:51,20.02,3,0,0,,17.85,1,21.10,1,21.10,1
2026-09-03 01:27:04,23.78,3,0,0,,26.10,1,23.50,1,21.75,1
2026-09-03 01:27:17,19.92,3,0,0,,17.75,1,21.50,1,20.50,1
2026-09-03 01:27:30,21.12,3,0,0,,23.80,1,17.85,1,21.70,1
2026-09-03 01:27:43,24.27,3,0,0,,28.05,2,24.15,1,20.60,1
2026-09-03 01:27:56,23.87,3,0,0,,26.05,2,23.90,1,21.65,1
2026-09-03 01:28:09,21.92,3,0,0,,24.85,2,20.15,1,20.75,1
2026-09-03 01:28:22,23.90,3,0,0,,28.50,2,21.50,1,21.70,1
2026-09-03 01:28:35,21.38,3,0,0,,24.45,2,19.00,1,20.70,1
2026-09-03 01:28:48,26.07,3,0,0,,30.00,2,26.25,1,21.95,1
2026-09-03 01:29:01,23.58,3,0,0,,28.35,2,18.40,1,24.00,2
2026-09-03 01:29:14,27.25,3,0,0,,24.40,2,25.55,1,31.80,2
2026-09-03 01:29:27,25.57,3,0,0,,28.35,2,17.65,1,30.70,2
2026-09-03 01:29:41,25.63,3,0,0,,24.40,2,25.60,1,26.90,2
2026-09-03 01:29:54,26.50,3,0,0,,32.65,2,16.55,1,30.30,2
2026-09-03 01:30:07,25.02,3,0,0,,24.40,2,22.10,2,28.55,2
2026-09-03 01:30:20,26.77,3,0,0,,32.35,2,23.35,2,24.60,2
2026-09-03 01:30:33,27.77,3,0,0,,28.35,2,24.25,2,30.70,2
2026-09-03 01:30:46,27.57,3,0,0,,27.25,2,28.40,2,27.05,2
2026-09-03 01:30:59,29.82,3,0,0,,28.35,2,33.10,2,28.00,2
2026-09-03 01:31:12,26.45,3,0,0,,26.50,2,24.25,2,28.60,2
2026-09-03 01:31:26,29.57,3,0,0,,32.85,3,28.25,2,27.60,2
2026-09-03 01:31:38,31.35,3,0,0,,32.45,3,33.05,2,28.55,2
2026-09-03 01:31:52,28.48,3,0,0,,31.30,3,28.40,2,25.75,2
2026-09-03 01:32:05,32.28,3,0,0,,31.00,3,32.50,2,33.35,2
2026-09-03 01:32:17,29.30,3,0,0,,35.00,3,28.25,2,24.65,2
2026-09-03 01:32:31,30.07,3,0,0,,30.50,3,26.35,2,33.35,2
2026-09-03 01:32:44,30.75,3,0,0,,33.05,3,28.30,2,30.90,3
2026-09-03 01:32:57,32.92,3,0,0,,39.30,3,24.30,2,35.15,3
2026-09-03 01:33:10,33.42,3,0,0,,35.00,3,32.70,2,32.55,3
2026-09-03 01:33:23,31.77,3,0,0,,39.60,3,24.35,2,31.35,3
2026-09-03 01:33:36,34.97,3,0,0,,39.80,3,32.65,2,32.45,3
2026-09-03 01:33:50,31.72,3,0,0,,31.45,3,24.30,2,39.40,3
2026-09-03 01:34:03,35.38,3,0,0,,39.50,3,26.65,3,40.00,3
2026-09-03 01:34:16,31.82,3,0,0,,31.05,3,33.20,3,31.20,3
2026-09-03 01:34:29,35.05,3,0,0,,38.90,3,34.95,3,31.30,3
2026-09-03 01:34:42,34.85,3,0,0,,35.00,3,39.30,3,30.25,3
2026-09-03 01:34:56,35.28,3,0,0,,33.35,3,39.65,3,32.85,3
2026-09-03 01:35:09,38.55,3,0,0,,35.00,3,40.60,3,40.05,3
2026-09-03 01:35:22,36.82,3,0,0,,37.40,4,41.55,3,31.50,3
2026-09-03 01:35:36,40.72,3,0,0,,42.60,4,39.65,3,39.90,3
2026-09-03 01:35:49,36.28,3,0,0,,37.95,4,39.50,3,31.40,3
2026-09-03 01:36:02,37.42,3,0,0,,37.15,4,39.40,3,35.70,3
2026-09-03 01:36:15,35.02,3,0,0,,38.85,4,30.85,3,35.35,3
2026-09-03 01:36:28,38.20,3,0,0,,43.95,4,38.85,3,31.80,4
2026-09-03 01:36:41,36.17,3,0,0,,42.95,4,30.80,3,34.75,4
2026-09-03 01:36:54,40.15,3,0,0,,41.90,4,37.05,3,41.50,4
2026-09-03 01:37:07,41.55,3,0,0,,46.40,4,34.80,3,43.45,4
2026-09-03 01:37:21,38.20,3,0,0,,41.95,4,32.30,3,40.35,4
2026-09-03 01:37:34,39.77,3,0,0,,37.95,4,34.80,3,46.55,4
2026-09-03 01:37:47,37.10,3,0,0,,41.45,4,32.45,4,37.40,4
2026-09-03 01:38:00,41.37,3,0,0,,41.95,4,44.15,4,38.00,4
2026-09-03 01:38:14,40.22,3,0,0,,40.40,4,41.10,4,39.15,4
2026-09-03 01:38:27,39.60,3,0,0,,41.90,4,38.95,4,37.95,4
2026-09-03 01:38:40,39.62,3,0,0,,41.90,4,38.95,4,38.00,4
2026-09-03 01:38:53,44.10,3,0,0,,40.25,4,45.90,4,46.15,4
2026-09-03 01:39:06,46.40,3,0,0,,46.55,5,45.90,4,46.75,4
2026-09-03 01:39:20,41.65,3,0,0,,44.95,5,41.75,4,38.25,4
2026-09-03 01:39:33,43.12,3,0,0,,45.00,5,37.70,4,46.65,4
2026-09-03 01:39:46,44.48,3,0,0,,53.65,5,41.80,4,38.00,4
2026-09-03 01:39:59,45.65,3,0,0,,52.85,5,38.15,4,45.95,4
2026-09-03 01:40:12,46.45,3,0,0,,48.75,5,43.85,4,46.75,4
2026-09-03 01:40:25,45.17,3,0,0,,44.75,5,41.85,4,48.90,5
2026-09-03 01:40:39,45.72,3,0,0,,44.90,5,41.20,4,51.05,5
2026-09-03 01:40:52,44.92,3,0,0,,45.10,5,41.80,4,47.85,5
2026-09-03 01:41:05,42.33,3,0,0,,44.60,5,37.75,4,44.65,5
2026-09-03 01:41:19,45.02,3,0,0,,44.40,5,46.10,4,44.55,5
2026-09-03 01:41:34,47.53,3,0,0,,53.00,5,38.85,5,50.75,5
2026-09-03 01:41:47,47.32,3,0,0,,53.10,5,40.25,5,48.60,5
2026-09-03 01:42:00,45.67,3,0,0,,44.75,5,47.60,5,44.65,5
2026-09-03 01:42:13,51.20,3,0,0,,52.35,5,47.75,5,53.50,5
2026-09-03 01:42:26,49.28,3,0,0,,48.85,5,45.60,5,53.40,5
2026-09-03 01:42:40,47.38,3,0,0,,44.85,5,52.20,5,45.10,5
2026-09-03 01:42:53,49.53,3,0,0,,47.10,6,48.50,5,53.00,5
2026-09-03 01:43:06,50.30,3,0,0,,53.60,6,48.60,5,48.70,5
2026-09-03 01:43:19,49.73,3,0,0,,60.30,6,44.25,5,44.65,5
2026-09-03 01:43:33,53.60,3,0,0,,59.50,6,48.50,5,52.80,5
2026-09-03 01:43:46,47.25,3,0,0,,52.70,6,44.65,5,44.40,5
2026-09-03 01:44:00,53.07,3,0,0,,54.95,6,53.20,5,51.05,6
2026-09-03 01:44:13,51.93,3,0,0,,60.30,6,48.50,5,47.00,6
2026-09-03 01:44:26,50.03,3,0,0,,51.20,6,45.20,5,53.70,6
2026-09-03 01:44:39,52.97,3,0,0,,50.50,6,53.20,5,55.20,6
2026-09-03 01:44:53,54.60,3,0,0,,59.75,6,44.50,5,59.55,6
2026-09-03 01:45:06,52.77,3,0,0,,51.10,6,47.60,5,59.60,6
2026-09-03 01:45:20,56.23,3,0,0,,56.90,6,52.55,6,59.25,6
2026-09-03 01:45:33,54.28,3,0,0,,55.50,6,52.10,6,55.25,6
2026-09-03 01:45:46,53.08,3,0,0,,55.75,6,51.90,6,51.60,6
2026-09-03 01:45:59,51.70,3,0,0,,52.40,6,51.15,6,51.55,6
2026-09-03 01:46:13,58.48,3,0,0,,60.00,6,59.95,6,55.50,6
2026-09-03 01:46:27,53.75,3,0,0,,51.80,6,55.20,6,54.25,6
2026-09-03 01:46:41,54.45,3,0,0,,56.00,7,52.05,6,55.30,6
2026-09-03 01:46:54,57.15,3,0,0,,60.10,7,59.05,6,52.30,6
2026-09-03 01:47:07,61.75,3,0,0,,66.35,7,59.65,6,59.25,6
2026-09-03 01:47:21,58.38,3,0,0,,62.20,7,52.95,6,60.00,6
2026-09-03 01:47:34,54.42,3,0,0,,60.60,7,51.40,6,51.25,6
2026-09-03 01:47:48,60.07,3,0,0,,60.75,7,59.80,6,59.65,6
2026-09-03 01:48:02,57.45,3,0,0,,61.70,7,50.85,6,59.80,7
2026-09-03 01:48:15,58.20,3,0,0,,67.05,7,50.90,6,56.65,7
2026-09-03 01:48:28,61.20,3,0,0,,62.40,7,54.55,6,66.65,7
2026-09-03 01:48:42,62.80,3,0,0,,67.15,7,55.20,6,66.05,7
2026-09-03 01:48:55,62.12,3,0,0,,66.60,7,52.95,6,66.80,7
2026-09-03 01:49:08,59.58,3,0,0,,57.50,7,59.20,7,62.05,7
2026-09-03 01:49:22,59.12,3,0,0,,61.35,7,54.05,7,61.95,7
2026-09-03 01:49:35,60.48,3,0,0,,67.25,7,56.25,7,57.95,7
2026-09-03 01:49:48,60.65,3,0,0,,62.55,7,61.90,7,57.50,7
2026-09-03 01:50:02,59.40,3,0,0,,58.35,7,61.85,7,58.00,7
2026-09-03 01:50:15,62.77,3,0,0,,64.00,7,66.00,7,58.30,7
2026-09-03 01:50:29,65.92,3,0,0,,67.40,8,66.20,7,64.15,7
2026-09-03 01:50:42,62.83,3,0,0,,68.15,8,61.95,7,58.40,7
2026-09-03 01:50:55,61.43,3,0,0,,64.40,8,58.65,7,61.25,7
2026-09-03 01:51:09,66.50,3,0,0,,73.45,8,59.20,7,66.85,7
2026-09-03 01:51:22,66.63,3,0,0,,71.15,8,62.00,7,66.75,7
2026-09-03 01:51:37,63.52,3,0,0,,69.45,8,61.15,7,59.95,7
2026-09-03 01:51:50,63.87,3,0,0,,69.35,8,61.90,7,60.35,8
2026-09-03 01:52:04,66.47,3,0,0,,73.95,8,58.15,7,67.30,8
2026-09-03 01:52:17,65.15,3,0,0,,64.00,8,58.70,7,72.75,8
2026-09-03 01:52:30,66.42,3,0,0,,69.05,8,65.50,7,64.70,8
2026-09-03 01:52:44,62.27,3,0,0,,65.05,8,57.05,7,64.70,8
2026-09-03 01:52:58,65.10,3,0,0,,65.10,8,60.25,8,69.95,8
2026-09-03 01:53:11,67.02,3,0,0,,67.25,8,60.45,8,73.35,8
2026-09-03 01:53:24,72.00,3,0,0,,73.85,8,71.85,8,70.30,8
2026-09-03 01:53:38,66.10,3,0,0,,65.05,8,65.25,8,68.00,8
2026-09-03 01:53:51,65.70,3,0,0,,66.15,8,64.40,8,66.55,8
2026-09-03 01:54:05,68.00,3,0,0,,65.90,8,64.85,8,73.25,8
2026-09-03 01:54:18,67.60,3,0,0,,69.65,9,64.60,8,68.55,8
2026-09-03 01:54:32,67.90,3,0,0,,70.30,9,64.65,8,68.75,8
2026-09-03 01:54:45,69.20,3,0,0,,71.55,9,69.40,8,66.65,8
2026-09-03 01:54:58,73.48,3,0,0,,80.20,9,66.90,8,73.35,8
2026-09-03 01:55:12,69.27,3,0,0,,72.10,9,71.15,8,64.55,8
2026-09-03 01:55:27,72.43,3,0,0,,80.00,9,72.65,8,64.65,8
2026-09-03 01:55:41,71.83,3,0,0,,75.85,9,68.70,8,70.95,9
2026-09-03 01:55:54,73.27,3,0,0,,75.75,9,66.80,8,77.25,9
2026-09-03 01:56:08,76.52,3,0,0,,79.65,9,73.40,8,76.50,9
2026-09-03 01:56:21,71.45,3,0,0,,74.80,9,68.55,8,71.00,9
2026-09-03 01:56:38,73.97,3,0,0,,80.00,9,66.75,8,75.15,9
2026-09-03 01:56:52,72.42,3,0,0,,73.80,9,72.30,9,71.15,9
2026-09-03 01:57:05,72.52,3,0,0,,71.90,9,70.20,9,75.45,9
2026-09-03 01:57:19,75.33,3,0,0,,74.65,9,74.90,9,76.45,9
2026-09-03 01:57:32,73.93,3,0,0,,75.75,9,74.85,9,71.20,9
2026-09-03 01:57:46,72.77,3,0,0,,71.85,9,71.25,9,75.20,9
2026-09-03 01:58:00,74.37,3,0,0,,71.90,9,76.65,9,74.55,9
2026-09-03 01:58:13,76.33,3,0,0,,74.05,9,79.85,9,75.10,9
2026-09-03 01:58:30,77.70,3,0,0,,80.55,9,77.40,9,75.15,9
2026-09-03 01:58:44,72.58,3,0,0,,76.75,9,68.60,8,72.40,9
2026-09-03 01:58:57,74.32,3,0,0,,77.35,9,66.05,8,79.55,9
2026-09-03 01:59:10,74.03,3,0,0,,77.95,9,73.25,8,70.90,9
2026-09-03 01:59:24,71.60,3,0,0,,75.75,9,68.65,8,70.40,9
2026-09-03 01:59:38,69.52,3,0,0,,73.60,9,63.50,8,71.45,9
2026-09-03 01:59:52,72.73,3,0,0,,80.20,9,67.35,8,70.65,8
2026-09-03 02:00:05,73.18,3,0,0,,77.60,9,73.35,8,68.60,8
2026-09-03 02:00:18,69.92,3,0,0,,80.45,9,64.65,8,64.65,8
2026-09-03 02:00:32,68.23,3,0,0,,71.75,9,68.65,8,64.30,8
2026-09-03 02:00:46,71.62,3,0,0,,77.40,9,67.15,8,70.30,8
2026-09-03 02:00:59,71.67,3,0,0,,73.10,8,73.35,8,68.55,8
2026-09-03 02:01:12,66.95,3,0,0,,71.60,8,64.55,8,64.70,8
2026-09-03 02:01:25,66.18,3,0,0,,69.10,8,64.75,8,64.70,8
2026-09-03 02:01:39,67.07,3,0,0,,66.80,8,66.40,8,68.00,8
2026-09-03 02:01:53,71.85,3,0,0,,73.65,8,73.35,8,68.55,8
2026-09-03 02:02:06,65.12,3,0,0,,73.10,8,57.45,7,64.80,8
2026-09-03 02:02:20,67.62,3,0,0,,69.15,8,63.30,7,70.40,8
2026-09-03 02:02:33,65.02,3,0,0,,66.90,8,60.40,7,67.75,8
2026-09-03 02:02:46,69.10,3,0,0,,73.80,8,64.95,7,68.55,8
2026-09-03 02:03:00,63.88,3,0,0,,69.10,8,57.90,7,64.65,8
2026-09-03 02:03:13,67.00,3,0,0,,73.80,8,65.75,7,61.45,7
2026-09-03 02:03:26,65.00,3,0,0,,64.50,8,66.90,7,63.60,7
2026-09-03 02:03:39,65.62,3,0,0,,68.25,8,61.85,7,66.75,7
2026-09-03 02:03:52,63.43,3,0,0,,73.90,8,58.40,7,58.00,7
2026-09-03 02:04:05,68.02,3,0,0,,74.00,8,66.00,7,64.05,7
2026-09-03 02:04:19,62.98,3,0,0,,69.10,8,57.75,7,62.10,7
2026-09-03 02:04:33,59.38,3,0,0,,59.10,7,57.10,7,61.95,7
2026-09-03 02:04:46,62.18,3,0,0,,66.75,7,60.20,7,59.60,7
2026-09-03 02:04:59,61.95,3,0,0,,57.35,7,61.85,7,66.65,7
2026-09-03 02:05:12,59.43,3,0,0,,62.45,7,57.90,7,57.95,7
2026-09-03 02:05:26,60.95,3,0,0,,60.75,7,63.70,7,58.40,7
2026-09-03 02:05:39,61.07,3,0,0,,67.25,7,54.60,6,61.35,7
2026-09-03 02:05:53,58.52,3,0,0,,58.40,7,55.20,6,61.95,7
2026-09-03 02:06:06,56.08,3,0,0,,58.50,7,51.55,6,58.20,7
2026-09-03 02:06:19,62.05,3,0,0,,60.80,7,59.45,6,65.90,7
2026-09-03 02:06:32,63.58,3,0,0,,67.20,7,59.95,6,63.60,7
2026-09-03 02:06:46,54.88,3,0,0,,58.45,7,50.95,6,55.25,6
2026-09-03 02:06:59,57.55,3,0,0,,64.60,7,56.55,6,51.50,6
2026-09-03 02:07:12,58.90,3,0,0,,61.95,7,55.20,6,59.55,6
2026-09-03 02:07:25,56.72,3,0,0,,62.40,7,52.30,6,55.45,6
2026-09-03 02:07:39,53.75,3,0,0,,58.60,7,51.75,6,50.90,6
2026-09-03 02:07:52,58.50,3,0,0,,59.25,7,59.70,6,56.55,6
2026-09-03 02:08:05,55.50,3,0,0,,60.35,6,50.90,6,55.25,6
2026-09-03 02:08:18,54.52,3,0,0,,55.50,6,56.50,6,51.55,6
2026-09-03 02:08:31,54.32,3,0,0,,51.90,6,59.70,6,51.35,6
2026-09-03 02:08:44,58.10,3,0,0,,59.80,6,55.20,6,59.30,6
2026-09-03 02:08:58,51.28,3,0,0,,51.20,6,51.70,6,50.95,6
2026-09-03 02:09:11,53.48,3,0,0,,51.60,6,52.45,5,56.40,6
2026-09-03 02:09:24,51.17,3,0,0,,54.85,6,43.40,5,55.25,6
2026-09-03 02:09:37,51.67,3,0,0,,55.50,6,44.25,5,55.25,6
2026-09-03 02:09:50,51.77,3,0,0,,52.35,6,50.60,5,52.35,6
2026-09-03 02:10:04,54.55,3,0,0,,60.40,6,43.35,5,59.90,6
2026-09-03 02:10:17,50.57,3,0,0,,59.95,6,47.60,5,44.15,5
2026-09-03 02:10:30,49.88,3,0,0,,51.45,6,53.45,5,44.75,5
2026-09-03 02:10:43,51.97,3,0,0,,57.15,6,48.50,5,50.25,5
2026-09-03 02:10:56,50.05,3,0,0,,55.50,6,46.05,5,48.60,5
2026-09-03 02:11:10,49.12,3,0,0,,50.85,6,48.50,5,48.00,5
2026-09-03 02:11:23,46.08,3,0,0,,45.00,6,44.65,5,48.60,5
2026-09-03 02:11:36,49.03,3,0,0,,52.75,5,45.75,5,48.60,5
2026-09-03 02:11:49,48.30,3,0,0,,44.50,5,53.40,5,47.00,5
2026-09-03 02:12:02,49.37,3,0,0,,50.15,5,44.55,5,53.40,5
2026-09-03 02:12:16,49.42,3,0,0,,50.80,5,52.60,5,44.85,5
2026-09-03 02:12:29,48.73,3,0,0,,48.95,5,44.35,5,52.90,5
2026-09-03 02:12:42,46.07,3,0,0,,47.15,5,37.70,4,53.35,5
2026-09-03 02:12:55,47.42,3,0,0,,53.60,5,44.00,4,44.65,5
2026-09-03 02:13:08,44.73,3,0,0,,44.95,5,36.65,4,52.60,5
2026-09-03 02:13:21,43.48,3,0,0,,45.30,5,41.15,4,44.00,5
2026-09-03 02:13:35,48.28,3,0,0,,53.30,5,46.25,4,45.30,5
2026-09-03 02:13:48,41.42,3,0,0,,44.75,5,37.35,4,42.15,4
2026-09-03 02:14:01,45.65,3,0,0,,51.35,5,43.65,4,41.95,4
2026-09-03 02:14:13,44.90,3,0,0,,53.20,5,41.75,4,39.75,4
2026-09-03 02:14:26,45.20,3,0,0,,48.85,5,40.00,4,46.75,4
2026-09-03 02:14:39,44.13,3,0,0,,47.20,5,43.25,4,41.95,4
2026-09-03 02:14:52,42.68,3,0,0,,46.45,5,41.75,4,39.85,4
2026-09-03 02:15:05,41.15,3,0,0,,37.80,4,39.05,4,46.60,4
2026-09-03 02:15:18,40.77,3,0,0,,37.95,4,46.40,4,37.95,4
2026-09-03 02:15:31,44.60,3,0,0,,46.05,4,41.90,4,45.85,4
2026-09-03 02:15:44,41.02,3,0,0,,37.50,4,39.00,4,46.55,4
2026-09-03 02:15:57,42.63,3,0,0,,43.50,4,46.40,4,38.00,4
2026-09-03 02:16:10,39.50,3,0,0,,42.00,4,30.65,3,45.85,4
2026-09-03 02:16:23,37.15,3,0,0,,37.60,4,36.90,3,36.95,4
2026-09-03 02:16:36,41.18,3,0,0,,43.60,4,39.60,3,40.35,4
2026-09-03 02:16:51,39.52,3,0,0,,37.95,4,33.75,3,46.85,4
2026-09-03 02:17:04,39.42,3,0,0,,44.80,4,34.90,3,38.55,4
2026-09-03 02:17:17,39.43,3,0,0,,46.30,4,32.75,3,39.25,3
2026-09-03 02:17:30,34.47,3,0,0,,37.70,4,34.80,3,30.90,3
2026-09-03 02:17:43,35.82,3,0,0,,44.05,4,30.55,3,32.85,3
2026-09-03 02:17:56,37.92,3,0,0,,36.90,4,36.75,3,40.10,3
2026-09-03 02:18:09,35.85,3,0,0,,40.85,4,34.95,3,31.75,3
2026-09-03 02:18:22,36.13,3,0,0,,34.75,4,33.95,3,39.70,3
2026-09-03 02:18:35,35.27,3,0,0,,35.00,3,39.50,3,31.30,3
2026-09-03 02:18:48,32.13,3,0,0,,32.75,3,30.65,3,33.00,3
2026-09-03 02:19:01,38.82,3,0,0,,39.75,3,36.65,3,40.05,3
2026-09-03 02:19:14,30.85,3,0,0,,30.90,3,29.75,3,31.90,3
2026-09-03 02:19:27,37.63,3,0,0,,36.55,3,36.30,3,40.05,3
2026-09-03 02:19:40,34.30,3,0,0,,35.00,3,32.50,2,35.40,3
2026-09-03 02:19:53,30.55,3,0,0,,33.25,3,24.15,2,34.25,3
2026-09-03 02:20:06,35.80,3,0,0,,39.80,3,32.30,2,35.30,3
2026-09-03 02:20:19,29.47,3,0,0,,30.60,3,24.10,2,33.70,3
2026-09-03 02:20:33,35.55,3,0,0,,38.90,3,32.45,2,35.30,3
2026-09-03 02:20:46,27.70,3,0,0,,30.30,3,28.25,2,24.55,2
2026-09-03 02:20:59,31.50,3,0,0,,36.40,3,27.40,2,30.70,2
2026-09-03 02:21:11,28.87,3,0,0,,35.00,3,28.15,2,23.45,2
2026-09-03 02:21:24,28.87,3,0,0,,30.95,3,26.20,2,29.45,2
2026-09-03 02:21:37,32.85,3,0,0,,37.10,3,32.85,2,28.60,2
2026-09-03 02:21:51,25.38,3,0,0,,24.40,3,24.70,2,27.05,2
2026-09-03 02:22:05,30.60,3,0,0,,30.25,2,32.90,2,28.65,2
2026-09-03 02:22:17,26.62,3,0,0,,28.50,2,24.45,2,26.90,2
2026-09-03 02:22:30,28.95,3,0,0,,25.55,2,32.65,2,28.65,2
2026-09-03 02:22:43,28.80,3,0,0,,33.05,2,28.25,2,25.10,2
2026-09-03 02:22:56,28.47,3,0,0,,24.45,2,28.30,2,32.65,2
2026-09-03 02:23:09,26.13,3,0,0,,32.65,2,21.50,1,24.25,2
2026-09-03 02:23:22,26.02,3,0,0,,28.40,2,19.05,1,30.60,2
2026-09-03 02:23:34,27.33,3,0,0,,27.00,2,26.35,1,28.65,2
2026-09-03 02:23:47,24.02,3,0,0,,28.40,2,17.60,1,26.05,2
2026-09-03 02:24:00,28.52,3,0,0,,26.20,2,25.95,1,33.40,2
2026-09-03 02:24:13,22.80,3,0,0,,33.20,2,17.55,1,17.65,1
2026-09-03 02:24:26,25.35,3,0,0,,24.30,2,25.85,1,25.90,1
2026-09-03 02:24:39,21.83,3,0,0,,30.30,2,17.55,1,17.65,1
2026-09-03 02:24:52,23.52,3,0,0,,23.30,2,23.55,1,23.70,1
2026-09-03 02:25:05,20.38,3,0,0,,27.80,2,16.45,1,16.90,1
2026-09-03 02:25:18,25.33,3,0,0,,28.55,2,23.65,1,23.80,1
2026-09-03 02:25:30,16.92,3,0,0,,17.70,1,16.45,1,16.60,1
2026-09-03 02:25:43,22.80,3,0,0,,25.70,1,19.85,1,22.85,1
2026-09-03 02:25:56,20.27,3,0,0,,17.60,1,21.55,1,21.65,1
2026-09-03 02:26:08,20.53,3,0,0,,23.80,1,18.80,1,19.00,1
2026-09-03 02:26:27,22.17,3,0,0,,21.70,1,21.55,1,23.25,1
2026-09-03 02:26:39,18.03,2,1,0,,17.40,1,14.95,0,21.75,1
2026-09-03 02:26:52,20.50,2,1,0,,23.75,1,18.35,0,19.40,1
2026-09-03 02:27:05,19.75,2,1,0,,21.80,1,10.95,0,26.50,1
2026-09-03 02:27:18,18.58,2,1,0,,21.95,1,14.85,0,18.95,1
2026-09-03 02:27:30,21.63,2,1,0,,21.70,1,16.70,0,26.50,1
2026-09-03 02:27:44,13.92,1,2,0,,19.30,1,10.90,0,11.55,0
2026-09-03 02:27:56,17.13,1,2,0,,21.70,1,14.85,0,14.85,0
2026-09-03 02:28:09,17.40,1,2,0,,18.65,1,16.45,0,17.10,0
2026-09-03 02:28:22,15.93,1,2,0,,26.00,1,10.90,0,10.90,0
2026-09-03 02:28:34,17.35,1,2,0,,17.65,1,19.55,0,14.85,0
2026-09-03 02:28:47,18.20,1,2,0,,24.95,1,13.45,0,16.20,0
2026-09-03 02:29:00,13.52,0,3,0,,15.15,0,14.90,0,10.50,0
2026-09-03 02:29:13,18.85,0,3,0,,18.95,0,18.35,0,19.25,0
2026-09-03 02:29:25,11.53,0,3,0,,11.15,0,11.05,0,12.40,0
2026-09-03 02:29:38,14.97,0,3,0,,15.05,0,14.90,0,14.95,0
2026-09-03 02:29:50,14.87,0,3,0,,13.90,0,13.75,0,16.95,0
2026-09-03 02:30:03,12.02,0,3,0,,15.15,0,10.00,0,10.90,0
2026-09-03 02:30:16,19.35,0,3,0,,19.00,0,19.30,0,19.75,0
2026-09-03 02:30:29,12.82,0,3,0,,11.10,0,12.75,0,14.60,0
2026-09-03 02:30:41,15.03,1,2,0,,20.20,1,14.85,0,10.05,0
2026-09-03 02:30:54,19.25,1,2,0,,21.65,1,16.95,0,19.15,0
2026-09-03 02:31:07,14.50,1,2,0,,19.95,1,10.95,0,12.60,0
2026-09-03 02:31:20,14.72,1,2,0,,18.00,1,14.85,0,11.30,0
2026-09-03 02:31:33,18.15,1,2,0,,18.10,1,17.00,0,19.35,0
2026-09-03 02:31:46,16.18,1,2,0,,23.95,1,11.00,0,13.60,0
2026-09-03 02:31:59,19.47,2,1,0,,21.95,1,14.90,0,21.55,1
2026-09-03 02:32:12,18.72,2,1,0,,17.95,1,16.65,0,21.55,1
2026-09-03 02:32:25,16.23,2,1,0,,18.10,1,11.15,0,19.45,1
2026-09-03 02:32:38,16.83,2,1,0,,17.95,1,14.85,0,17.70,1
2026-09-03 02:32:51,22.02,2,1,0,,26.20,1,18.75,0,21.10,1
2026-09-03 02:33:04,18.45,2,1,0,,17.90,1,11.20,0,26.25,1
2026-09-03 02:33:17,19.23,3,0,0,,24.05,1,16.20,1,17.45,1
2026-09-03 02:33:30,20.00,3,0,0,,21.90,1,16.65,1,21.45,1
2026-09-03 02:33:43,19.22,3,0,0,,21.00,1,17.15,1,19.50,1
2026-09-03 02:33:56,24.78,3,0,0,,21.95,1,26.55,1,25.85,1
2026-09-03 02:34:09,18.63,3,0,0,,20.60,1,17.70,1,17.60,1
2026-09-03 02:34:22,22.95,3,0,0,,21.90,1,21.10,1,25.85,1
2026-09-03 02:34:35,22.75,3,0,0,,24.15,2,26.50,1,17.60,1
2026-09-03 02:34:48,25.07,3,0,0,,31.75,2,17.65,1,25.80,1
2026-09-03 02:35:01,23.70,3,0,0,,32.30,2,21.70,1,17.10,1
2026-09-03 02:35:14,23.38,3,0,0,,27.45,2,17.15,1,25.55,1
2026-09-03 02:35:26,24.60,3,0,0,,32.50,2,23.85,1,17.45,1
2026-09-03 02:35:40,25.48,3,0,0,,33.25,2,17.55,1,25.65,1
2026-09-03 02:35:53,24.45,3,0,0,,24.10,2,23.70,1,25.55,2
2026-09-03 02:36:06,22.97,3,0,0,,27.85,2,17.45,1,23.60,2
2026-09-03 02:36:19,25.35,3,0,0,,26.75,2,25.60,1,23.70,2
2026-09-03 02:36:33,24.98,3,0,0,,28.40,2,17.70,1,28.85,2
2026-09-03 02:36:46,26.45,3,0,0,,28.60,2,26.20,1,24.55,2
2026-09-03 02:36:59,23.38,3,0,0,,26.90,2,17.05,2,26.20,2
2026-09-03 02:37:12,28.80,3,0,0,,28.55,2,25.25,2,32.60,2
2026-09-03 02:37:25,28.92,3,0,0,,25.80,2,32.40,2,28.55,2
2026-09-03 02:37:38,30.62,3,0,0,,32.80,2,30.50,2,28.55,2
2026-09-03 02:37:51,29.18,3,0,0,,24.55,2,30.15,2,32.85,2
2026-09-03 02:38:04,31.30,3,0,0,,32.65,2,32.75,2,28.50,2
2026-09-03 02:38:18,27.72,3,0,0,,28.95,3,28.45,2,25.75,2
2026-09-03 02:38:31,32.03,3,0,0,,37.60,3,25.15,2,33.35,2
2026-09-03 02:38:44,29.45,3,0,0,,32.90,3,29.85,2,25.60,2
2026-09-03 02:38:57,29.80,3,0,0,,31.60,3,24.80,2,33.00,2
2026-09-03 02:39:10,29.43,3,0,0,,31.55,3,32.55,2,24.20,2
2026-09-03 02:39:23,30.42,3,0,0,,34.80,3,24.40,2,32.05,2
2026-09-03 02:39:36,35.88,3,0,0,,39.80,3,32.55,2,35.30,3
2026-09-03 02:39:49,31.73,3,0,0,,35.55,3,24.35,2,35.30,3
2026-09-03 02:40:03,31.88,3,0,0,,35.70,3,27.80,2,32.15,3
2026-09-03 02:40:16,33.23,3,0,0,,35.55,3,28.55,2,35.60,3
2026-09-03 02:40:29,31.75,3,0,0,,35.55,3,28.20,2,31.50,3
2026-09-03 02:40:42,32.15,3,0,0,,31.20,3,28.45,2,36.80,3
2026-09-03 02:40:55,33.03,3,0,0,,37.25,3,26.35,3,35.50,3
2026-09-03 02:41:08,36.35,3,0,0,,35.75,3,37.75,3,35.55,3
2026-09-03 02:41:22,36.03,3,0,0,,35.50,3,37.05,3,35.55,3
2026-09-03 02:41:35,33.63,3,0,0,,35.60,3,33.75,3,31.55,3
2026-09-03 02:41:48,36.55,3,0,0,,31.60,3,38.30,3,39.75,3
2026-09-03 02:42:02,38.32,3,0,0,,39.90,3,39.45,3,35.60,3
2026-09-03 02:42:15,35.78,3,0,0,,41.95,4,30.45,3,34.95,3
2026-09-03 02:42:28,36.78,3,0,0,,40.70,4,34.10,3,35.55,3
2026-09-03 02:42:42,36.17,3,0,0,,38.35,4,33.15,3,37.00,3
2026-09-03 02:42:55,38.30,3,0,0,,42.30,4,37.05,3,35.55,3
2026-09-03 02:43:08,35.35,3,0,0,,38.30,4,36.20,3,31.55,3
2026-09-03 02:43:21,36.57,3,0,0,,41.40,4,31.45,3,36.85,4
2026-09-03 02:43:34,40.80,3,0,0,,46.20,4,39.60,3,36.60,4
2026-09-03 02:43:48,38.67,3,0,0,,46.35,4,31.15,3,38.50,4
2026-09-03 02:44:01,40.55,3,0,0,,41.90,4,37.15,3,42.60,4
2026-09-03 02:44:14,41.37,3,0,0,,42.30,4,35.15,3,46.65,4
2026-09-03 02:44:27,39.17,3,0,0,,38.75,4,36.20,3,42.55,4
2026-09-03 02:44:40,41.82,3,0,0,,44.55,4,41.15,4,39.75,4
2026-09-03 02:44:53,42.57,3,0,0,,42.30,4,38.95,4,46.45,4
2026-09-03 02:45:07,40.25,3,0,0,,39.05,4,37.05,4,44.65,4
2026-09-03 02:45:20,44.50,3,0,0,,46.80,4,46.75,4,39.95,4
2026-09-03 02:45:33,42.52,3,0,0,,38.35,4,41.90,4,47.30,4
2026-09-03 02:45:46,38.80,3,0,0,,39.60,4,37.95,4,38.85,4
2026-09-03 02:46:00,44.82,3,0,0,,43.35,5,44.00,4,47.10,4
2026-09-03 02:46:13,43.48,3,0,0,,43.95,5,44.05,4,42.45,4
2026-09-03 02:46:26,44.05,3,0,0,,45.10,5,45.85,4,41.20,4
2026-09-03 02:46:40,45.28,3,0,0,,49.40,5,43.90,4,42.55,4
2026-09-03 02:46:53,45.67,3,0,0,,53.90,5,42.15,4,40.95,4
2026-09-03 02:47:06,44.50,3,0,0,,49.25,5,38.10,4,46.15,5
2026-09-03 02:47:19,44.73,3,0,0,,46.50,5,44.05,4,43.65,5
2026-09-03 02:47:32,46.42,3,0,0,,53.10,5,42.00,4,44.15,5
2026-09-03 02:47:46,45.73,3,0,0,,48.85,5,43.15,4,45.20,5
2026-09-03 02:47:59,45.72,3,0,0,,45.95,5,41.95,4,49.25,5
2026-09-03 02:48:12,48.50,3,0,0,,53.55,5,37.80,4,54.15,5
2026-09-03 02:48:26,43.55,3,0,0,,45.10,5,40.95,5,44.60,5
2026-09-03 02:48:39,47.03,3,0,0,,51.40,5,42.15,5,47.55,5
2026-09-03 02:48:52,50.40,3,0,0,,53.40,5,44.00,5,53.80,5
2026-09-03 02:49:06,48.97,3,0,0,,45.05,5,48.65,5,53.20,5
2026-09-03 02:49:20,51.48,3,0,0,,53.35,5,52.50,5,48.60,5
2026-09-03 02:49:33,47.67,3,0,0,,45.05,5,48.65,5,49.30,5
2026-09-03 02:49:46,46.37,3,0,0,,47.10,6,45.00,5,47.00,5
2026-09-03 02:50:00,54.32,3,0,0,,58.15,6,50.75,5,54.05,5
2026-09-03 02:50:13,51.38,3,0,0,,54.65,6,50.25,5,49.25,5
2026-09-03 02:50:26,48.33,3,0,0,,52.25,6,45.70,5,47.05,5
2026-09-03 02:50:39,53.43,3,0,0,,53.25,6,53.00,5,54.05,5
2026-09-03 02:50:53,47.62,3,0,0,,52.30,6,44.65,5,45.90,5
2026-09-03 02:51:07,52.08,3,0,0,,56.30,6,52.65,5,47.30,6
2026-09-03 02:51:20,57.42,3,0,0,,60.55,6,53.00,5,58.70,6
2026-09-03 02:51:33,53.52,3,0,0,,60.50,6,44.65,5,55.40,6
2026-09-03 02:51:47,54.20,3,0,0,,56.00,6,53.10,5,53.50,6
2026-09-03 02:52:00,51.95,3,0,0,,55.80,6,44.60,5,55.45,6
2026-09-03 02:52:13,52.05,3,0,0,,52.30,6,47.00,6,56.85,6
2026-09-03 02:52:27,55.05,3,0,0,,60.25,6,47.05,6,57.85,6
2026-09-03 02:52:40,53.77,3,0,0,,51.60,6,53.80,6,55.90,6
2026-09-03 02:52:53,55.97,3,0,0,,51.95,6,55.20,6,60.75,6
2026-09-03 02:53:06,59.30,3,0,0,,57.30,6,59.85,6,60.75,6
2026-09-03 02:53:21,55.80,3,0,0,,55.95,6,55.50,6,55.95,6
2026-09-03 02:53:34,55.75,3,0,0,,54.00,7,59.80,6,53.45,6
2026-09-03 02:53:48,57.27,3,0,0,,60.40,7,50.60,6,60.80,6
2026-09-03 02:54:01,55.92,3,0,0,,62.25,7,53.50,6,52.00,6
2026-09-03 02:54:14,55.85,3,0,0,,58.70,7,51.50,6,57.35,6
2026-09-03 02:54:28,59.70,3,0,0,,58.75,7,60.05,6,60.30,6
2026-09-03 02:54:42,55.85,3,0,0,,64.15,7,51.40,6,52.00,6
2026-09-03 02:54:55,59.50,3,0,0,,60.60,7,59.55,6,58.35,7
2026-09-03 02:55:08,57.87,3,0,0,,61.15,7,51.25,6,61.20,7
2026-09-03 02:55:22,59.22,3,0,0,,64.15,7,51.20,6,62.30,7
2026-09-03 02:55:35,60.65,3,0,0,,64.90,7,58.35,6,58.70,7
2026-09-03 02:55:49,57.37,3,0,0,,62.85,7,50.15,6,59.10,7
2026-09-03 02:56:02,60.17,3,0,0,,62.80,7,52.95,7,64.75,7
2026-09-03 02:56:16,61.38,3,0,0,,59.05,7,58.20,7,66.90,7
2026-09-03 02:56:29,66.12,3,0,0,,67.10,7,64.40,7,66.85,7
2026-09-03 02:56:43,61.92,3,0,0,,58.70,7,60.80,7,66.25,7
2026-09-03 02:56:56,62.37,3,0,0,,60.75,7,58.80,7,67.55,7
2026-09-03 02:57:09,61.35,3,0,0,,61.35,7,63.90,7,58.80,7
2026-09-03 02:57:23,61.65,3,0,0,,66.10,8,59.95,7,58.90,7
2026-09-03 02:57:36,64.33,3,0,0,,65.05,8,63.95,7,64.00,7
2026-09-03 02:57:49,63.37,3,0,0,,65.55,8,61.80,7,62.75,7
2026-09-03 02:58:03,67.25,3,0,0,,74.45,8,66.40,7,60.90,7
2026-09-03 02:58:16,65.93,3,0,0,,68.55,8,61.85,7,67.40,7
2026-09-03 02:58:31,66.32,3,0,0,,73.95,8,57.45,7,67.55,8
2026-09-03 02:58:44,64.97,3,0,0,,64.40,8,61.35,7,69.15,8
2026-09-03 02:58:58,65.77,3,0,0,,65.60,8,61.95,7,69.75,8
2026-09-03 02:59:13,66.93,3,0,0,,69.50,8,63.05,7,68.25,8
2026-09-03 02:59:26,67.00,3,0,0,,69.50,8,61.65,7,69.85,8
2026-09-03 02:59:40,66.13,3,0,0,,67.00,8,61.85,7,69.55,8
2026-09-03 02:59:53,66.40,3,0,0,,74.25,8,59.45,8,65.50,8
2026-09-03 03:00:07,69.65,3,0,0,,74.15,8,66.30,8,68.50,8
2026-09-03 03:00:21,71.17,3,0,0,,69.50,8,72.95,8,71.05,8
2026-09-03 03:00:34,65.57,3,0,0,,66.80,8,64.90,8,65.00,8
2026-09-03 03:00:48,69.63,3,0,0,,74.00,8,68.85,8,66.05,8
2026-09-03 03:01:02,70.08,3,0,0,,70.80,8,65.50,8,73.95,8
2026-09-03 03:01:15,68.80,3,0,0,,70.10,9,70.85,8,65.45,8
2026-09-03 03:01:29,68.80,3,0,0,,69.60,9,67.10,8,69.70,8
2026-09-03 03:01:43,70.20,3,0,0,,75.15,9,68.20,8,67.25,8
2026-09-03 03:01:56,73.92,3,0,0,,81.00,9,66.45,8,74.30,8
2026-09-03 03:02:10,69.97,3,0,0,,74.25,9,70.10,8,65.55,8
2026-09-03 03:02:23,71.18,3,0,0,,72.20,9,73.30,8,68.05,9
2026-09-03 03:02:37,71.38,3,0,0,,74.00,9,73.40,8,66.75,9
2026-09-03 03:02:50,74.22,3,0,0,,78.60,9,64.70,8,79.35,9
2026-09-03 03:03:04,77.75,3,0,0,,80.90,9,71.75,8,80.60,9
2026-09-03 03:03:18,71.42,3,0,0,,73.60,9,65.20,8,75.45,9
2026-09-03 03:03:32,71.08,3,0,0,,72.25,9,68.85,8,72.15,9
2026-09-03 03:03:45,73.60,3,0,0,,77.70,9,71.10,9,72.00,9
2026-09-03 03:03:59,76.13,3,0,0,,76.25,9,78.00,9,74.15,9
2026-09-03 03:04:12,78.60,3,0,0,,76.25,9,79.35,9,80.20,9
2026-09-03 03:04:25,75.85,3,0,0,,76.40,9,73.45,9,77.70,9
2026-09-03 03:04:39,73.55,3,0,0,,73.75,9,75.50,9,71.40,9
2026-09-03 03:04:52,74.83,3,0,0,,80.70,9,71.05,9,72.75,9
2026-09-03 03:05:06,76.65,3,0,0,,76.30,9,73.25,9,80.40,9
2026-09-03 03:05:20,75.98,3,0,0,,76.20,9,79.50,9,72.25,9
2026-09-03 03:05:34,73.23,3,0,0,,72.35,9,70.80,8,76.55,9
2026-09-03 03:05:47,75.15,3,0,0,,79.60,9,73.50,8,72.35,9
2026-09-03 03:06:00,73.48,3,0,0,,76.25,9,64.75,8,79.45,9
2026-09-03 03:06:13,74.48,3,0,0,,76.25,9,70.85,8,76.35,9
2026-09-03 03:06:27,72.60,3,0,0,,76.30,9,68.85,8,72.65,9
2026-09-03 03:06:40,70.90,3,0,0,,73.75,9,73.55,8,65.40,8
2026-09-03 03:06:54,71.48,3,0,0,,80.90,9,64.85,8,68.70,8
2026-09-03 03:07:07,71.07,3,0,0,,71.15,9,72.60,8,69.45,8
2026-09-03 03:07:20,68.48,3,0,0,,76.25,9,63.65,8,65.55,8
2026-09-03 03:07:34,67.32,3,0,0,,72.25,9,63.75,8,65.95,8
2026-09-03 03:07:48,68.05,3,0,0,,67.95,9,65.30,8,70.90,8
2026-09-03 03:08:01,72.17,3,0,0,,74.15,8,72.85,8,69.50,8
2026-09-03 03:08:15,66.62,3,0,0,,69.45,8,64.35,8,66.05,8
2026-09-03 03:08:28,69.68,3,0,0,,69.35,8,66.20,8,73.50,8
2026-09-03 03:08:42,68.22,3,0,0,,67.35,8,66.20,8,71.10,8
2026-09-03 03:08:55,69.75,3,0,0,,73.90,8,65.85,8,69.50,8
2026-09-03 03:09:08,62.83,3,0,0,,65.30,8,56.70,7,66.50,8
2026-09-03 03:09:22,67.78,3,0,0,,69.50,8,60.05,7,73.80,8
2026-09-03 03:09:35,66.85,3,0,0,,65.75,8,60.40,7,74.40,8
2026-09-03 03:09:48,69.53,3,0,0,,73.25,8,65.85,7,69.50,8
2026-09-03 03:10:02,63.40,3,0,0,,69.35,8,61.80,7,59.05,8
2026-09-03 03:10:15,62.67,3,0,0,,65.45,8,58.35,7,64.20,7
2026-09-03 03:10:29,64.75,3,0,0,,65.30,8,66.20,7,62.75,7
2026-09-03 03:10:42,66.67,3,0,0,,71.25,8,66.00,7,62.75,7
2026-09-03 03:10:56,62.33,3,0,0,,69.35,8,57.65,7,60.00,7
2026-09-03 03:11:09,65.83,3,0,0,,66.55,8,63.60,7,67.35,7
2026-09-03 03:11:22,59.73,3,0,0,,58.80,7,61.85,7,58.55,7
2026-09-03 03:11:35,60.83,3,0,0,,61.75,7,61.90,7,58.85,7
2026-09-03 03:11:49,62.20,3,0,0,,67.50,7,57.85,7,61.25,7
2026-09-03 03:12:02,62.53,3,0,0,,58.80,7,66.05,7,62.75,7
2026-09-03 03:12:16,61.02,3,0,0,,64.65,7,57.85,7,60.55,7
2026-09-03 03:12:30,62.23,3,0,0,,64.85,7,54.80,6,67.05,7
2026-09-03 03:12:43,61.38,3,0,0,,62.70,7,54.60,6,66.85,7
2026-09-03 03:12:56,57.82,3,0,0,,60.45,7,55.20,6,57.80,7
2026-09-03 03:13:09,60.38,3,0,0,,67.30,7,52.30,6,61.55,7
2026-09-03 03:13:22,64.85,3,0,0,,67.20,7,59.80,6,67.55,7
2026-09-03 03:13:35,59.05,3,0,0,,62.70,7,55.35,6,59.10,7
2026-09-03 03:13:48,55.53,3,0,0,,59.80,7,50.85,6,55.95,6
2026-09-03 03:14:01,58.62,3,0,0,,67.05,7,55.05,6,53.75,6
2026-09-03 03:14:15,59.62,3,0,0,,62.95,7,55.20,6,60.70,6
2026-09-03 03:14:27,55.55,3,0,0,,62.70,7,52.00,6,51.95,6
2026-09-03 03:14:41,54.95,3,0,0,,59.75,7,53.10,6,52.00,6
2026-09-03 03:14:54,59.72,3,0,0,,59.80,6,59.75,6,59.60,6
2026-09-03 03:15:07,54.40,3,0,0,,55.90,6,51.20,6,56.10,6
2026-09-03 03:15:20,54.12,3,0,0,,51.50,6,56.95,6,53.90,6
2026-09-03 03:15:33,55.82,3,0,0,,52.15,6,55.30,6,60.00,6
2026-09-03 03:15:47,58.65,3,0,0,,60.20,6,55.25,6,60.50,6
2026-09-03 03:16:00,49.33,3,0,0,,51.45,6,44.65,5,51.90,6
2026-09-03 03:16:13,55.22,3,0,0,,55.30,6,52.70,5,57.65,6
2026-09-03 03:16:26,51.70,3,0,0,,54.65,6,44.50,5,55.95,6
2026-09-03 03:16:40,50.52,3,0,0,,55.75,6,44.90,5,50.90,6
2026-09-03 03:16:52,52.62,3,0,0,,51.90,6,52.50,5,53.45,6
2026-09-03 03:17:07,52.93,3,0,0,,60.25,6,44.60,5,53.95,6
2026-09-03 03:17:20,51.10,3,0,0,,55.95,6,52.10,5,45.25,5
2026-09-03 03:17:33,49.55,3,0,0,,51.35,6,44.00,5,53.30,5
2026-09-03 03:17:46,51.00,3,0,0,,57.15,6,44.60,5,51.25,5
2026-09-03 03:17:59,51.97,3,0,0,,55.80,6,50.70,5,49.40,5
2026-09-03 03:18:13,49.63,3,0,0,,52.30,6,48.70,5,47.90,5
2026-09-03 03:18:26,47.25,3,0,0,,45.20,5,47.35,5,49.20,5
2026-09-03 03:18:39,50.22,3,0,0,,52.75,5,53.20,5,44.70,5
2026-09-03 03:18:53,47.02,3,0,0,,44.70,5,48.70,5,47.65,5
2026-09-03 03:19:06,49.90,3,0,0,,48.60,5,47.00,5,54.10,5
2026-09-03 03:19:20,48.45,3,0,0,,49.30,5,48.70,5,47.35,5
2026-09-03 03:19:33,45.55,3,0,0,,44.25,5,38.40,4,54.00,5
2026-09-03 03:19:46,46.02,3,0,0,,48.45,5,40.40,4,49.20,5
2026-09-03 03:19:59,45.53,3,0,0,,49.20,5,41.90,4,45.50,5
2026-09-03 03:20:12,45.98,3,0,0,,45.35,5,39.00,4,53.60,5
2026-09-03 03:20:25,46.08,3,0,0,,46.40,5,46.65,4,45.20,5
2026-09-03 03:20:38,44.37,3,0,0,,53.65,5,38.10,4,41.35,4
2026-09-03 03:20:51,43.80,3,0,0,,45.20,5,39.80,4,46.40,4
2026-09-03 03:21:04,45.22,3,0,0,,50.80,5,46.75,4,38.10,4
2026-09-03 03:21:17,43.83,3,0,0,,49.25,5,38.25,4,44.00,4
2026-09-03 03:21:30,45.98,3,0,0,,49.20,5,46.25,4,42.50,4
2026-09-03 03:21:43,42.57,3,0,0,,47.05,5,42.00,4,38.65,4
2026-09-03 03:21:56,43.33,3,0,0,,46.55,4,39.05,4,44.40,4
2026-09-03 03:22:10,42.55,3,0,0,,38.35,4,46.75,4,42.55,4
2026-09-03 03:22:23,40.57,3,0,0,,41.75,4,38.05,4,41.90,4
2026-09-03 03:22:36,45.13,3,0,0,,46.70,4,46.25,4,42.45,4
2026-09-03 03:22:50,39.58,3,0,0,,38.35,4,41.95,4,38.45,4
2026-09-03 03:23:03,41.17,3,0,0,,46.50,4,31.50,3,45.50,4
2026-09-03 03:23:16,40.12,3,0,0,,38.10,4,39.70,3,42.55,4
2026-09-03 03:23:29,37.72,3,0,0,,38.40,4,31.20,3,43.55,4
2026-09-03 03:23:42,42.87,3,0,0,,46.50,4,39.55,3,42.55,4
2026-09-03 03:23:55,37.05,3,0,0,,38.20,4,35.00,3,37.95,4
2026-09-03 03:24:08,36.12,3,0,0,,40.55,4,33.70,3,34.10,3
2026-09-03 03:24:21,39.22,3,0,0,,47.15,4,35.00,3,35.50,3
2026-09-03 03:24:33,35.70,3,0,0,,42.30,4,32.30,3,32.50,3
2026-09-03 03:24:46,38.57,3,0,0,,39.05,4,39.00,3,37.65,3
2026-09-03 03:24:59,39.05,3,0,0,,46.60,4,35.00,3,35.55,3
2026-09-03 03:25:12,35.50,3,0,0,,38.00,4,33.85,3,34.65,3
2026-09-03 03:25:25,35.00,3,0,0,,34.50,3,35.00,3,35.50,3
2026-09-03 03:25:38,35.52,3,0,0,,39.80,3,33.20,3,33.55,3
2026-09-03 03:25:51,36.37,3,0,0,,31.45,3,38.20,3,39.45,3
2026-09-03 03:26:04,33.02,3,0,0,,37.35,3,30.40,3,31.30,3
2026-09-03 03:26:17,36.92,3,0,0,,35.65,3,37.05,3,38.05,3
2026-09-03 03:26:34,32.30,3,0,0,,37.55,3,24.40,2,34.95,3
2026-09-03 03:26:47,34.90,3,0,0,,31.50,3,32.80,2,40.40,3
2026-09-03 03:27:00,31.13,3,0,0,,37.55,3,24.35,2,31.50,3
2026-09-03 03:27:13,35.77,3,0,0,,35.65,3,32.25,2,39.40,3
2026-09-03 03:27:26,29.97,3,0,0,,34.55,3,24.25,2,31.10,3
2026-09-03 03:27:40,34.50,3,0,0,,40.25,3,32.80,2,30.45,2
2026-09-03 03:27:53,31.18,3,0,0,,31.65,3,28.55,2,33.35,2
2026-09-03 03:28:06,30.85,3,0,0,,39.45,3,27.55,2,25.55,2
2026-09-03 03:28:19,29.53,3,0,0,,31.50,3,28.50,2,28.60,2
2026-09-03 03:28:32,29.08,3,0,0,,34.05,3,27.50,2,25.70,2
2026-09-03 03:28:46,30.35,3,0,0,,33.85,3,28.60,2,28.60,2
2026-09-03 03:28:59,24.70,3,0,0,,24.65,2,24.85,2,24.60,2
2026-09-03 03:29:12,32.92,3,0,0,,32.70,2,33.20,2,32.85,2
2026-09-03 03:29:25,24.55,3,0,0,,24.35,2,24.70,2,24.60,2
2026-09-03 03:29:37,30.57,3,0,0,,26.60,2,33.05,2,32.05,2
2026-09-03 03:29:51,27.12,3,0,0,,28.55,2,24.20,2,28.60,2
2026-09-03 03:30:04,24.97,3,0,0,,26.05,2,21.05,1,27.80,2
2026-09-03 03:30:17,27.87,3,0,0,,33.35,2,21.70,1,28.55,2
2026-09-03 03:30:29,23.88,3,0,0,,24.70,2,20.35,1,26.60,2
2026-09-03 03:30:42,27.63,3,0,0,,27.85,2,21.70,1,33.35,2
2026-09-03 03:30:55,23.48,3,0,0,,28.55,2,17.75,1,24.15,2
2026-09-03 03:31:08,24.47,3,0,0,,25.80,2,26.15,1,21.45,1
2026-09-03 03:31:21,24.45,3,0,0,,33.45,2,18.15,1,21.75,1
2026-09-03 03:31:34,23.93,3,0,0,,24.30,2,26.40,1,21.10,1
2026-09-03 03:31:47,22.53,3,0,0,,32.30,2,18.70,1,16.60,1
2026-09-03 03:32:00,23.97,3,0,0,,24.30,2,26.25,1,21.35,1
2026-09-03 03:32:13,23.33,3,0,0,,30.45,2,17.80,1,21.75,1
2026-09-03 03:32:26,23.08,3,0,0,,21.90,1,26.15,1,21.20,1
2026-09-03 03:32:39,19.15,3,0,0,,18.10,1,17.75,1,21.60,1
2026-09-03 03:32:52,24.43,3,0,0,,26.45,1,26.20,1,20.65,1
2026-09-03 03:33:05,19.03,3,0,0,,18.00,1,17.45,1,21.65,1
2026-09-03 03:33:17,23.82,3,0,0,,26.30,1,25.65,1,19.50,1
2026-09-03 03:33:30,16.47,2,1,0,,17.85,1,10.00,0,21.55,1
2026-09-03 03:33:43,20.47,2,1,0,,23.20,1,19.15,0,19.05,1
2026-09-03 03:33:56,20.17,2,1,0,,22.05,1,12.00,0,26.45,1
2026-09-03 03:34:09,17.88,2,1,0,,21.05,1,14.90,0,17.70,1
2026-09-03 03:34:21,22.17,2,1,0,,21.90,1,18.75,0,25.85,1
2026-09-03 03:34:35,14.08,2,1,0,,19.05,1,12.20,0,11.00,1
2026-09-03 03:34:47,20.48,1,2,0,,26.75,1,14.95,0,19.75,0
2026-09-03 03:35:00,16.08,1,2,0,,18.05,1,17.00,0,13.20,0
2026-09-03 03:35:12,15.62,1,2,0,,26.10,1,10.95,0,9.80,0
2026-09-03 03:35:25,18.82,1,2,0,,17.80,1,19.70,0,18.95,0
2026-09-03 03:35:38,17.28,1,2,0,,23.00,1,16.15,0,12.70,0
2026-09-03 03:35:51,13.60,0,3,0,,15.10,0,10.75,0,14.95,0
2026-09-03 03:36:03,16.90,0,3,0,,15.40,0,19.10,0,16.20,0
2026-09-03 03:36:15,11.00,0,3,0,,10.75,0,11.40,0,10.85,0
2026-09-03 03:36:28,17.87,0,3,0,,19.30,0,14.85,0,19.45,0
2026-09-03 03:36:40,13.25,0,3,0,,11.15,0,15.85,0,12.75,0
2026-09-03 03:36:53,12.02,0,3,0,,15.10,0,10.90,0,10.05,0
2026-09-03 03:37:06,18.48,0,3,0,,16.55,0,19.65,0,19.25,0
2026-09-03 03:37:19,12.55,0,3,0,,11.10,0,14.05,0,12.50,0
2026-09-03 03:37:33,13.45,0,3,0,,19.75,0,10.40,0,10.20,0
2026-09-03 03:37:46,19.53,1,2,0,,23.60,1,15.20,0,19.80,0
2026-09-03 03:37:59,19.57,1,2,0,,24.25,1,18.05,0,16.40,0
2026-09-03 03:38:12,14.10,1,2,0,,20.05,1,11.30,0,10.95,0
2026-09-03 03:38:25,18.60,1,2,0,,21.25,1,14.85,0,19.70,0
2026-09-03 03:38:38,19.22,1,2,0,,26.40,1,16.95,0,14.30,0
2026-09-03 03:38:51,16.52,2,1,0,,16.75,1,10.90,0,21.90,1
2026-09-03 03:39:04,19.50,2,1,0,,19.50,1,19.65,0,19.35,1
2026-09-03 03:39:18,18.52,2,1,0,,20.15,1,16.70,0,18.70,1
2026-09-03 03:39:31,18.03,2,1,0,,25.35,1,11.20,0,17.55,1
2026-09-03 03:39:44,19.68,2,1,0,,21.85,1,14.90,0,22.30,1
2026-09-03 03:39:57,21.02,2,1,0,,22.75,1,18.80,0,21.50,1
2026-09-03 03:40:10,20.20,3,0,0,,21.80,1,21.75,1,17.05,1
2026-09-03 03:40:23,21.42,3,0,0,,20.75,1,22.90,1,20.60,1
2026-09-03 03:40:36,20.00,3,0,0,,21.80,1,19.95,1,18.25,1
2026-09-03 03:40:49,21.08,3,0,0,,19.45,1,17.85,1,25.95,1
2026-09-03 03:41:02,20.65,3,0,0,,21.75,1,22.85,1,17.35,1
2026-09-03 03:41:15,22.00,3,0,0,,18.90,1,21.50,1,25.60,1
2026-09-03 03:41:28,18.78,3,0,0,,21.35,2,17.55,1,17.45,1
2026-09-03 03:41:41,24.12,3,0,0,,23.45,2,23.10,1,25.80,1
2026-09-03 03:41:55,22.77,3,0,0,,28.45,2,21.05,1,18.80,1
2026-09-03 03:42:09,26.98,3,0,0,,33.20,2,21.50,1,26.25,1
2026-09-03 03:42:22,21.33,3,0,0,,24.40,2,20.50,1,19.10,1
2026-09-03 03:42:35,25.87,3,0,0,,29.65,2,21.60,1,26.35,2
2026-09-03 03:42:48,27.50,3,0,0,,32.45,2,22.75,1,27.30,2
2026-09-03 03:43:02,25.38,3,0,0,,28.45,2,21.50,1,26.20,2
2026-09-03 03:43:15,25.95,3,0,0,,33.20,2,20.70,1,23.95,2
2026-09-03 03:43:28,23.22,3,0,0,,25.10,2,21.50,1,23.05,2
2026-09-03 03:43:41,27.95,3,0,0,,33.25,2,23.45,1,27.15,2
2026-09-03 03:43:54,27.75,3,0,0,,24.25,2,26.40,2,32.60,2
2026-09-03 03:44:07,29.30,3,0,0,,32.35,2,27.45,2,28.10,2
2026-09-03 03:44:21,24.55,3,0,0,,24.10,2,25.45,2,24.10,2
2026-09-03 03:44:34,26.40,3,0,0,,31.20,2,24.30,2,23.70,2
2026-09-03 03:44:47,27.72,3,0,0,,28.45,2,24.65,2,30.05,2
2026-09-03 03:45:00,27.23,3,0,0,,26.55,2,32.10,2,23.05,2
2026-09-03 03:45:13,31.03,3,0,0,,34.30,3,32.90,2,25.90,2
2026-09-03 03:45:26,28.05,3,0,0,,31.95,3,24.10,2,28.10,2
2026-09-03 03:45:39,27.07,3,0,0,,31.40,3,24.20,2,25.60,2
2026-09-03 03:45:53,29.68,3,0,0,,35.05,3,25.90,2,28.10,2
2026-09-03 03:46:06,30.55,3,0,0,,35.05,3,32.50,2,24.10,2
2026-09-03 03:46:19,29.17,3,0,0,,31.10,3,24.25,2,32.15,2
2026-09-03 03:46:32,33.03,3,0,0,,36.60,3,30.45,2,32.05,3
2026-09-03 03:46:45,30.15,3,0,0,,35.05,3,23.85,2,31.55,3
2026-09-03 03:46:59,34.27,3,0,0,,39.50,3,32.30,2,31.00,3
2026-09-03 03:47:12,34.22,3,0,0,,39.45,3,28.25,2,34.95,3
2026-09-03 03:47:25,29.78,3,0,0,,31.05,3,27.35,2,30.95,3
2026-09-03 03:47:38,34.20,3,0,0,,39.25,3,28.30,2,35.05,3
2026-09-03 03:47:52,35.32,3,0,0,,35.25,3,30.85,3,39.85,3
2026-09-03 03:48:05,34.00,3,0,0,,32.60,3,38.40,3,31.00,3
2026-09-03 03:48:18,37.23,3,0,0,,39.90,3,32.10,3,39.70,3
2026-09-03 03:48:31,31.10,3,0,0,,31.20,3,31.10,3,31.00,3
2026-09-03 03:48:44,37.77,3,0,0,,39.50,3,34.60,3,39.20,3
2026-09-03 03:48:57,35.22,3,0,0,,35.05,4,39.85,3,30.75,3
2026-09-03 03:49:10,37.47,3,0,0,,43.30,4,35.35,3,33.75,3
2026-09-03 03:49:24,35.75,3,0,0,,41.10,4,31.20,3,34.95,3
2026-09-03 03:49:37,34.23,3,0,0,,39.10,4,30.60,3,33.00,3
2026-09-03 03:49:50,35.45,3,0,0,,38.10,4,33.30,3,34.95,3
2026-09-03 03:50:03,35.35,3,0,0,,38.15,4,35.15,3,32.75,3
2026-09-03 03:50:17,36.48,3,0,0,,43.70,4,30.90,3,34.85,4
2026-09-03 03:50:30,38.08,3,0,0,,42.15,4,36.65,3,35.45,4
2026-09-03 03:50:44,35.13,3,0,0,,37.90,4,30.40,3,37.10,4
2026-09-03 03:50:57,42.00,3,0,0,,47.00,4,37.30,3,41.70,4
2026-09-03 03:51:10,38.30,3,0,0,,38.05,4,30.40,3,46.45,4
2026-09-03 03:51:24,39.40,3,0,0,,44.25,4,32.35,3,41.60,4
2026-09-03 03:51:37,38.17,3,0,0,,42.20,4,34.25,4,38.05,4
2026-09-03 03:51:50,40.63,3,0,0,,41.40,4,36.30,4,44.20,4
2026-09-03 03:52:03,44.72,3,0,0,,46.05,4,41.85,4,46.25,4
2026-09-03 03:52:17,42.48,3,0,0,,37.85,4,46.45,4,43.15,4
2026-09-03 03:52:30,43.97,3,0,0,,43.75,4,46.40,4,41.75,4
2026-09-03 03:52:43,40.12,3,0,0,,42.10,4,37.25,4,41.00,4
2026-09-03 03:52:57,43.68,3,0,0,,49.25,5,40.20,4,41.60,4
2026-09-03 03:53:10,43.17,3,0,0,,44.55,5,46.40,4,38.55,4
2026-09-03 03:53:23,43.30,3,0,0,,44.80,5,41.35,4,43.75,4
2026-09-03 03:53:36,42.27,3,0,0,,48.85,5,40.60,4,37.35,4
2026-09-03 03:53:50,44.18,3,0,0,,45.25,5,41.85,4,45.45,4
2026-09-03 03:54:03,44.40,3,0,0,,44.85,5,39.90,4,48.45,5
2026-09-03 03:54:16,47.12,3,0,0,,49.20,5,46.65,4,45.50,5
2026-09-03 03:54:30,45.13,3,0,0,,53.70,5,37.15,4,44.55,5
2026-09-03 03:54:43,48.58,3,0,0,,53.20,5,43.90,4,48.65,5
2026-09-03 03:54:56,46.37,3,0,0,,53.70,5,36.75,4,48.65,5
2026-09-03 03:55:09,45.30,3,0,0,,48.80,5,42.10,4,45.00,5
2026-09-03 03:55:23,44.33,3,0,0,,45.60,5,42.80,5,44.60,5
2026-09-03 03:55:36,48.52,3,0,0,,53.15,5,42.30,5,50.10,5
2026-09-03 03:55:49,48.65,3,0,0,,44.80,5,48.45,5,52.70,5
2026-09-03 03:56:02,48.77,3,0,0,,45.05,5,48.45,5,52.80,5
2026-09-03 03:56:15,49.92,3,0,0,,52.80,5,48.45,5,48.50,5
2026-09-03 03:56:29,46.05,3,0,0,,44.40,5,48.45,5,45.30,5
2026-09-03 03:56:43,48.02,3,0,0,,46.40,6,44.50,5,53.15,5
2026-09-03 03:56:56,49.20,3,0,0,,54.10,6,48.95,5,44.55,5
2026-09-03 03:57:10,53.00,3,0,0,,54.65,6,51.40,5,52.95,5
2026-09-03 03:57:23,50.82,3,0,0,,51.65,6,47.50,5,53.30,5
2026-09-03 03:57:36,50.03,3,0,0,,52.75,6,52.80,5,44.55,5
2026-09-03 03:57:49,50.68,3,0,0,,57.60,6,44.35,5,50.10,6
2026-09-03 03:58:02,53.13,3,0,0,,59.80,6,50.60,5,49.00,6
2026-09-03 03:58:16,54.43,3,0,0,,59.75,6,48.55,5,55.00,6
2026-09-03 03:58:29,54.23,3,0,0,,59.55,6,44.40,5,58.75,6
2026-09-03 03:58:42,53.35,3,0,0,,55.00,6,52.35,5,52.70,6
2026-09-03 03:58:56,54.65,3,0,0,,60.20,6,44.00,5,59.75,6
2026-09-03 03:59:10,54.25,3,0,0,,60.25,6,46.85,6,55.65,6
2026-09-03 03:59:23,54.93,3,0,0,,51.15,6,53.20,6,60.45,6
2026-09-03 03:59:37,54.70,3,0,0,,54.75,6,53.75,6,55.60,6
2026-09-03 03:59:51,55.75,3,0,0,,55.50,6,51.55,6,60.20,6
2026-09-03 04:00:05,54.18,3,0,0,,55.65,6,51.25,6,55.65,6
2026-09-03 04:00:20,54.23,3,0,0,,55.55,6,51.50,6,55.65,6
2026-09-03 04:00:33,53.67,3,0,0,,58.00,7,51.30,6,51.70,6
2026-09-03 04:00:47,59.38,3,0,0,,65.10,7,53.50,6,59.55,6
2026-09-03 04:01:00,56.62,3,0,0,,61.70,7,56.80,6,51.35,6
2026-09-03 04:01:13,57.58,3,0,0,,62.55,7,53.70,6,56.50,6
2026-09-03 04:01:27,57.03,3,0,0,,62.30,7,51.40,6,57.40,6
2026-09-03 04:01:40,57.40,3,0,0,,58.35,7,53.60,6,60.25,7
2026-09-03 04:01:54,59.88,3,0,0,,61.70,7,55.35,6,62.60,7
2026-09-03 04:02:08,57.97,3,0,0,,60.75,7,51.70,6,61.45,7
2026-09-03 04:02:21,58.83,3,0,0,,58.35,7,59.95,6,58.20,7
2026-09-03 04:02:34,62.35,3,0,0,,60.55,7,59.95,6,66.55,7
2026-09-03 04:02:48,60.32,3,0,0,,67.10,7,51.50,6,62.35,7
2026-09-03 04:03:01,57.00,3,0,0,,58.30,7,54.00,7,58.70,7
2026-09-03 04:03:15,59.48,3,0,0,,57.95,7,55.90,7,64.60,7
2026-09-03 04:03:28,61.52,3,0,0,,62.00,7,62.30,7,60.25,7
2026-09-03 04:03:41,60.35,3,0,0,,62.20,7,60.60,7,58.25,7
2026-09-03 04:03:54,59.72,3,0,0,,58.75,7,59.25,7,61.15,7
2026-09-03 04:04:08,62.97,3,0,0,,60.10,7,66.60,7,62.20,7
2026-09-03 04:04:22,61.77,3,0,0,,60.60,8,62.30,7,62.40,7
2026-09-03 04:04:35,60.90,3,0,0,,62.10,8,62.35,7,58.25,7
2026-09-03 04:04:48,67.38,3,0,0,,69.10,8,67.05,7,66.00,7
2026-09-03 04:05:01,66.17,3,0,0,,73.50,8,66.35,7,58.65,7
2026-09-03 04:05:15,62.23,3,0,0,,65.70,8,57.95,7,63.05,7
2026-09-03 04:05:28,62.15,3,0,0,,65.25,8,60.65,7,60.55,8
2026-09-03 04:05:41,62.65,3,0,0,,67.35,8,59.95,7,60.65,8
2026-09-03 04:05:55,66.33,3,0,0,,73.25,8,62.25,7,63.50,8
2026-09-03 04:06:08,66.20,3,0,0,,71.05,8,58.45,7,69.10,8
2026-09-03 04:06:22,68.43,3,0,0,,64.80,8,66.60,7,73.90,8
2026-09-03 04:06:36,66.75,3,0,0,,70.20,8,62.40,7,67.65,8
2026-09-03 04:06:49,67.70,3,0,0,,69.10,8,62.75,8,71.25,8
2026-09-03 04:07:02,68.25,3,0,0,,65.25,8,70.45,8,69.05,8
2026-09-03 04:07:16,66.88,3,0,0,,64.80,8,70.75,8,65.10,8
2026-09-03 04:07:29,68.15,3,0,0,,68.00,8,67.30,8,69.15,8
2026-09-03 04:07:43,69.10,3,0,0,,69.10,8,69.10,8,69.10,8
2026-09-03 04:07:56,68.35,3,0,0,,65.15,8,69.10,8,70.80,8
2026-09-03 04:08:09,67.15,3,0,0,,67.40,9,65.00,8,69.05,8
2026-09-03 04:08:23,70.78,3,0,0,,78.10,9,69.20,8,65.05,8
2026-09-03 04:08:36,70.20,3,0,0,,74.70,9,71.05,8,64.85,8
2026-09-03 04:08:49,69.12,3,0,0,,72.55,9,64.50,8,70.30,8
2026-09-03 04:09:03,68.65,3,0,0,,71.95,9,64.95,8,69.05,8
2026-09-03 04:09:18,71.08,3,0,0,,76.00,9,72.10,8,65.15,9
2026-09-03 04:09:31,70.77,3,0,0,,76.00,9,64.70,8,71.60,9
2026-09-03 04:09:44,71.33,3,0,0,,72.25,9,69.15,8,72.60,9
2026-09-03 04:09:58,71.18,3,0,0,,75.30,9,66.40,8,71.85,9
2026-09-03 04:10:11,72.02,3,0,0,,71.80,9,73.50,8,70.75,9
2026-09-03 04:10:26,68.85,3,0,0,,70.75,9,64.95,8,70.85,9
2026-09-03 04:10:39,72.50,3,0,0,,74.45,9,67.25,9,75.80,9
2026-09-03 04:10:53,76.83,3,0,0,,80.75,9,78.15,9,71.60,9
2026-09-03 04:11:06,74.18,3,0,0,,72.00,9,76.90,9,73.65,9
2026-09-03 04:11:20,72.40,3,0,0,,71.15,9,73.65,9,72.40,9
2026-09-03 04:11:33,73.43,3,0,0,,72.75,9,71.65,9,75.90,9
2026-09-03 04:11:47,75.68,3,0,0,,80.15,9,71.00,9,75.90,9
2026-09-03 04:12:00,72.48,3,0,0,,71.65,9,71.50,9,74.30,9
2026-09-03 04:12:15,74.05,3,0,0,,72.05,9,74.25,9,75.85,9
2026-09-03 04:12:29,72.65,3,0,0,,73.15,9,68.90,8,75.90,9
2026-09-03 04:12:43,73.50,3,0,0,,80.20,9,69.00,8,71.30,9
2026-09-03 04:12:56,71.15,3,0,0,,71.55,9,64.85,8,77.05,9
2026-09-03 04:13:09,73.60,3,0,0,,74.55,9,70.45,8,75.80,9
2026-09-03 04:13:23,71.10,3,0,0,,72.40,9,68.95,8,71.95,9
2026-09-03 04:13:37,69.58,3,0,0,,78.05,9,66.00,8,64.70,8
2026-09-03 04:13:50,69.40,3,0,0,,75.90,9,65.00,8,67.30,8
2026-09-03 04:14:03,72.27,3,0,0,,72.40,9,70.55,8,73.85,8
2026-09-03 04:14:16,69.07,3,0,0,,73.15,9,68.95,8,65.10,8
2026-09-03 04:14:30,68.47,3,0,0,,73.70,9,66.45,8,65.25,8
2026-09-03 04:14:44,70.67,3,0,0,,73.40,9,70.95,8,67.65,8
2026-09-03 04:14:57,69.75,3,0,0,,69.20,8,71.00,8,69.05,8
2026-09-03 04:15:10,67.00,3,0,0,,66.90,8,68.95,8,65.15,8
2026-09-03 04:15:23,67.75,3,0,0,,65.35,8,66.60,8,71.30,8
2026-09-03 04:15:37,70.67,3,0,0,,70.65,8,73.50,8,67.85,8
2026-09-03 04:15:51,72.15,3,0,0,,69.10,8,73.45,8,73.90,8
2026-09-03 04:16:04,64.17,3,0,0,,65.15,8,62.30,7,65.05,8
2026-09-03 04:16:17,65.62,3,0,0,,67.65,8,58.35,7,70.85,8
2026-09-03 04:16:30,68.80,3,0,0,,66.95,8,66.40,7,73.05,8
2026-09-03 04:16:44,69.92,3,0,0,,73.65,8,62.40,7,73.70,8
2026-09-03 04:16:57,64.20,3,0,0,,65.10,8,62.40,7,65.10,8
2026-09-03 04:17:10,64.05,3,0,0,,70.55,8,60.35,7,61.25,7
2026-09-03 04:17:24,64.30,3,0,0,,68.30,8,62.30,7,62.30,7
2026-09-03 04:17:37,66.42,3,0,0,,73.65,8,58.60,7,67.00,7
2026-09-03 04:17:51,60.70,3,0,0,,64.90,8,58.85,7,58.35,7
2026-09-03 04:18:04,67.03,3,0,0,,68.55,8,66.20,7,66.35,7
2026-09-03 04:18:17,62.00,3,0,0,,66.35,8,62.40,7,57.25,7
2026-09-03 04:18:31,61.80,3,0,0,,65.80,7,60.85,7,58.75,7
2026-09-03 04:18:44,62.97,3,0,0,,62.25,7,66.75,7,59.90,7
2026-09-03 04:18:57,64.53,3,0,0,,60.10,7,66.70,7,66.80,7
2026-09-03 04:19:10,61.08,3,0,0,,66.90,7,58.20,7,58.15,7
2026-09-03 04:19:23,61.37,3,0,0,,66.85,7,53.75,7,63.50,7
2026-09-03 04:19:36,62.27,3,0,0,,62.25,7,60.15,6,64.40,7
2026-09-03 04:19:50,60.72,3,0,0,,59.75,7,55.40,6,67.00,7
2026-09-03 04:20:03,58.78,3,0,0,,66.70,7,51.40,6,58.25,7
2026-09-03 04:20:16,62.73,3,0,0,,62.40,7,59.55,6,66.25,7
2026-09-03 04:20:30,56.93,3,0,0,,62.35,7,51.05,6,57.40,7
2026-09-03 04:20:43,57.87,3,0,0,,60.55,7,57.35,6,55.70,6
2026-09-03 04:20:56,58.60,3,0,0,,66.80,7,56.95,6,52.05,6
2026-09-03 04:21:09,57.80,3,0,0,,58.05,7,55.35,6,60.00,6
2026-09-03 04:21:22,54.28,3,0,0,,58.20,7,53.15,6,51.50,6
2026-09-03 04:21:36,58.10,3,0,0,,59.90,7,60.15,6,54.25,6
2026-09-03 04:21:49,57.48,3,0,0,,59.75,6,55.65,6,57.05,6
2026-09-03 04:22:02,52.63,3,0,0,,50.95,6,51.35,6,55.60,6
2026-09-03 04:22:15,55.93,3,0,0,,54.95,6,59.30,6,53.55,6
2026-09-03 04:22:29,53.92,3,0,0,,55.05,6,51.15,6,55.55,6
2026-09-03 04:22:43,56.70,3,0,0,,55.55,6,58.95,6,55.60,6
2026-09-03 04:22:56,52.00,3,0,0,,53.40,6,49.90,6,52.70,6
2026-09-03 04:23:09,56.27,3,0,0,,60.20,6,48.45,5,60.15,6
2026-09-03 04:23:22,51.15,3,0,0,,55.65,6,46.25,5,51.55,6
2026-09-03 04:23:35,54.17,3,0,0,,51.45,6,53.30,5,57.75,6
2026-09-03 04:23:48,53.12,3,0,0,,57.50,6,44.20,5,57.65,6
2026-09-03 04:24:02,50.03,3,0,0,,55.55,6,45.95,5,48.60,6
2026-09-03 04:24:15,50.83,3,0,0,,53.00,6,53.25,5,46.25,5
2026-09-03 04:24:28,50.05,3,0,0,,52.40,6,44.50,5,53.25,5
2026-09-03 04:24:41,53.65,3,0,0,,59.85,6,52.45,5,48.65,5
2026-09-03 04:24:54,49.75,3,0,0,,51.10,6,53.15,5,45.00,5
2026-09-03 04:25:08,51.85,3,0,0,,57.70,6,44.55,5,53.30,5
2026-09-03 04:25:21,50.47,3,0,0,,53.65,5,52.75,5,45.00,5
2026-09-03 04:25:35,48.65,3,0,0,,48.85,5,44.15,5,52.95,5
2026-09-03 04:25:47,49.88,3,0,0,,46.55,5,49.95,5,53.15,5
2026-09-03 04:26:00,49.48,3,0,0,,53.45,5,50.50,5,44.50,5
2026-09-03 04:26:13,48.60,3,0,0,,44.80,5,48.60,5,52.40,5
2026-09-03 04:26:26,44.23,3,0,0,,45.15,5,38.95,4,48.60,5
2026-09-03 04:26:41,47.60,3,0,0,,53.40,5,41.80,4,47.60,5
2026-09-03 04:26:54,45.12,3,0,0,,44.80,5,37.95,4,52.60,5
2026-09-03 04:27:07,45.57,3,0,0,,50.90,5,41.55,4,44.25,5
2026-09-03 04:27:19,46.97,3,0,0,,49.00,5,41.85,4,50.05,5
2026-09-03 04:27:33,42.25,3,0,0,,44.40,5,40.75,4,41.60,5
2026-09-03 04:27:46,43.10,3,0,0,,50.25,5,41.85,4,37.20,4
2026-09-03 04:28:00,43.42,3,0,0,,48.85,5,37.50,4,43.90,4
2026-09-03 04:28:13,42.22,3,0,0,,46.55,5,43.40,4,36.70,4
2026-09-03 04:28:26,46.00,3,0,0,,53.15,5,41.95,4,42.90,4
2026-09-03 04:28:39,45.42,3,0,0,,53.65,5,40.90,4,41.70,4
2026-09-03 04:28:52,39.18,3,0,0,,38.10,4,41.85,4,37.60,4
2026-09-03 04:29:05,42.05,3,0,0,,44.95,4,37.40,4,43.80,4
2026-09-03 04:29:19,40.00,3,0,0,,37.00,4,45.70,4,37.30,4
2026-09-03 04:29:32,39.62,3,0,0,,38.15,4,36.95,4,43.75,4
2026-09-03 04:29:46,45.75,3,0,0,,46.65,4,44.15,4,46.45,4
2026-09-03 04:29:59,38.62,3,0,0,,38.15,4,39.90,3,37.80,4
2026-09-03 04:30:12,41.12,3,0,0,,46.20,4,31.15,3,46.00,4
2026-09-03 04:30:25,38.20,3,0,0,,37.75,4,39.25,3,37.60,4
2026-09-03 04:30:38,38.15,3,0,0,,38.15,4,31.05,3,45.25,4
2026-09-03 04:30:51,43.22,3,0,0,,46.25,4,37.20,3,46.20,4
2026-09-03 04:31:04,37.22,3,0,0,,42.20,4,39.55,3,29.90,3
2026-09-03 04:31:17,35.47,3,0,0,,40.80,4,31.15,3,34.45,3
2026-09-03 04:31:30,40.15,3,0,0,,46.40,4,39.10,3,34.95,3
2026-09-03 04:31:43,36.18,3,0,0,,42.25,4,35.25,3,31.05,3
2026-09-03 04:31:56,37.53,3,0,0,,40.30,4,33.35,3,38.95,3
2026-09-03 04:32:09,37.47,3,0,0,,42.10,4,39.45,3,30.85,3
2026-09-03 04:32:22,33.07,3,0,0,,31.05,3,31.10,3,37.05,3
2026-09-03 04:32:35,33.30,3,0,0,,32.75,3,37.30,3,29.85,3
2026-09-03 04:32:49,32.62,3,0,0,,35.05,3,30.70,3,32.10,3
2026-09-03 04:33:01,34.37,3,0,0,,31.50,3,31.95,3,39.65,3
2026-09-03 04:33:15,35.38,3,0,0,,39.50,3,35.15,3,31.50,3
2026-09-03 04:33:28,31.63,3,0,0,,31.10,3,24.25,2,39.55,3
2026-09-03 04:33:41,32.42,3,0,0,,33.80,3,32.45,2,31.00,3
2026-09-03 04:33:53,30.78,3,0,0,,35.05,3,24.15,2,33.15,3
2026-09-03 04:34:06,31.05,3,0,0,,31.40,3,26.80,2,34.95,3
2026-09-03 04:34:19,33.57,3,0,0,,39.70,3,28.30,2,32.70,3
2026-09-03 04:34:32,29.83,3,0,0,,30.80,3,26.15,2,32.55,3
2026-09-03 04:34:45,28.45,3,0,0,,33.05,3,28.20,2,24.10,2
2026-09-03 04:34:58,31.03,3,0,0,,39.95,3,24.35,2,28.80,2
2026-09-03 04:35:11,30.37,3,0,0,,31.30,3,31.65,2,28.15,2
2026-09-03 04:35:24,29.98,3,0,0,,39.40,3,23.75,2,26.80,2
2026-09-03 04:35:38,31.93,3,0,0,,35.15,3,32.40,2,28.25,2
2026-09-03 04:35:51,25.12,3,0,0,,25.55,2,24.15,2,25.65,2
2026-09-03 04:36:03,30.85,3,0,0,,33.10,2,26.55,2,32.90,2
2026-09-03 04:36:16,25.75,3,0,0,,24.45,2,28.25,2,24.55,2
2026-09-03 04:36:29,30.45,3,0,0,,32.70,2,26.00,2,32.65,2
2026-09-03 04:36:43,27.10,3,0,0,,28.40,2,28.25,2,24.65,2
2026-09-03 04:36:55,25.73,3,0,0,,29.25,2,17.70,1,30.25,2
2026-09-03 04:37:09,25.80,3,0,0,,28.40,2,25.50,1,23.50,2
2026-09-03 04:37:21,24.73,3,0,0,,26.80,2,17.50,1,29.90,2
2026-09-03 04:37:34,27.23,3,0,0,,28.40,2,25.15,1,28.15,2
2026-09-03 04:37:47,22.98,3,0,0,,24.30,2,17.40,1,27.25,2
2026-09-03 04:38:00,28.78,3,0,0,,30.60,2,22.95,1,32.80,2
2026-09-03 04:38:13,20.77,3,0,0,,23.25,2,21.55,1,17.50,1
2026-09-03 04:38:25,24.52,3,0,0,,27.80,2,20.35,1,25.40,1
2026-09-03 04:38:38,24.02,3,0,0,,33.10,2,21.50,1,17.45,1
2026-09-03 04:38:52,22.32,3,0,0,,24.45,2,20.00,1,22.50,1
2026-09-03 04:39:05,25.92,3,0,0,,30.45,2,25.80,1,21.50,1
2026-09-03 04:39:18,19.52,3,0,0,,21.75,1,17.50,1,19.30,1
2026-09-03 04:39:31,23.98,3,0,0,,20.10,1,25.55,1,26.30,1
2026-09-03 04:39:44,20.60,3,0,0,,26.45,1,17.50,1,17.85,1
2026-09-03 04:39:56,22.63,3,0,0,,17.85,1,24.65,1,25.40,1
2026-09-03 04:40:09,21.63,3,0,0,,25.95,1,21.50,1,17.45,1
2026-09-03 04:40:22,19.22,3,0,0,,17.80,1,14.30,1,25.55,1
2026-09-03 04:40:35,19.38,2,1,0,,25.85,1,14.95,0,17.35,1
2026-09-03 04:40:47,21.52,2,1,0,,21.85,1,19.10,0,23.60,1
2026-09-03 04:41:00,18.12,2,1,0,,21.20,1,11.65,0,21.50,1
2026-09-03 04:41:13,18.70,2,1,0,,21.75,1,14.85,0,19.50,1
2026-09-03 04:41:26,19.37,2,1,0,,19.65,1,16.95,0,21.50,1
2026-09-03 04:41:38,16.70,1,2,0,,26.35,1,10.90,0,12.85,0
2026-09-03 04:41:52,14.37,1,2,0,,17.85,1,14.85,0,10.40,0
2026-09-03 04:42:04,19.92,1,2,0,,26.20,1,14.55,0,19.00,0
2026-09-03 04:42:17,13.30,1,2,0,,17.75,1,10.75,0,11.40,0
2026-09-03 04:42:29,19.47,1,2,0,,24.15,1,19.35,0,14.90,0
2026-09-03 04:42:43,16.13,1,2,0,,15.30,1,14.00,0,19.10,0
2026-09-03 04:42:56,12.65,0,3,0,,16.65,0,10.30,0,11.00,0
2026-09-03 04:43:08,14.93,0,3,0,,11.00,0,18.95,0,14.85,0
2026-09-03 04:43:21,15.70,0,3,0,,19.50,0,11.40,0,16.20,0
2026-09-03 04:43:33,12.87,0,3,0,,12.85,0,14.90,0,10.85,0
2026-09-03 04:43:46,16.93,0,3,0,,15.05,0,16.30,0,19.45,0
2026-09-03 04:43:58,13.13,0,3,0,,16.60,0,10.80,0,12.00,0
2026-09-03 04:44:11,15.05,0,3,0,,10.95,0,19.30,0,14.90,0
2026-09-03 04:44:24,17.15,0,3,0,,19.75,0,12.85,0,18.85,0
2026-09-03 04:44:37,11.42,1,2,0,,13.05,1,9.95,0,11.25,0
2026-09-03 04:44:50,19.80,1,2,0,,25.15,1,19.35,0,14.90,0
2026-09-03 04:45:03,18.53,1,2,0,,25.75,1,12.85,0,17.00,0
2026-09-03 04:45:15,15.50,1,2,0,,20.60,1,14.95,0,10.95,0
2026-09-03 04:45:28,20.05,1,2,0,,26.35,1,18.95,0,14.85,0
2026-09-03 04:45:41,16.67,1,2,0,,21.85,1,11.75,0,16.40,0
2026-09-03 04:45:54,16.52,2,1,0,,17.85,1,14.90,0,16.80,1
2026-09-03 04:46:07,17.53,2,1,0,,20.90,1,15.10,0,16.60,1
2026-09-03 04:46:20,16.93,2,1,0,,18.35,1,10.90,0,21.55,1
2026-09-03 04:46:33,18.22,2,1,0,,18.30,1,14.85,0,21.50,1
2026-09-03 04:46:46,20.00,2,1,0,,26.00,1,16.35,0,17.65,1
2026-09-03 04:47:01,20.15,3,0,0,,19.95,1,14.30,1,26.20,1
2026-09-03 04:47:15,18.07,3,0,0,,21.80,1,14.95,1,17.45,1
2026-09-03 04:47:28,18.58,3,0,0,,20.55,1,17.35,1,17.85,1
2026-09-03 04:47:41,20.78,3,0,0,,21.85,1,21.55,1,18.95,1
2026-09-03 04:47:54,19.35,3,0,0,,19.90,1,16.65,1,21.50,1
2026-09-03 04:48:08,19.78,3,0,0,,21.80,1,19.50,1,18.05,1
2026-09-03 04:48:21,24.05,3,0,0,,19.85,2,26.05,1,26.25,1
2026-09-03 04:48:34,20.58,3,0,0,,26.95,2,16.90,1,17.90,1
2026-09-03 04:48:47,25.35,3,0,0,,32.15,2,17.55,1,26.35,1
2026-09-03 04:49:00,20.97,3,0,0,,26.90,2,17.40,1,18.60,1
2026-09-03 04:49:13,26.43,3,0,0,,32.15,2,21.20,1,25.95,1
2026-09-03 04:49:26,22.58,3,0,0,,28.45,2,21.60,1,17.70,1
2026-09-03 04:49:39,21.80,3,0,0,,24.50,2,20.60,1,20.30,2
2026-09-03 04:49:52,23.17,3,0,0,,25.40,2,21.50,1,22.60,2
2026-09-03 04:50:05,24.63,3,0,0,,24.75,2,20.70,1,28.45,2
2026-09-03 04:50:18,26.23,3,0,0,,25.30,2,21.45,1,31.95,2
2026-09-03 04:50:30,28.48,3,0,0,,33.15,2,19.05,1,33.25,2
2026-09-03 04:50:43,23.88,3,0,0,,24.60,2,22.70,1,24.35,2
2026-09-03 04:50:56,26.82,3,0,0,,29.30,2,23.85,2,27.30,2
2026-09-03 04:51:10,30.45,3,0,0,,28.55,2,30.45,2,32.35,2
2026-09-03 04:51:23,28.02,3,0,0,,27.70,2,25.95,2,30.40,2
2026-09-03 04:51:36,26.53,3,0,0,,28.45,2,24.25,2,26.90,2
2026-09-03 04:51:49,29.03,3,0,0,,25.20,2,29.40,2,32.50,2
2026-09-03 04:52:05,26.58,3,0,0,,28.55,3,23.90,2,27.30,2
2026-09-03 04:52:17,29.67,3,0,0,,31.75,3,24.25,2,33.00,2
2026-09-03 04:52:31,31.20,3,0,0,,39.05,3,29.95,2,24.60,2
2026-09-03 04:52:44,32.17,3,0,0,,36.80,3,26.80,2,32.90,2
2026-09-03 04:52:57,27.88,3,0,0,,31.05,3,28.15,2,24.45,2
2026-09-03 04:53:10,29.63,3,0,0,,33.65,3,24.55,2,30.70,2
2026-09-03 04:53:23,35.65,3,0,0,,39.35,3,32.40,2,35.20,3
2026-09-03 04:53:36,31.45,3,0,0,,35.20,3,24.15,2,35.00,3
2026-09-03 04:53:49,32.45,3,0,0,,31.60,3,32.30,2,33.45,3
2026-09-03 04:54:02,30.15,3,0,0,,35.10,3,24.15,2,31.20,3
2026-09-03 04:54:15,29.58,3,0,0,,31.15,3,27.40,2,30.20,3
2026-09-03 04:54:29,33.75,3,0,0,,39.50,3,28.35,2,33.40,3
2026-09-03 04:54:41,32.35,3,0,0,,31.10,3,26.35,3,39.60,3
2026-09-03 04:54:55,32.15,3,0,0,,32.95,3,32.90,3,30.60,3
2026-09-03 04:55:08,35.25,3,0,0,,35.10,3,39.60,3,31.05,3
2026-09-03 04:55:21,34.90,3,0,0,,31.80,3,33.00,3,39.90,3
2026-09-03 04:55:34,35.18,3,0,0,,39.75,3,34.55,3,31.25,3
2026-09-03 04:55:47,36.83,3,0,0,,31.15,3,39.70,3,39.65,3
2026-09-03 04:56:01,31.77,3,0,0,,33.20,4,30.85,3,31.25,3
2026-09-03 04:56:14,36.83,3,0,0,,39.95,4,33.30,3,37.25,3
2026-09-03 04:56:27,36.07,3,0,0,,41.75,4,31.30,3,35.15,3
2026-09-03 04:56:40,37.62,3,0,0,,46.00,4,32.35,3,34.50,3
2026-09-03 04:56:53,40.15,3,0,0,,45.75,4,39.65,3,35.05,3
2026-09-03 04:57:08,39.05,3,0,0,,41.75,4,36.75,3,38.65,4
2026-09-03 04:57:22,37.25,3,0,0,,37.80,4,39.40,3,34.55,4
2026-09-03 04:57:35,37.07,3,0,0,,43.60,4,30.90,3,36.70,4
2026-09-03 04:57:48,41.60,3,0,0,,43.70,4,39.35,3,41.75,4
2026-09-03 04:58:01,36.77,3,0,0,,37.75,4,30.90,3,41.65,4
2026-09-03 04:58:15,41.85,3,0,0,,46.05,4,37.70,3,41.80,4
2026-09-03 04:58:28,38.75,3,0,0,,37.60,4,41.00,4,37.65,4
2026-09-03 04:58:41,41.17,3,0,0,,43.70,4,38.75,4,41.05,4
2026-09-03 04:58:54,42.17,3,0,0,,41.85,4,38.20,4,46.45,4
2026-09-03 04:59:07,40.25,3,0,0,,37.70,4,37.45,4,45.60,4
2026-09-03 04:59:20,44.43,3,0,0,,45.65,4,41.60,4,46.05,4
2026-09-03 04:59:34,37.27,3,0,0,,36.65,4,37.45,4,37.70,4
2026-09-03 04:59:47,41.98,3,0,0,,39.85,5,40.50,4,45.60,4
2026-09-03 05:00:00,45.13,3,0,0,,51.65,5,46.25,4,37.50,4
2026-09-03 05:00:13,43.27,3,0,0,,46.95,5,41.45,4,41.40,4
2026-09-03 05:00:27,44.48,3,0,0,,44.70,5,42.35,4,46.40,4
2026-09-03 05:00:40,41.78,3,0,0,,46.15,5,41.50,4,37.70,4
2026-09-03 05:00:53,45.20,3,0,0,,52.30,5,39.40,4,43.90,5
2026-09-03 05:01:06,46.27,3,0,0,,50.00,5,46.30,4,42.50,5
2026-09-03 05:01:19,47.38,3,0,0,,53.05,5,41.50,4,47.60,5
2026-09-03 05:01:32,48.27,3,0,0,,53.15,5,39.00,4,52.65,5
2026-09-03 05:01:45,49.77,3,0,0,,53.20,5,46.25,4,49.85,5
2026-09-03 05:02:00,44.05,3,0,0,,44.50,5,39.20,4,48.45,5
2026-09-03 05:02:13,45.45,3,0,0,,46.20,5,45.75,5,44.40,5
2026-09-03 05:02:26,46.02,3,0,0,,53.10,5,41.20,5,43.75,5
2026-09-03 05:02:39,46.37,3,0,0,,44.40,5,47.95,5,46.75,5
2026-09-03 05:02:53,50.13,3,0,0,,52.70,5,53.15,5,44.55,5
2026-09-03 05:03:06,51.10,3,0,0,,48.40,5,52.60,5,52.30,5
2026-09-03 05:03:19,47.07,3,0,0,,44.35,5,48.45,5,48.40,5
2026-09-03 05:03:32,46.67,3,0,0,,47.50,6,48.30,5,44.20,5
2026-09-03 05:03:45,47.78,3,0,0,,48.55,6,44.35,5,50.45,5
2026-09-03 05:03:59,48.78,3,0,0,,50.10,6,47.75,5,48.50,5
2026-09-03 05:04:12,51.12,3,0,0,,59.65,6,45.85,5,47.85,5
2026-09-03 05:04:25,49.97,3,0,0,,53.45,6,46.40,5,50.05,5
2026-09-03 05:04:39,53.65,3,0,0,,59.30,6,53.15,5,48.50,5
2026-09-03 05:04:52,50.05,3,0,0,,55.05,6,44.40,5,50.70,6
2026-09-03 05:05:05,55.35,3,0,0,,55.25,6,52.65,5,58.15,6
2026-09-03 05:05:18,52.22,3,0,0,,55.15,6,44.25,5,57.25,6
2026-09-03 05:05:32,50.07,3,0,0,,55.05,6,44.35,5,50.80,6
2026-09-03 05:05:45,51.35,3,0,0,,50.20,6,52.55,5,51.30,6
2026-09-03 05:05:58,50.90,3,0,0,,54.10,6,44.15,6,54.45,6
2026-09-03 05:06:11,56.03,3,0,0,,57.45,6,50.70,6,59.95,6
2026-09-03 05:06:25,57.68,3,0,0,,55.05,6,58.15,6,59.85,6
2026-09-03 05:06:38,53.93,3,0,0,,51.35,6,50.95,6,59.50,6
2026-09-03 05:06:51,56.27,3,0,0,,59.40,6,49.90,6,59.50,6
2026-09-03 05:07:05,51.60,3,0,0,,51.15,6,52.40,6,51.25,6
2026-09-03 05:07:18,54.25,3,0,0,,50.25,7,58.85,6,53.65,6
2026-09-03 05:07:31,57.35,3,0,0,,58.15,7,57.10,6,56.80,6
2026-09-03 05:07:45,59.95,3,0,0,,65.35,7,59.20,6,55.30,6
2026-09-03 05:07:58,58.07,3,0,0,,63.90,7,57.30,6,53.00,6
2026-09-03 05:08:11,57.82,3,0,0,,58.60,7,54.90,6,59.95,6
2026-09-03 05:08:25,54.97,3,0,0,,57.80,7,51.70,6,55.40,6
2026-09-03 05:08:38,56.22,3,0,0,,59.80,7,51.35,6,57.50,7
2026-09-03 05:08:52,63.25,3,0,0,,66.00,7,59.45,6,64.30,7
2026-09-03 05:09:05,59.48,3,0,0,,61.95,7,50.95,6,65.55,7
2026-09-03 05:09:19,61.72,3,0,0,,65.85,7,58.95,6,60.35,7
2026-09-03 05:09:32,60.87,3,0,0,,60.80,7,59.70,6,62.10,7
2026-09-03 05:09:46,58.28,3,0,0,,66.65,7,50.05,6,58.15,7
2026-09-03 05:09:59,57.77,3,0,0,,58.00,7,52.15,7,63.15,7
2026-09-03 05:10:12,62.25,3,0,0,,60.60,7,59.70,7,66.45,7
2026-09-03 05:10:26,65.18,3,0,0,,63.10,7,66.10,7,66.35,7
2026-09-03 05:10:39,59.45,3,0,0,,61.90,7,57.95,7,58.50,7
2026-09-03 05:10:52,60.95,3,0,0,,59.40,7,57.60,7,65.85,7
2026-09-03 05:11:06,61.13,3,0,0,,66.20,8,60.20,7,57.00,7
2026-09-03 05:11:19,62.58,3,0,0,,60.70,8,66.25,7,60.80,7
2026-09-03 05:11:33,64.53,3,0,0,,67.60,8,66.40,7,59.60,7
2026-09-03 05:11:46,68.13,3,0,0,,73.80,8,63.95,7,66.65,7
2026-09-03 05:11:59,64.03,3,0,0,,73.05,8,61.10,7,57.95,7
2026-09-03 05:12:14,66.43,3,0,0,,71.20,8,61.80,7,66.30,7
2026-09-03 05:12:27,65.18,3,0,0,,67.65,8,59.50,7,68.40,8
2026-09-03 05:12:41,64.35,3,0,0,,73.40,8,57.90,7,61.75,8
2026-09-03 05:12:54,66.38,3,0,0,,69.25,8,66.10,7,63.80,8
2026-09-03 05:13:07,66.53,3,0,0,,69.20,8,61.75,7,68.65,8
2026-09-03 05:13:21,68.15,3,0,0,,72.20,8,58.90,7,73.35,8
2026-09-03 05:13:35,69.38,3,0,0,,73.55,8,63.75,7,70.85,8
2026-09-03 05:13:48,66.85,3,0,0,,65.10,8,62.25,8,73.20,8
2026-09-03 05:14:01,67.15,3,0,0,,70.60,8,62.20,8,68.65,8
2026-09-03 05:14:15,67.32,3,0,0,,73.35,8,63.95,8,64.65,8
2026-09-03 05:14:28,70.20,3,0,0,,73.40,8,68.45,8,68.75,8
2026-09-03 05:14:42,69.70,3,0,0,,64.85,8,70.80,8,73.45,8
2026-09-03 05:14:55,67.63,3,0,0,,68.30,8,69.95,8,64.65,8
2026-09-03 05:15:09,71.07,3,0,0,,69.30,9,73.10,8,70.80,8
2026-09-03 05:15:22,68.92,3,0,0,,74.50,9,63.55,8,68.70,8
2026-09-03 05:15:35,69.30,3,0,0,,74.75,9,64.40,8,68.75,8
2026-09-03 05:15:49,70.15,3,0,0,,72.65,9,73.00,8,64.80,8
2026-09-03 05:16:03,73.52,3,0,0,,74.40,9,73.25,8,72.90,8
2026-09-03 05:16:17,71.73,3,0,0,,75.30,9,64.45,8,75.45,9
2026-09-03 05:16:31,72.22,3,0,0,,72.00,9,72.50,8,72.15,9
2026-09-03 05:16:44,73.72,3,0,0,,74.25,9,71.45,8,75.45,9
2026-09-03 05:16:57,73.77,3,0,0,,73.45,9,68.40,8,79.45,9
2026-09-03 05:17:11,72.13,3,0,0,,74.70,9,64.50,8,77.20,9
2026-09-03 05:17:25,73.45,3,0,0,,72.50,9,72.60,8,75.25,9
2026-09-03 05:17:38,75.40,3,0,0,,77.45,9,69.45,9,79.30,9
2026-09-03 05:17:51,76.38,3,0,0,,75.90,9,73.80,9,79.45,9
2026-09-03 05:18:05,76.55,3,0,0,,71.95,9,77.60,9,80.10,9
2026-09-03 05:18:18,75.92,3,0,0,,74.05,9,74.20,9,79.50,9
2026-09-03 05:18:31,74.40,3,0,0,,72.30,9,75.55,9,75.35,9
2026-09-03 05:18:45,77.25,3,0,0,,80.00,9,71.90,9,79.85,9
2026-09-03 05:18:58,73.22,3,0,0,,76.00,9,72.55,9,71.10,9
2026-09-03 05:19:12,72.70,3,0,0,,73.65,9,69.75,9,74.70,9
2026-09-03 05:19:25,72.00,3,0,0,,72.35,9,68.40,8,75.25,9
2026-09-03 05:19:38,73.12,3,0,0,,75.05,9,64.10,8,80.20,9
2026-09-03 05:19:52,73.40,3,0,0,,80.70,9,64.20,8,75.30,9
2026-09-03 05:20:05,71.42,3,0,0,,71.95,9,69.95,8,72.35,9
2026-09-03 05:20:19,71.85,3,0,0,,74.15,9,68.40,8,73.00,9
2026-09-03 05:20:32,70.50,3,0,0,,72.15,9,65.90,8,73.45,8
2026-09-03 05:20:45,72.43,3,0,0,,79.20,9,65.05,8,73.05,8
2026-09-03 05:20:59,71.47,3,0,0,,75.90,9,69.85,8,68.65,8
2026-09-03 05:21:12,68.92,3,0,0,,72.45,9,68.40,8,65.90,8
2026-09-03 05:21:25,70.42,3,0,0,,72.35,9,65.70,8,73.20,8
2026-09-03 05:21:39,69.70,3,0,0,,65.50,8,70.55,8,73.05,8
2026-09-03 05:21:52,70.60,3,0,0,,73.20,8,69.95,8,68.65,8
2026-09-03 05:22:05,67.77,3,0,0,,69.25,8,68.40,8,65.65,8
2026-09-03 05:22:19,68.00,3,0,0,,65.80,8,64.95,8,73.25,8
2026-09-03 05:22:33,69.05,3,0,0,,65.35,8,73.00,8,68.80,8
2026-09-03 05:22:46,69.42,3,0,0,,73.20,8,66.40,7,68.65,8
2026-09-03 05:23:00,65.50,3,0,0,,69.20,8,61.60,7,65.70,8
2026-09-03 05:23:13,65.83,3,0,0,,66.40,8,58.20,7,72.90,8
2026-09-03 05:23:27,65.20,3,0,0,,65.45,8,66.00,7,64.15,8
2026-09-03 05:23:40,66.97,3,0,0,,70.40,8,61.75,7,68.75,8
2026-09-03 05:23:53,62.95,3,0,0,,69.15,8,61.80,7,57.90,7
2026-09-03 05:24:07,63.13,3,0,0,,65.20,8,60.15,7,64.05,7
2026-09-03 05:24:20,64.87,3,0,0,,71.05,8,61.60,7,61.95,7
2026-09-03 05:24:33,61.47,3,0,0,,68.05,8,58.25,7,58.10,7
2026-09-03 05:24:47,63.90,3,0,0,,73.95,8,58.70,7,59.05,7
2026-09-03 05:25:00,65.78,3,0,0,,65.15,8,65.60,7,66.60,7
2026-09-03 05:25:14,58.72,3,0,0,,61.60,7,56.65,7,57.90,7
2026-09-03 05:25:27,62.47,3,0,0,,62.95,7,60.40,7,64.05,7
2026-09-03 05:25:40,65.70,3,0,0,,66.50,7,66.50,7,64.10,7
2026-09-03 05:25:53,61.93,3,0,0,,57.85,7,66.05,7,61.90,7
2026-09-03 05:26:07,60.35,3,0,0,,64.00,7,57.65,7,59.40,7
2026-09-03 05:26:20,60.50,3,0,0,,61.90,7,53.25,6,66.35,7
2026-09-03 05:26:34,59.68,3,0,0,,61.90,7,55.00,6,62.15,7
2026-09-03 05:26:49,57.87,3,0,0,,63.60,7,51.10,6,58.90,7
2026-09-03 05:27:02,63.35,3,0,0,,66.85,7,56.85,6,66.35,7
2026-09-03 05:27:16,56.92,3,0,0,,57.85,7,55.00,6,57.90,7
2026-09-03 05:27:29,55.38,3,0,0,,57.95,7,53.40,6,54.80,6
2026-09-03 05:27:42,56.50,3,0,0,,59.90,7,54.90,6,54.70,6
2026-09-03 05:27:55,58.92,3,0,0,,66.55,7,54.90,6,55.30,6
2026-09-03 05:28:09,53.77,3,0,0,,57.90,7,51.30,6,52.10,6
2026-09-03 05:28:24,58.78,3,0,0,,65.75,7,55.10,6,55.50,6
2026-09-03 05:28:37,53.65,3,0,0,,57.15,6,52.10,6,51.70,6
2026-09-03 05:28:51,54.48,3,0,0,,55.30,6,54.65,6,53.50,6
2026-09-03 05:29:04,57.87,3,0,0,,53.70,6,59.70,6,60.20,6
2026-09-03 05:29:17,52.63,3,0,0,,55.10,6,51.00,6,51.80,6
2026-09-03 05:29:31,58.02,3,0,0,,55.15,6,59.10,6,59.80,6
2026-09-03 05:29:44,53.37,3,0,0,,51.40,6,48.60,5,60.10,6
2026-09-03 05:29:57,51.58,3,0,0,,59.45,6,44.00,5,51.30,6
2026-09-03 05:30:10,52.72,3,0,0,,51.00,6,49.85,5,57.30,6
2026-09-03 05:30:24,53.43,3,0,0,,56.55,6,48.35,5,55.40,6
2026-09-03 05:30:37,50.98,3,0,0,,54.50,6,46.35,5,52.10,6
2026-09-03 05:30:50,53.60,3,0,0,,55.10,6,52.25,5,53.45,6
2026-09-03 05:31:03,50.82,3,0,0,,51.30,6,48.30,5,52.85,5
2026-09-03 05:31:16,49.82,3,0,0,,59.25,6,45.80,5,44.40,5
2026-09-03 05:31:29,52.43,3,0,0,,55.05,6,52.60,5,49.65,5
2026-09-03 05:31:42,50.67,3,0,0,,55.05,6,44.20,5,52.75,5
2026-09-03 05:32:00,51.73,3,0,0,,57.30,6,50.40,5,47.50,5
2026-09-03 05:32:14,45.57,3,0,0,,44.10,5,44.15,5,48.45,5
2026-09-03 05:32:27,48.45,3,0,0,,48.60,5,49.90,5,46.85,5
2026-09-03 05:32:40,51.30,3,0,0,,52.25,5,48.45,5,53.20,5
2026-09-03 05:32:53,47.07,3,0,0,,48.50,5,44.30,5,48.40,5
2026-09-03 05:33:06,46.95,3,0,0,,46.85,5,47.50,5,46.50,5
2026-09-03 05:33:20,49.27,3,0,0,,48.35,5,46.20,4,53.25,5
2026-09-03 05:33:33,43.53,3,0,0,,48.45,5,37.65,4,44.50,5
2026-09-03 05:33:46,45.62,3,0,0,,45.45,5,45.80,4,45.60,5
2026-09-03 05:33:59,49.13,3,0,0,,52.95,5,41.45,4,53.00,5
2026-09-03 05:34:12,42.38,3,0,0,,44.35,5,38.35,4,44.45,5
2026-09-03 05:34:25,46.65,3,0,0,,50.40,5,46.10,4,43.45,4
2026-09-03 05:34:38,43.82,3,0,0,,52.30,5,37.50,4,41.65,4
2026-09-03 05:34:51,43.27,3,0,0,,48.45,5,43.75,4,37.60,4
2026-09-03 05:35:04,45.73,3,0,0,,47.15,5,46.30,4,43.75,4
2026-09-03 05:35:17,41.98,3,0,0,,48.35,5,37.65,4,39.95,4
2026-09-03 05:35:31,44.28,3,0,0,,44.40,5,45.90,4,42.55,4
2026-09-03 05:35:44,40.62,3,0,0,,37.80,4,37.45,4,46.60,4
2026-09-03 05:35:57,41.23,3,0,0,,45.90,4,40.20,4,37.60,4
2026-09-03 05:36:10,41.58,3,0,0,,37.70,4,41.45,4,45.60,4
2026-09-03 05:36:24,40.20,3,0,0,,44.65,4,38.55,4,37.40,4
2026-09-03 05:36:37,45.53,3,0,0,,46.50,4,46.30,4,43.80,4
2026-09-03 05:36:50,38.30,3,0,0,,37.80,4,30.85,3,46.25,4
2026-09-03 05:37:04,38.95,3,0,0,,45.95,4,33.20,3,37.70,4
2026-09-03 05:37:17,39.42,3,0,0,,37.60,4,34.85,3,45.80,4
2026-09-03 05:37:30,37.92,3,0,0,,43.55,4,32.65,3,37.55,4
2026-09-03 05:37:43,41.30,3,0,0,,46.05,4,34.85,3,43.00,4
2026-09-03 05:37:56,35.58,3,0,0,,37.65,4,31.05,3,38.05,3
2026-09-03 05:38:09,37.58,3,0,0,,43.25,4,34.35,3,35.15,3
2026-09-03 05:38:22,36.92,3,0,0,,41.75,4,34.85,3,34.15,3
2026-09-03 05:38:35,35.07,3,0,0,,36.90,4,33.25,3,35.05,3
2026-09-03 05:38:48,35.53,3,0,0,,40.75,4,34.85,3,31.00,3
2026-09-03 05:39:01,36.83,3,0,0,,41.70,4,30.25,3,38.55,3
2026-09-03 05:39:14,34.13,3,0,0,,31.10,3,36.20,3,35.10,3
2026-09-03 05:39:27,36.07,3,0,0,,39.00,3,34.90,3,34.30,3
2026-09-03 05:39:40,36.05,3,0,0,,39.90,3,33.20,3,35.05,3
2026-09-03 05:39:52,32.38,3,0,0,,31.30,3,34.85,3,31.00,3
2026-09-03 05:40:06,36.07,3,0,0,,39.35,3,29.95,3,38.90,3
2026-09-03 05:40:19,29.32,3,0,0,,31.10,3,26.90,2,29.95,3
2026-09-03 05:40:31,33.67,3,0,0,,37.20,3,28.20,2,35.60,3
2026-09-03 05:40:45,33.83,3,0,0,,39.90,3,26.45,2,35.15,3
2026-09-03 05:40:57,32.05,3,0,0,,31.85,3,33.20,2,31.10,3
2026-09-03 05:41:10,34.30,3,0,0,,39.50,3,24.15,2,39.25,3
2026-09-03 05:41:24,28.98,3,0,0,,31.10,3,32.20,2,23.65,3
2026-09-03 05:41:37,29.43,3,0,0,,33.55,3,24.20,2,30.55,2
2026-09-03 05:41:50,31.93,3,0,0,,35.10,3,32.30,2,28.40,2
2026-09-03 05:42:04,28.90,3,0,0,,33.50,3,23.85,2,29.35,2
2026-09-03 05:42:17,31.28,3,0,0,,35.10,3,30.30,2,28.45,2
2026-09-03 05:42:30,27.80,3,0,0,,32.80,3,23.05,2,27.55,2
2026-09-03 05:42:43,28.92,3,0,0,,28.55,2,29.75,2,28.45,2
2026-09-03 05:42:56,27.05,3,0,0,,28.50,2,28.20,2,24.45,2
2026-09-03 05:43:09,27.85,3,0,0,,26.45,2,24.30,2,32.80,2
2026-09-03 05:43:22,28.53,3,0,0,,28.45,2,32.70,2,24.45,2
2026-09-03 05:43:35,27.30,3,0,0,,24.90,2,24.25,2,32.75,2
2026-09-03 05:43:48,28.47,3,0,0,,32.45,2,24.40,1,28.55,2
2026-09-03 05:44:01,22.70,3,0,0,,24.15,2,17.05,1,26.90,2
2026-09-03 05:44:13,26.43,3,0,0,,30.30,2,20.55,1,28.45,2
2026-09-03 05:44:26,25.32,3,0,0,,28.55,2,21.50,1,25.90,2
2026-09-03 05:44:39,25.90,3,0,0,,24.75,2,19.75,1,33.20,2
2026-09-03 05:44:52,26.27,3,0,0,,33.00,2,21.45,1,24.35,2
2026-09-03 05:45:05,22.05,3,0,0,,24.50,2,18.70,1,22.95,1
2026-09-03 05:45:17,26.67,3,0,0,,32.45,2,26.00,1,21.55,1
2026-09-03 05:45:30,21.50,3,0,0,,24.45,2,17.55,1,22.50,1
2026-09-03 05:45:43,24.75,3,0,0,,26.80,2,25.90,1,21.55,1
2026-09-03 05:45:56,21.95,3,0,0,,28.45,2,17.55,1,19.85,1
2026-09-03 05:46:09,21.02,3,0,0,,17.85,1,23.70,1,21.50,1
2026-09-03 05:46:22,20.78,3,0,0,,26.10,1,16.90,1,19.35,1
2026-09-03 05:46:35,22.28,3,0,0,,17.70,1,22.85,1,26.30,1
2026-09-03 05:46:47,20.23,3,0,0,,21.30,1,21.65,1,17.75,1
2026-09-03 05:47:00,22.60,3,0,0,,21.80,1,20.55,1,25.45,1
2026-09-03 05:47:13,19.65,3,0,0,,20.00,1,21.45,1,17.50,1
2026-09-03 05:47:26,20.12,2,1,0,,21.80,1,13.15,0,25.40,1
2026-09-03 05:47:38,16.57,2,1,0,,17.85,1,14.95,0,16.90,1
2026-09-03 05:47:51,21.92,2,1,0,,26.20,1,19.15,0,20.40,1
2026-09-03 05:48:04,17.15,2,1,0,,17.80,1,12.15,0,21.50,1
2026-09-03 05:48:17,20.50,2,1,0,,25.95,1,14.90,0,20.65,1
2026-09-03 05:48:30,16.78,1,2,0,,17.60,1,17.85,0,14.90,0
2026-09-03 05:48:42,15.92,1,2,0,,20.65,1,10.90,0,16.20,0
2026-09-03 05:48:55,17.37,1,2,0,,21.80,1,19.70,0,10.60,0
2026-09-03 05:49:07,17.47,1,2,0,,18.90,1,14.00,0,19.50,0
2026-09-03 05:49:20,16.72,1,2,0,,26.65,1,10.45,0,13.05,0
2026-09-03 05:49:33,15.65,1,2,0,,17.85,1,19.30,0,9.80,0
2026-09-03 05:49:45,15.98,0,3,0,,19.00,0,11.20,0,17.75,0
2026-09-03 05:49:58,12.30,0,3,0,,11.10,0,14.90,0,10.90,0
2026-09-03 05:50:10,18.32,0,3,0,,19.85,0,15.40,0,19.70,0
2026-09-03 05:50:23,12.97,0,3,0,,14.05,0,10.85,0,14.00,0
2026-09-03 05:50:36,13.32,0,3,0,,9.90,0,19.55,0,10.50,0
2026-09-03 05:50:48,17.22,0,3,0,,19.10,0,13.30,0,19.25,0
2026-09-03 05:51:00,12.52,0,3,0,,11.10,0,15.00,0,11.45,0
2026-09-03 05:51:13,17.83,0,3,0,,19.85,0,18.75,0,14.90,0
2026-09-03 05:51:26,13.85,1,2,0,,13.15,1,11.30,0,17.10,0
2026-09-03 05:51:39,15.40,1,2,0,,20.40,1,14.90,0,10.90,0
2026-09-03 05:51:52,19.98,1,2,0,,26.25,1,18.80,0,14.90,0
2026-09-03 05:52:05,17.55,1,2,0,,23.60,1,12.00,0,17.05,0
2026-09-03 05:52:18,17.45,1,2,0,,26.55,1,14.90,0,10.90,0
2026-09-03 05:52:31,17.08,1,2,0,,17.60,1,18.75,0,14.90,0
2026-09-03 05:52:44,15.93,2,1,0,,19.45,1,11.00,0,17.35,1
2026-09-03 05:52:57,21.95,2,1,0,,25.85,1,14.90,0,25.10,1
2026-09-03 05:53:10,21.95,2,1,0,,23.95,1,18.85,0,23.05,1
2026-09-03 05:53:23,19.23,2,1,0,,25.95,1,11.25,0,20.50,1
2026-09-03 05:53:36,19.58,2,1,0,,17.55,1,14.90,0,26.30,1
2026-09-03 05:53:49,19.67,2,1,0,,22.55,1,18.90,0,17.55,1
2026-09-03 05:54:02,20.27,3,0,0,,21.85,1,19.35,1,19.60,1
2026-09-03 05:54:15,21.13,3,0,0,,21.00,1,17.35,1,25.05,1
2026-09-03 05:54:28,22.08,3,0,0,,21.85,1,21.60,1,22.80,1
2026-09-03 05:54:40,21.28,3,0,0,,20.55,1,21.70,1,21.60,1
2026-09-03 05:54:54,23.07,3,0,0,,26.65,1,19.45,1,23.10,1
2026-09-03 05:55:08,21.22,3,0,0,,20.45,1,21.55,1,21.65,1
2026-09-03 05:55:21,20.88,3,0,0,,22.05,2,17.05,1,23.55,1
2026-09-03 05:55:34,19.65,3,0,0,,24.05,2,17.55,1,17.35,1
2026-09-03 05:55:47,23.33,3,0,0,,28.75,2,17.50,1,23.75,1
2026-09-03 05:56:00,26.12,3,0,0,,32.95,2,23.80,1,21.60,1
2026-09-03 05:56:13,22.32,3,0,0,,28.75,2,17.20,1,21.00,1
2026-09-03 05:56:26,22.47,3,0,0,,25.15,2,20.60,1,21.65,2
2026-09-03 05:56:39,27.23,3,0,0,,30.75,2,21.55,1,29.40,2
2026-09-03 05:56:52,27.72,3,0,0,,33.30,2,20.60,1,29.25,2
2026-09-03 05:57:06,23.90,3,0,0,,29.65,2,17.15,1,24.90,2
2026-09-03 05:57:19,24.03,3,0,0,,24.25,2,23.65,1,24.20,2
2026-09-03 05:57:32,27.37,3,0,0,,30.60,2,21.70,1,29.80,2
2026-09-03 05:57:45,25.53,3,0,0,,28.75,2,19.70,2,28.15,2
2026-09-03 05:57:58,23.48,3,0,0,,25.20,2,21.05,2,24.20,2
2026-09-03 05:58:11,28.63,3,0,0,,33.35,2,28.35,2,24.20,2
2026-09-03 05:58:24,26.48,3,0,0,,24.75,2,30.50,2,24.20,2
2026-09-03 05:58:37,32.53,3,0,0,,33.10,2,32.25,2,32.25,2
2026-09-03 05:58:50,25.77,3,0,0,,24.75,2,28.40,2,24.15,2
2026-09-03 05:59:03,27.65,3,0,0,,27.00,3,25.55,2,30.40,2
2026-09-03 05:59:17,31.55,3,0,0,,33.85,3,32.60,2,28.20,2
2026-09-03 05:59:30,32.97,3,0,0,,40.10,3,30.45,2,28.35,2
2026-09-03 05:59:43,31.82,3,0,0,,39.55,3,27.70,2,28.20,2
2026-09-03 05:59:56,31.78,3,0,0,,39.85,3,28.40,2,27.10,2
2026-09-03 06:00:09,31.93,3,0,0,,35.30,3,27.50,2,33.00,2
2026-09-03 06:00:22,33.13,3,0,0,,31.30,3,33.15,2,34.95,3
2026-09-03 06:00:36,32.47,3,0,0,,36.75,3,24.70,2,35.95,3
2026-09-03 06:00:49,34.57,3,0,0,,37.10,3,33.20,2,33.40,3
2026-09-03 06:01:02,30.35,3,0,0,,34.65,3,25.20,2,31.20,3
2026-09-03 06:01:15,33.52,3,0,0,,35.30,3,33.20,2,32.05,3
2026-09-03 06:01:29,32.83,3,0,0,,34.70,3,24.40,2,39.40,3
2026-09-03 06:01:43,32.17,3,0,0,,35.30,3,26.15,3,35.05,3
2026-09-03 06:01:56,32.53,3,0,0,,32.35,3,33.80,3,31.45,3
2026-09-03 06:02:09,37.20,3,0,0,,37.00,3,39.60,3,35.00,3
2026-09-03 06:02:22,34.52,3,0,0,,35.40,3,37.05,3,31.10,3
2026-09-03 06:02:35,36.67,3,0,0,,31.60,3,39.10,3,39.30,3
2026-09-03 06:02:48,34.47,3,0,0,,37.50,4,35.00,3,30.90,3
2026-09-03 06:03:01,35.68,3,0,0,,36.85,4,31.30,3,38.90,3
2026-09-03 06:03:14,38.62,3,0,0,,41.95,4,38.90,3,35.00,3
2026-09-03 06:03:28,37.48,3,0,0,,46.75,4,32.40,3,33.30,3
2026-09-03 06:03:40,38.62,3,0,0,,46.50,4,34.40,3,34.95,3
2026-09-03 06:03:54,35.43,3,0,0,,37.80,4,35.10,3,33.40,3
2026-09-03 06:04:08,37.20,3,0,0,,37.55,4,34.70,3,39.35,4
2026-09-03 06:04:21,37.03,3,0,0,,40.40,4,35.20,3,35.50,4
2026-09-03 06:04:34,39.05,3,0,0,,44.00,4,31.40,3,41.75,4
2026-09-03 06:04:48,43.32,3,0,0,,43.85,4,39.60,3,46.50,4
2026-09-03 06:05:00,39.85,3,0,0,,42.00,4,31.05,3,46.50,4
2026-09-03 06:05:14,38.25,3,0,0,,37.70,4,39.35,3,37.70,4
2026-09-03 06:05:27,40.38,3,0,0,,43.50,4,40.00,4,37.65,4
2026-09-03 06:05:40,39.67,3,0,0,,42.00,4,36.30,4,40.70,4
2026-09-03 06:05:53,40.35,3,0,0,,40.20,4,37.00,4,43.85,4
2026-09-03 06:06:06,44.18,3,0,0,,46.30,4,41.80,4,44.45,4
2026-09-03 06:06:19,40.20,3,0,0,,42.05,4,36.90,4,41.65,4
2026-09-03 06:06:33,38.45,3,0,0,,40.95,4,36.70,4,37.70,4
2026-09-03 06:06:46,42.80,3,0,0,,42.80,5,39.80,4,45.80,4
2026-09-03 06:06:59,42.47,3,0,0,,43.35,5,46.40,4,37.65,4
2026-09-03 06:07:12,46.87,3,0,0,,48.80,5,46.20,4,45.60,4
2026-09-03 06:07:26,47.77,3,0,0,,50.70,5,46.10,4,46.50,4
2026-09-03 06:07:39,44.20,3,0,0,,53.10,5,41.80,4,37.70,4
2026-09-03 06:07:52,43.87,3,0,0,,48.65,5,39.60,4,43.35,5
2026-09-03 06:08:05,44.57,3,0,0,,44.85,5,46.55,4,42.30,5
2026-09-03 06:08:18,43.48,3,0,0,,48.85,5,37.85,4,43.75,5
2026-09-03 06:08:32,47.25,3,0,0,,48.65,5,40.20,4,52.90,5
2026-09-03 06:08:45,45.17,3,0,0,,43.60,5,41.80,4,50.10,5
2026-09-03 06:08:58,45.23,3,0,0,,47.70,5,39.50,4,48.50,5
2026-09-03 06:09:11,47.70,3,0,0,,52.95,5,46.00,5,44.15,5
2026-09-03 06:09:25,45.85,3,0,0,,48.65,5,44.55,5,44.35,5
2026-09-03 06:09:38,46.55,3,0,0,,46.30,5,48.60,5,44.75,5
2026-09-03 06:09:51,50.32,3,0,0,,53.45,5,53.15,5,44.35,5
2026-09-03 06:10:04,47.45,3,0,0,,44.70,5,52.95,5,44.70,5
2026-09-03 06:10:17,48.93,3,0,0,,45.20,5,48.70,5,52.90,5
2026-09-03 06:10:31,49.77,3,0,0,,47.40,6,48.70,5,53.20,5
2026-09-03 06:10:44,46.28,3,0,0,,49.65,6,44.65,5,44.55,5
2026-09-03 06:10:57,51.70,3,0,0,,55.40,6,46.95,5,52.75,5
2026-09-03 06:11:11,49.68,3,0,0,,59.75,6,44.80,5,44.50,5
2026-09-03 06:11:24,52.62,3,0,0,,54.60,6,52.70,5,50.55,5
2026-09-03 06:11:38,55.45,3,0,0,,60.05,6,53.35,5,52.95,5
2026-09-03 06:11:51,51.68,3,0,0,,55.45,6,44.65,5,54.95,6
2026-09-03 06:12:04,53.22,3,0,0,,52.20,6,52.70,5,54.75,6
2026-09-03 06:12:17,49.50,3,0,0,,50.65,6,44.60,5,53.25,6
2026-09-03 06:12:31,53.45,3,0,0,,55.50,6,49.15,5,55.70,6
2026-09-03 06:12:44,54.00,3,0,0,,53.85,6,52.75,5,55.40,6
2026-09-03 06:12:58,50.47,3,0,0,,55.35,6,44.65,6,51.40,6
2026-09-03 06:13:11,52.45,3,0,0,,51.55,6,51.15,6,54.65,6
2026-09-03 06:13:25,57.02,3,0,0,,52.00,6,58.85,6,60.20,6
2026-09-03 06:13:38,56.02,3,0,0,,59.90,6,54.30,6,53.85,6
2026-09-03 06:13:51,52.82,3,0,0,,51.35,6,51.00,6,56.10,6
2026-09-03 06:14:05,55.72,3,0,0,,59.00,6,52.75,6,55.40,6
2026-09-03 06:14:19,57.88,3,0,0,,60.00,7,59.50,6,54.15,6
2026-09-03 06:14:32,56.77,3,0,0,,57.30,7,55.40,6,57.60,6
2026-09-03 06:14:46,57.27,3,0,0,,58.10,7,58.30,6,55.40,6
2026-09-03 06:14:59,56.77,3,0,0,,58.05,7,59.60,6,52.65,6
2026-09-03 06:15:12,59.22,3,0,0,,62.20,7,55.25,6,60.20,6
2026-09-03 06:15:26,57.35,3,0,0,,66.90,7,53.60,6,51.55,6
2026-09-03 06:15:39,58.10,3,0,0,,62.05,7,54.45,6,57.80,7
2026-09-03 06:15:53,60.90,3,0,0,,58.05,7,60.05,6,64.60,7
2026-09-03 06:16:06,59.52,3,0,0,,61.10,7,51.30,6,66.15,7
2026-09-03 06:16:19,60.40,3,0,0,,58.15,7,59.65,6,63.40,7
2026-09-03 06:16:32,58.68,3,0,0,,66.55,7,51.25,6,58.25,7
2026-09-03 06:16:47,58.62,3,0,0,,66.70,7,51.00,6,58.15,7
2026-09-03 06:17:00,59.12,3,0,0,,58.05,7,57.70,7,61.60,7
2026-09-03 06:17:14,63.85,3,0,0,,64.25,7,60.35,7,66.95,7
2026-09-03 06:17:27,64.05,3,0,0,,63.60,7,66.30,7,62.25,7
2026-09-03 06:17:40,61.50,3,0,0,,62.05,7,60.45,7,62.00,7
2026-09-03 06:17:55,60.20,3,0,0,,60.10,7,58.40,7,62.10,7
2026-09-03 06:18:08,62.83,3,0,0,,66.20,8,64.00,7,58.30,7
2026-09-03 06:18:21,63.63,3,0,0,,62.60,8,61.90,7,66.40,7
2026-09-03 06:18:35,66.18,3,0,0,,73.55,8,57.95,7,67.05,7
2026-09-03 06:18:48,66.40,3,0,0,,70.50,8,66.45,7,62.25,7
2026-09-03 06:19:02,64.53,3,0,0,,67.05,8,66.00,7,60.55,7
2026-09-03 06:19:16,64.28,3,0,0,,72.95,8,57.80,7,62.10,7
2026-09-03 06:19:29,66.65,3,0,0,,67.45,8,63.65,7,68.85,8
2026-09-03 06:19:43,67.38,3,0,0,,72.70,8,65.85,7,63.60,8
2026-09-03 06:19:56,66.53,3,0,0,,68.70,8,61.90,7,69.00,8
2026-09-03 06:20:10,68.50,3,0,0,,73.10,8,58.70,7,73.70,8
2026-09-03 06:20:23,69.57,3,0,0,,73.30,8,66.40,7,69.00,8
2026-09-03 06:20:37,68.18,3,0,0,,73.55,8,62.00,8,69.00,8
2026-09-03 06:20:50,66.65,3,0,0,,64.75,8,66.25,8,68.95,8
2026-09-03 06:21:03,66.50,3,0,0,,70.90,8,63.65,8,64.95,8
2026-09-03 06:21:17,66.05,3,0,0,,68.75,8,64.40,8,65.00,8
2026-09-03 06:21:30,67.48,3,0,0,,68.75,8,68.60,8,65.10,8
2026-09-03 06:21:44,65.77,3,0,0,,64.70,8,68.70,8,63.90,8
2026-09-03 06:21:58,68.90,3,0,0,,68.10,9,68.55,8,70.05,8
2026-09-03 06:22:11,67.60,3,0,0,,69.25,9,64.55,8,69.00,8
2026-09-03 06:22:25,69.70,3,0,0,,75.65,9,67.65,8,65.80,8
2026-09-03 06:22:38,69.42,3,0,0,,74.80,9,66.35,8,67.10,8
2026-09-03 06:22:52,69.50,3,0,0,,71.50,9,64.10,8,72.90,8
2026-09-03 06:23:06,69.83,3,0,0,,73.60,9,66.60,8,69.30,9
2026-09-03 06:23:19,74.80,3,0,0,,79.65,9,73.35,8,71.40,9
2026-09-03 06:23:33,72.35,3,0,0,,74.10,9,64.65,8,78.30,9
2026-09-03 06:23:46,70.18,3,0,0,,73.80,9,65.10,8,71.65,9
2026-09-03 06:24:04,71.88,3,0,0,,71.95,9,72.40,8,71.30,9
2026-09-03 06:24:23,75.77,3,0,0,,73.55,9,73.40,8,80.35,9
2026-09-03 06:24:40,72.45,3,0,0,,74.70,9,71.05,9,71.60,9
2026-09-03 06:24:57,75.70,3,0,0,,72.25,9,79.05,9,75.80,9
2026-09-03 06:25:11,74.65,3,0,0,,79.80,9,72.50,9,71.65,9
2026-09-03 06:25:25,75.25,3,0,0,,74.80,9,75.30,9,75.65,9
2026-09-03 06:25:39,76.77,3,0,0,,70.70,9,79.45,9,80.15,9
2026-09-03 06:25:53,73.77,3,0,0,,75.55,9,73.85,9,71.90,9
2026-09-03 06:26:07,74.27,3,0,0,,80.05,9,71.35,9,71.40,9
2026-09-03 06:26:21,77.08,3,0,0,,79.50,9,75.70,9,76.05,9
2026-09-03 06:26:35,75.73,3,0,0,,72.90,9,74.10,9,80.20,9
2026-09-03 06:27:08,73.85,2,1,0,,70.90,9,76.35,-1,74.30,9
2026-09-03 06:27:22,76.68,3,0,0,,80.30,9,77.30,9,72.45,9
2026-09-03 06:27:35,69.80,3,0,0,,73.50,9,64.55,8,71.35,9
2026-09-03 06:27:49,71.93,3,0,0,,78.05,9,64.50,8,73.25,9
2026-09-03 06:28:03,72.38,3,0,0,,77.25,9,64.65,8,75.25,9
2026-09-03 06:28:16,75.78,3,0,0,,79.70,9,72.20,8,75.45,9
2026-09-03 06:28:30,73.15,3,0,0,,80.15,9,63.60,8,75.70,9
2026-09-03 06:28:44,72.15,3,0,0,,80.10,9,67.15,8,69.20,8
2026-09-03 06:28:57,68.80,3,0,0,,71.30,9,66.00,8,69.10,8
2026-09-03 06:29:11,71.52,3,0,0,,75.10,9,72.65,8,66.80,8
2026-09-03 06:29:24,72.55,3,0,0,,80.00,9,63.85,8,73.80,8
2026-09-03 06:29:38,70.52,3,0,0,,79.10,9,67.25,8,65.20,8
2026-09-03 06:29:51,71.72,3,0,0,,73.45,8,72.35,8,69.35,8
2026-09-03 06:30:04,67.73,3,0,0,,64.65,8,72.20,8,66.35,8
2026-09-03 06:30:18,70.60,3,0,0,,69.35,8,68.75,8,73.70,8
2026-09-03 06:30:32,67.93,3,0,0,,70.95,8,67.75,8,65.10,8
2026-09-03 06:30:45,69.03,3,0,0,,73.20,8,68.65,8,65.25,8
2026-09-03 06:30:58,66.03,3,0,0,,64.30,8,66.80,8,67.00,8
2026-09-03 06:31:11,67.67,3,0,0,,67.20,8,62.15,7,73.65,8
2026-09-03 06:31:25,66.17,3,0,0,,73.30,8,60.10,7,65.10,8
2026-09-03 06:31:38,69.35,3,0,0,,72.60,8,66.80,7,68.65,8
2026-09-03 06:31:51,65.53,3,0,0,,68.70,8,62.10,7,65.80,8
2026-09-03 06:32:06,65.33,3,0,0,,65.05,8,57.40,7,73.55,8
2026-09-03 06:32:19,65.42,3,0,0,,72.70,8,61.15,7,62.40,7
2026-09-03 06:32:32,65.00,3,0,0,,73.10,8,61.95,7,59.95,7
2026-09-03 06:32:45,63.90,3,0,0,,73.25,8,58.25,7,60.20,7
2026-09-03 06:32:58,63.05,3,0,0,,64.45,8,58.40,7,66.30,7
2026-09-03 06:33:12,63.63,3,0,0,,68.60,8,64.20,7,58.10,7
2026-09-03 06:33:26,64.20,3,0,0,,66.75,7,62.10,7,63.75,7
2026-09-03 06:33:39,63.55,3,0,0,,66.20,7,60.00,7,64.45,7
2026-09-03 06:33:52,62.68,3,0,0,,57.25,7,66.40,7,64.40,7
2026-09-03 06:34:05,63.05,3,0,0,,60.75,7,66.15,7,62.25,7
2026-09-03 06:34:19,63.28,3,0,0,,66.85,7,62.10,7,60.90,7
2026-09-03 06:34:32,60.18,3,0,0,,62.20,7,51.35,6,67.00,7
2026-09-03 06:34:46,59.82,3,0,0,,57.80,7,59.35,6,62.30,7
2026-09-03 06:34:59,60.60,3,0,0,,63.55,7,60.05,6,58.20,7
2026-09-03 06:35:13,59.75,3,0,0,,62.05,7,51.05,6,66.15,7
2026-09-03 06:35:26,57.92,3,0,0,,59.35,7,57.20,6,57.20,7
2026-09-03 06:35:39,55.07,3,0,0,,58.10,7,55.35,6,51.75,7
2026-09-03 06:35:53,56.28,3,0,0,,64.15,7,52.85,6,51.85,6
2026-09-03 06:36:06,57.95,3,0,0,,62.10,7,51.95,6,59.80,6
2026-09-03 06:36:19,56.75,3,0,0,,59.00,7,59.80,6,51.45,6
2026-09-03 06:36:32,57.38,3,0,0,,63.60,7,51.35,6,57.20,6
2026-09-03 06:36:46,60.82,3,0,0,,64.15,7,58.40,6,59.90,6
2026-09-03 06:36:59,57.03,3,0,0,,55.40,6,60.20,6,55.50,6
2026-09-03 06:37:12,53.35,3,0,0,,51.55,6,55.35,6,53.15,6
2026-09-03 06:37:25,57.70,3,0,0,,59.45,6,53.40,6,60.25,6
2026-09-03 06:37:38,57.12,3,0,0,,59.65,6,60.15,6,51.55,6
2026-09-03 06:37:52,51.77,3,0,0,,51.15,6,52.35,6,51.80,6
2026-09-03 06:38:05,52.98,3,0,0,,54.75,6,44.80,5,59.40,6
2026-09-03 06:38:19,55.55,3,0,0,,60.20,6,50.90,5,55.55,6
2026-09-03 06:38:32,49.85,3,0,0,,51.00,6,44.05,5,54.50,6
2026-09-03 06:38:45,53.18,3,0,0,,51.40,6,48.50,5,59.65,6
2026-09-03 06:38:58,55.60,3,0,0,,54.10,6,53.15,5,59.55,6
2026-09-03 06:39:12,54.08,3,0,0,,60.20,6,53.45,5,48.60,5
2026-09-03 06:39:25,47.42,3,0,0,,51.40,6,44.75,5,46.10,5
2026-09-03 06:39:38,52.10,3,0,0,,51.55,6,51.65,5,53.10,5
2026-09-03 06:39:51,52.73,3,0,0,,56.00,6,48.80,5,53.40,5
2026-09-03 06:40:04,48.25,3,0,0,,55.40,6,44.70,5,44.65,5
2026-09-03 06:40:17,50.68,3,0,0,,51.50,6,47.95,5,52.60,5
2026-09-03 06:40:30,47.82,3,0,0,,50.70,5,48.70,5,44.05,5
2026-09-03 06:40:43,48.73,3,0,0,,52.55,5,46.50,5,47.15,5
2026-09-03 06:40:57,49.32,3,0,0,,43.75,5,53.55,5,50.65,5
2026-09-03 06:41:10,49.90,3,0,0,,47.45,5,53.55,5,48.70,5
2026-09-03 06:41:23,47.20,3,0,0,,48.65,5,45.25,5,47.70,5
2026-09-03 06:41:36,49.30,3,0,0,,48.90,5,45.60,4,53.40,5
2026-09-03 06:41:49,43.47,3,0,0,,44.80,5,37.00,4,48.60,5
2026-09-03 06:42:02,46.30,3,0,0,,52.85,5,40.35,4,45.70,5
2026-09-03 06:42:15,47.93,3,0,0,,44.25,5,46.15,4,53.40,5
2026-09-03 06:42:29,44.17,3,0,0,,49.85,5,37.70,4,44.95,5
2026-09-03 06:42:42,46.20,3,0,0,,50.65,5,44.05,4,43.90,4
2026-09-03 06:42:55,45.50,3,0,0,,48.65,5,42.05,4,45.80,4
2026-09-03 06:43:08,41.85,3,0,0,,45.70,5,38.00,4,41.85,4
2026-09-03 06:43:21,45.85,3,0,0,,53.10,5,43.75,4,40.70,4
2026-09-03 06:43:34,42.70,3,0,0,,44.30,5,42.00,4,41.80,4
2026-09-03 06:43:47,41.17,3,0,0,,44.65,5,41.00,4,37.85,4
2026-09-03 06:44:00,41.25,3,0,0,,40.75,4,41.90,4,41.10,4
2026-09-03 06:44:13,41.90,3,0,0,,41.95,4,41.95,4,41.80,4
2026-09-03 06:44:26,39.22,3,0,0,,38.05,4,40.35,4,39.25,4
2026-09-03 06:44:39,43.02,3,0,0,,40.80,4,41.85,4,46.40,4
2026-09-03 06:44:52,41.13,3,0,0,,41.95,4,39.50,4,41.95,4
2026-09-03 06:45:05,39.22,3,0,0,,38.25,4,39.10,3,40.30,4
2026-09-03 06:45:18,41.05,3,0,0,,46.30,4,35.10,3,41.75,4
2026-09-03 06:45:31,36.27,3,0,0,,37.65,4,32.60,3,38.55,4
2026-09-03 06:45:44,41.27,3,0,0,,38.00,4,39.90,3,45.90,4
2026-09-03 06:45:57,39.60,3,0,0,,45.85,4,31.20,3,41.75,4
2026-09-03 06:46:10,36.18,3,0,0,,42.05,4,35.40,3,31.10,3
2026-09-03 06:46:23,38.05,3,0,0,,40.05,4,35.10,3,39.00,3
2026-09-03 06:46:36,36.83,3,0,0,,46.80,4,32.80,3,30.90,3
2026-09-03 06:46:49,37.77,3,0,0,,42.00,4,39.85,3,31.45,3
2026-09-03 06:47:01,36.25,3,0,0,,38.30,4,31.10,3,39.35,3
2026-09-03 06:47:16,37.35,3,0,0,,46.60,4,34.25,3,31.20,3
2026-09-03 06:47:29,35.27,3,0,0,,31.25,3,35.10,3,39.45,3
2026-09-03 06:47:41,32.50,3,0,0,,33.55,3,32.85,3,31.10,3
2026-09-03 06:47:55,37.83,3,0,0,,40.10,3,39.95,3,33.45,3
2026-09-03 06:48:08,32.63,3,0,0,,31.55,3,31.25,3,35.10,3
2026-09-03 06:48:21,36.12,3,0,0,,39.55,3,36.45,3,32.35,3
2026-09-03 06:48:34,33.07,3,0,0,,31.00,3,28.45,2,39.75,3
2026-09-03 06:48:46,29.68,3,0,0,,32.25,3,25.60,2,31.20,3
2026-09-03 06:48:59,35.30,3,0,0,,39.70,3,33.10,2,33.10,3
2026-09-03 06:49:12,29.88,3,0,0,,31.15,3,23.40,2,35.10,3
2026-09-03 06:49:25,33.67,3,0,0,,38.55,3,30.25,2,32.20,3
2026-09-03 06:49:38,32.40,3,0,0,,35.50,3,28.60,2,33.10,3
2026-09-03 06:49:51,29.22,3,0,0,,31.35,3,28.00,2,28.30,2
2026-09-03 06:50:04,31.77,3,0,0,,39.60,3,28.50,2,27.20,2
2026-09-03 06:50:16,29.38,3,0,0,,35.35,3,24.55,2,28.25,2
2026-09-03 06:50:29,30.88,3,0,0,,33.65,3,32.85,2,26.15,2
2026-09-03 06:50:43,30.92,3,0,0,,40.00,3,24.50,2,28.25,2
2026-09-03 06:50:55,28.52,3,0,0,,28.75,2,32.55,2,24.25,2
2026-09-03 06:51:08,27.97,3,0,0,,27.05,2,24.45,2,32.40,2
2026-09-03 06:51:21,26.67,3,0,0,,28.70,2,27.10,2,24.20,2
2026-09-03 06:51:34,28.25,3,0,0,,25.55,2,28.50,2,30.70,2
2026-09-03 06:51:47,27.17,3,0,0,,31.95,2,26.05,2,23.50,2
2026-09-03 06:52:00,25.35,3,0,0,,23.65,2,26.40,2,26.00,2
2026-09-03 06:52:13,25.65,3,0,0,,30.00,2,17.50,1,29.45,2
2026-09-03 06:52:26,27.05,3,0,0,,28.70,2,25.95,1,26.50,2
2026-09-03 06:52:39,24.92,3,0,0,,28.85,2,17.65,1,28.25,2
2026-09-03 06:52:52,27.90,3,0,0,,33.45,2,25.95,1,24.30,2
2026-09-03 06:53:05,24.95,3,0,0,,24.75,2,17.70,1,32.40,2
2026-09-03 06:53:18,24.32,3,0,0,,32.95,2,23.40,1,16.60,1
2026-09-03 06:53:31,21.75,3,0,0,,24.70,2,16.85,1,23.70,1
2026-09-03 06:53:44,24.50,3,0,0,,28.20,2,23.55,1,21.75,1
2026-09-03 06:53:57,21.83,3,0,0,,28.70,2,16.70,1,20.10,1
2026-09-03 06:54:10,23.65,3,0,0,,25.90,2,23.35,1,21.70,1
2026-09-03 06:54:23,22.67,3,0,0,,26.30,1,21.65,1,20.05,1
2026-09-03 06:54:36,19.93,3,0,0,,17.90,1,20.20,1,21.70,1
2026-09-03 06:54:48,21.60,3,0,0,,23.80,1,21.65,1,19.35,1
2026-09-03 06:55:01,22.35,3,0,0,,21.95,1,19.00,1,26.10,1
2026-09-03 06:55:14,22.45,3,0,0,,23.15,1,26.50,1,17.70,1
2026-09-03 06:55:27,21.92,3,0,0,,21.90,1,17.70,1,26.15,1
2026-09-03 06:55:39,19.33,2,1,0,,20.80,1,19.45,0,17.75,1
2026-09-03 06:55:52,21.60,2,1,0,,26.60,1,12.45,0,25.75,1
2026-09-03 06:56:04,18.23,2,1,0,,17.95,1,15.00,0,21.75,1
2026-09-03 06:56:17,21.35,2,1,0,,26.15,1,17.00,0,20.90,1
2026-09-03 06:56:30,16.98,2,1,0,,17.85,1,11.30,0,21.80,1
2026-09-03 06:56:43,17.68,1,2,0,,24.05,1,14.95,0,14.05,0
2026-09-03 06:56:56,16.25,1,2,0,,21.90,1,16.30,0,10.55,0
2026-09-03 06:57:08,17.02,1,2,0,,20.75,1,10.95,0,19.35,0
2026-09-03 06:57:21,17.80,1,2,0,,21.85,1,19.40,0,12.15,0
2026-09-03 06:57:33,15.22,1,2,0,,18.40,1,12.25,0,15.00,0
2026-09-03 06:57:46,20.00,1,2,0,,26.00,1,15.05,0,18.95,0
2026-09-03 06:57:59,13.03,0,3,0,,10.95,0,17.15,0,11.00,0
2026-09-03 06:58:11,16.72,0,3,0,,19.45,0,11.00,0,19.70,0
2026-09-03 06:58:24,15.30,0,3,0,,12.75,0,19.75,0,13.40,0
2026-09-03 06:58:36,14.42,0,3,0,,15.05,0,13.10,0,15.10,0
2026-09-03 06:58:49,16.57,0,3,0,,15.60,0,15.15,0,18.95,0
2026-09-03 06:59:01,13.48,0,3,0,,10.55,0,18.85,0,11.05,0
2026-09-03 06:59:14,15.12,0,3,0,,19.30,0,11.05,0,15.00,0
2026-09-03 06:59:27,14.07,0,3,0,,12.40,0,14.95,0,14.85,0
2026-09-03 06:59:40,14.83,1,2,0,,19.75,1,14.25,0,10.50,0
2026-09-03 06:59:52,16.22,1,2,0,,18.10,1,10.95,0,19.60,0
2026-09-03 07:00:05,16.82,1,2,0,,17.70,1,19.80,0,12.95,0
2026-09-03 07:00:18,16.97,1,2,0,,21.75,1,14.05,0,15.10,0
2026-09-03 07:00:31,15.82,1,2,0,,17.65,1,10.55,0,19.25,0
2026-09-03 07:00:44,17.62,1,2,0,,21.05,1,19.55,0,12.25,0
2026-09-03 07:00:57,17.98,2,1,0,,25.85,1,12.85,0,15.25,1
2026-09-03 07:01:09,17.48,2,1,0,,21.65,1,15.05,0,15.75,1
2026-09-03 07:01:22,20.87,2,1,0,,21.65,1,19.35,0,21.60,1
2026-09-03 07:01:35,20.08,2,1,0,,21.65,1,12.25,0,26.35,1
2026-09-03 07:01:48,16.90,2,1,0,,18.20,1,15.00,0,17.50,1
2026-09-03 07:02:01,21.53,2,1,0,,25.90,1,18.90,0,19.80,1
2026-09-03 07:02:14,19.72,3,0,0,,17.60,1,17.35,1,24.20,1
2026-09-03 07:02:27,22.95,3,0,0,,25.15,1,22.10,1,21.60,1
2026-09-03 07:02:40,21.28,3,0,0,,17.60,1,20.10,1,26.15,1
2026-09-03 07:02:53,19.53,3,0,0,,23.15,1,17.80,1,17.65,1
2026-09-03 07:03:06,24.23,3,0,0,,21.70,1,25.50,1,25.50,1
2026-09-03 07:03:19,20.60,3,0,0,,22.60,1,21.65,1,17.55,1
2026-09-03 07:03:32,21.87,3,0,0,,22.70,2,17.65,1,25.25,1
2026-09-03 07:03:45,21.17,3,0,0,,23.75,2,22.15,1,17.60,1
2026-09-03 07:03:58,24.43,3,0,0,,28.40,2,19.15,1,25.75,1
2026-09-03 07:04:11,27.02,3,0,0,,32.95,2,26.40,1,21.70,1
2026-09-03 07:04:24,21.57,3,0,0,,23.85,2,17.80,1,23.05,1
2026-09-03 07:04:37,24.75,3,0,0,,26.45,2,25.95,1,21.85,2
2026-09-03 07:04:50,26.52,3,0,0,,32.50,2,17.65,1,29.40,2
2026-09-03 07:05:03,30.33,3,0,0,,33.05,2,26.00,1,31.95,2
2026-09-03 07:05:17,25.45,3,0,0,,32.30,2,17.80,1,26.25,2
2026-09-03 07:05:29,26.27,3,0,0,,28.55,2,25.60,1,24.65,2
2026-09-03 07:05:43,25.90,3,0,0,,27.80,2,17.65,1,32.25,2
2026-09-03 07:05:56,27.48,3,0,0,,31.65,2,22.25,2,28.55,2
2026-09-03 07:06:09,24.17,3,0,0,,24.45,2,23.40,2,24.65,2
2026-09-03 07:06:22,27.75,3,0,0,,32.80,2,24.40,2,26.05,2
2026-09-03 07:06:35,27.43,3,0,0,,24.45,2,33.25,2,24.60,2
2026-09-03 07:06:48,30.22,3,0,0,,32.75,2,28.45,2,29.45,2
2026-09-03 07:07:01,25.48,3,0,0,,28.50,2,24.50,2,23.45,2
2026-09-03 07:07:15,28.58,3,0,0,,26.70,3,32.35,2,26.70,2
2026-09-03 07:07:28,28.72,3,0,0,,29.00,3,28.55,2,28.60,2
2026-09-03 07:07:41,30.37,3,0,0,,35.20,3,28.45,2,27.45,2
2026-09-03 07:07:55,30.85,3,0,0,,39.90,3,23.90,2,28.75,2
2026-09-03 07:08:08,32.27,3,0,0,,39.40,3,30.30,2,27.10,2
2026-09-03 07:08:21,32.33,3,0,0,,35.25,3,28.55,2,33.20,2
2026-09-03 07:08:34,30.37,3,0,0,,31.30,3,24.70,2,35.10,3
2026-09-03 07:08:47,34.85,3,0,0,,36.65,3,33.00,2,34.90,3
2026-09-03 07:09:00,30.50,3,0,0,,33.80,3,24.75,2,32.95,3
2026-09-03 07:09:13,34.20,3,0,0,,34.20,3,32.90,2,35.50,3
2026-09-03 07:09:26,30.33,3,0,0,,35.25,3,24.50,2,31.25,3
2026-09-03 07:09:39,32.20,3,0,0,,32.75,3,29.30,2,34.55,3
2026-09-03 07:09:52,36.45,3,0,0,,39.80,3,29.65,3,39.90,3
2026-09-03 07:10:05,32.15,3,0,0,,35.25,3,30.05,3,31.15,3
2026-09-03 07:10:18,33.32,3,0,0,,33.85,3,30.85,3,35.25,3
2026-09-03 07:10:32,33.92,3,0,0,,35.25,3,35.25,3,31.25,3
2026-09-03 07:10:45,36.00,3,0,0,,33.65,3,35.10,3,39.25,3
2026-09-03 07:10:58,34.27,3,0,0,,40.05,3,31.50,3,31.25,3
2026-09-03 07:11:11,39.27,3,0,0,,41.85,4,39.05,3,36.90,3
2026-09-03 07:11:24,37.33,3,0,0,,41.70,4,35.05,3,35.25,3
2026-09-03 07:11:38,37.45,3,0,0,,39.50,4,39.70,3,33.15,3
2026-09-03 07:11:51,36.07,3,0,0,,37.90,4,35.05,3,35.25,3
2026-09-03 07:12:05,35.35,3,0,0,,37.75,4,34.35,3,33.95,3
2026-09-03 07:12:17,37.50,3,0,0,,39.95,4,35.05,3,37.50,4
2026-09-03 07:12:30,38.07,3,0,0,,45.95,4,32.35,3,35.90,4
2026-09-03 07:12:44,38.70,3,0,0,,41.90,4,37.15,3,37.05,4
2026-09-03 07:12:57,36.77,3,0,0,,42.05,4,30.60,3,37.65,4
2026-09-03 07:13:10,41.57,3,0,0,,45.60,4,37.15,3,41.95,4
2026-09-03 07:13:24,36.88,3,0,0,,37.70,4,31.05,3,41.90,4
2026-09-03 07:13:37,38.50,3,0,0,,43.80,4,33.55,4,38.15,4
2026-09-03 07:13:50,43.52,3,0,0,,42.00,4,44.40,4,44.15,4
2026-09-03 07:14:04,41.83,3,0,0,,37.80,4,45.85,4,41.85,4
2026-09-03 07:14:18,43.82,3,0,0,,44.10,4,41.15,4,46.20,4
2026-09-03 07:14:31,42.77,3,0,0,,37.85,4,44.10,4,46.35,4
2026-09-03 07:14:44,42.50,3,0,0,,45.45,4,44.15,4,37.90,4
2026-09-03 07:14:58,45.58,3,0,0,,48.50,5,42.00,4,46.25,4
2026-09-03 07:15:11,39.67,3,0,0,,43.10,5,38.05,4,37.85,4
2026-09-03 07:15:24,41.98,3,0,0,,48.75,5,38.40,4,38.80,4
2026-09-03 07:15:37,44.42,3,0,0,,48.70,5,37.85,4,46.70,4
2026-09-03 07:15:50,41.85,3,0,0,,48.75,5,38.35,4,38.45,4
2026-09-03 07:16:04,47.25,3,0,0,,48.80,5,46.65,4,46.30,5
2026-09-03 07:16:17,42.42,3,0,0,,44.70,5,38.05,4,44.50,5
2026-09-03 07:16:31,47.28,3,0,0,,47.70,5,46.45,4,47.70,5
2026-09-03 07:16:44,46.87,3,0,0,,49.95,5,42.00,4,48.65,5
2026-09-03 07:16:58,48.73,3,0,0,,52.60,5,40.35,4,53.25,5
2026-09-03 07:17:11,49.37,3,0,0,,52.60,5,46.80,4,48.70,5
2026-09-03 07:17:24,47.30,3,0,0,,48.90,5,44.25,5,48.75,5
2026-09-03 07:17:37,47.60,3,0,0,,46.70,5,51.45,5,44.65,5
2026-09-03 07:17:51,47.82,3,0,0,,48.75,5,46.05,5,48.65,5
2026-09-03 07:18:04,45.22,3,0,0,,44.45,5,44.80,5,46.40,5
2026-09-03 07:18:17,47.27,3,0,0,,46.20,5,44.80,5,50.80,5
2026-09-03 07:18:31,51.62,3,0,0,,53.50,5,48.30,5,53.05,5
2026-09-03 07:18:44,48.92,3,0,0,,50.95,6,51.20,5,44.60,5
2026-09-03 07:18:57,54.48,3,0,0,,57.70,6,53.20,5,52.55,5
2026-09-03 07:19:11,48.70,3,0,0,,52.80,6,48.80,5,44.50,5
2026-09-03 07:19:24,51.15,3,0,0,,55.50,6,53.30,5,44.65,5
2026-09-03 07:19:37,50.98,3,0,0,,55.50,6,44.80,5,52.65,5
2026-09-03 07:19:51,47.18,3,0,0,,51.70,6,45.25,5,44.60,5
2026-09-03 07:20:04,51.77,3,0,0,,56.15,6,53.30,5,45.85,6
2026-09-03 07:20:17,50.80,3,0,0,,53.50,6,44.80,5,54.10,6
2026-09-03 07:20:31,54.03,3,0,0,,55.80,6,53.05,5,53.25,6
2026-09-03 07:20:44,51.23,3,0,0,,53.45,6,48.95,5,51.30,6
2026-09-03 07:20:57,52.22,3,0,0,,60.20,6,44.85,5,51.60,6
2026-09-03 07:21:10,54.38,3,0,0,,55.55,6,50.45,6,57.15,6
2026-09-03 07:21:24,52.78,3,0,0,,51.35,6,49.60,6,57.40,6
2026-09-03 07:21:38,56.60,3,0,0,,58.80,6,51.05,6,59.95,6
2026-09-03 07:21:51,57.07,3,0,0,,55.55,6,55.75,6,59.90,6
2026-09-03 07:22:04,56.75,3,0,0,,53.10,6,57.15,6,60.00,6
2026-09-03 07:22:18,55.25,3,0,0,,53.80,6,60.50,6,51.45,6
2026-09-03 07:22:31,54.57,3,0,0,,61.00,7,51.40,6,51.30,6
2026-09-03 07:22:44,57.05,3,0,0,,58.70,7,53.20,6,59.25,6
2026-09-03 07:22:58,53.95,3,0,0,,58.70,7,51.90,6,51.25,6
2026-09-03 07:23:12,57.67,3,0,0,,62.20,7,51.65,6,59.15,6
2026-09-03 07:23:25,59.97,3,0,0,,64.25,7,55.85,6,59.80,6
2026-09-03 07:23:39,56.18,3,0,0,,62.15,7,55.75,6,50.65,6
2026-09-03 07:23:53,55.48,3,0,0,,58.20,7,50.65,6,57.60,7
2026-09-03 07:24:06,60.03,3,0,0,,60.65,7,54.80,6,64.65,7
2026-09-03 07:24:20,60.03,3,0,0,,58.15,7,55.70,6,66.25,7
2026-09-03 07:24:34,58.17,3,0,0,,62.25,7,54.20,6,58.05,7
2026-09-03 07:24:47,59.22,3,0,0,,60.00,7,60.35,6,57.30,7
2026-09-03 07:25:01,62.20,3,0,0,,66.75,7,60.20,7,59.65,7
2026-09-03 07:25:14,64.62,3,0,0,,67.00,7,60.75,7,66.10,7
2026-09-03 07:25:27,61.27,3,0,0,,57.15,7,60.50,7,66.15,7
2026-09-03 07:25:41,61.40,3,0,0,,61.15,7,59.35,7,63.70,7
2026-09-03 07:25:54,61.75,3,0,0,,62.15,7,62.60,7,60.50,7
2026-09-03 07:26:07,63.57,3,0,0,,58.35,7,65.50,7,66.85,7
2026-09-03 07:26:20,57.80,3,0,0,,57.20,8,58.05,7,58.15,7
2026-09-03 07:26:34,61.12,3,0,0,,65.35,8,60.35,7,57.65,7
2026-09-03 07:26:47,67.35,3,0,0,,72.40,8,66.75,7,62.90,7
2026-09-03 07:27:00,63.77,3,0,0,,70.70,8,58.60,7,62.00,7
2026-09-03 07:27:14,61.23,3,0,0,,65.15,8,58.65,7,59.90,7
2026-09-03 07:27:28,66.03,3,0,0,,64.45,8,67.25,7,66.40,7
2026-09-03 07:27:42,62.48,3,0,0,,66.45,8,58.50,7,62.50,8
2026-09-03 07:27:55,65.08,3,0,0,,71.10,8,61.65,7,62.50,8
2026-09-03 07:28:08,66.45,3,0,0,,73.80,8,61.90,7,63.65,8
2026-09-03 07:28:21,65.85,3,0,0,,66.40,8,62.45,7,68.70,8
2026-09-03 07:28:34,64.47,3,0,0,,66.10,8,59.00,7,68.30,8
2026-09-03 07:28:48,69.57,3,0,0,,73.45,8,66.40,8,68.85,8
2026-09-03 07:29:02,66.42,3,0,0,,64.55,8,61.20,8,73.50,8
2026-09-03 07:29:15,67.40,3,0,0,,65.15,8,72.80,8,64.25,8
2026-09-03 07:29:28,67.53,3,0,0,,65.20,8,73.00,8,64.40,8
2026-09-03 07:29:42,71.53,3,0,0,,73.05,8,68.55,8,73.00,8
2026-09-03 07:29:55,68.15,3,0,0,,64.10,8,71.65,8,68.70,8
2026-09-03 07:30:09,66.50,3,0,0,,67.20,9,67.15,8,65.15,8
2026-09-03 07:30:22,74.77,3,0,0,,78.20,9,73.05,8,73.05,8
2026-09-03 07:30:36,70.68,3,0,0,,72.00,9,69.15,8,70.90,8
2026-09-03 07:30:49,71.30,3,0,0,,71.30,9,73.85,8,68.75,8
2026-09-03 07:31:03,69.97,3,0,0,,75.65,9,68.20,8,66.05,8
2026-09-03 07:31:18,72.12,3,0,0,,75.80,9,66.80,8,73.75,9
2026-09-03 07:31:31,75.57,3,0,0,,80.35,9,73.70,8,72.65,9
2026-09-03 07:31:44,73.18,3,0,0,,79.90,9,65.15,8,74.50,9
2026-09-03 07:31:57,76.12,3,0,0,,80.45,9,68.30,8,79.60,9
2026-09-03 07:32:12,75.05,3,0,0,,79.80,9,68.05,8,77.30,9
2026-09-03 07:32:26,76.78,3,0,0,,76.85,9,73.95,8,79.55,9
2026-09-03 07:32:40,75.12,3,0,0,,80.00,9,71.30,9,74.05,9
2026-09-03 07:32:53,73.63,3,0,0,,71.25,9,73.45,9,76.20,9
2026-09-03 07:33:07,76.37,3,0,0,,74.65,9,74.35,9,80.10,9
2026-09-03 07:33:20,76.82,3,0,0,,74.75,9,75.85,9,79.85,9
2026-09-03 07:33:33,76.68,3,0,0,,75.00,9,77.75,9,77.30,9
2026-09-03 07:33:47,77.72,3,0,0,,75.60,9,80.55,9,77.00,9
2026-09-03 07:34:01,74.32,3,0,0,,71.75,9,75.85,9,75.35,9
2026-09-03 07:34:14,76.85,3,0,0,,77.25,9,80.30,9,73.00,9
2026-09-03 07:34:28,74.12,3,0,0,,73.70,9,69.15,8,79.50,9
2026-09-03 07:34:41,74.20,3,0,0,,79.75,9,66.15,8,76.70,9
2026-09-03 07:34:54,74.68,3,0,0,,70.50,9,73.45,8,80.10,9
2026-09-03 07:35:08,72.80,3,0,0,,73.65,9,73.45,8,71.30,9
2026-09-03 07:35:22,74.03,3,0,0,,73.70,9,69.15,8,79.25,9
2026-09-03 07:35:35,72.25,3,0,0,,77.05,9,66.80,8,72.90,8
2026-09-03 07:35:49,74.03,3,0,0,,75.65,9,73.80,8,72.65,8
2026-09-03 07:36:02,69.98,3,0,0,,71.80,9,69.30,8,68.85,8
2026-09-03 07:36:15,70.03,3,0,0,,74.35,9,69.15,8,66.60,8
2026-09-03 07:36:28,70.38,3,0,0,,72.05,9,65.95,8,73.15,8
2026-09-03 07:36:42,71.52,3,0,0,,70.60,9,73.30,8,70.65,8
2026-09-03 07:36:55,67.38,3,0,0,,68.95,8,64.45,8,68.75,8
2026-09-03 07:37:09,65.48,3,0,0,,65.35,8,64.35,8,66.75,8
2026-09-03 07:37:22,68.27,3,0,0,,65.50,8,65.85,8,73.45,8
2026-09-03 07:37:35,69.97,3,0,0,,67.65,8,73.40,8,68.85,8
2026-09-03 07:37:49,69.07,3,0,0,,73.80,8,64.65,8,68.75,8
2026-09-03 07:38:02,63.17,3,0,0,,65.00,8,58.60,7,65.90,8
2026-09-03 07:38:15,67.27,3,0,0,,69.85,8,58.75,7,73.20,8
2026-09-03 07:38:29,65.77,3,0,0,,66.70,8,66.75,7,63.85,8
2026-09-03 07:38:42,66.72,3,0,0,,73.35,8,58.05,7,68.75,8
2026-09-03 07:38:56,64.95,3,0,0,,64.70,8,63.90,7,66.25,8
2026-09-03 07:39:09,66.32,3,0,0,,68.25,8,64.70,7,66.00,7
2026-09-03 07:39:23,65.90,3,0,0,,68.35,8,67.25,7,62.10,7
2026-09-03 07:39:36,63.87,3,0,0,,70.95,8,58.45,7,62.20,7
2026-09-03 07:39:49,63.90,3,0,0,,68.95,8,64.50,7,58.25,7
2026-09-03 07:40:02,64.72,3,0,0,,65.30,8,62.55,7,66.30,7
2026-09-03 07:40:16,62.95,3,0,0,,63.90,7,67.25,7,57.70,7
2026-09-03 07:40:29,60.45,3,0,0,,61.05,7,58.70,7,61.60,7
2026-09-03 07:40:43,63.27,3,0,0,,62.10,7,66.75,7,60.95,7
2026-09-03 07:40:56,59.50,3,0,0,,58.45,7,58.05,7,62.00,7
2026-09-03 07:41:09,61.00,3,0,0,,66.30,7,58.60,7,58.10,7
2026-09-03 07:41:22,61.62,3,0,0,,67.05,7,51.85,7,65.95,7
2026-09-03 07:41:35,62.90,3,0,0,,62.10,7,59.65,6,66.95,7
2026-09-03 07:41:49,57.08,3,0,0,,58.20,7,51.05,6,62.00,7
2026-09-03 07:42:02,59.98,3,0,0,,66.20,7,55.20,6,58.55,7
2026-09-03 07:42:15,59.60,3,0,0,,57.20,7,55.20,6,66.40,7
2026-09-03 07:42:28,58.53,3,0,0,,62.15,7,55.65,6,57.80,7
2026-09-03 07:42:42,53.83,3,0,0,,58.70,7,52.40,6,50.40,6
2026-09-03 07:42:55,59.98,3,0,0,,66.35,7,60.15,6,53.45,6
2026-09-03 07:43:08,56.17,3,0,0,,57.30,7,55.95,6,55.25,6
2026-09-03 07:43:21,54.05,3,0,0,,59.00,7,51.65,6,51.50,6
2026-09-03 07:43:35,59.00,3,0,0,,59.45,7,57.80,6,59.75,6
2026-09-03 07:43:48,58.28,3,0,0,,59.55,6,55.75,6,59.55,6
2026-09-03 07:44:01,51.88,3,0,0,,50.40,6,54.10,6,51.15,6
2026-09-03 07:44:14,55.33,3,0,0,,54.30,6,54.60,6,57.10,6
2026-09-03 07:44:28,56.70,3,0,0,,54.35,6,60.45,6,55.30,6
2026-09-03 07:44:41,54.47,3,0,0,,60.30,6,51.70,6,51.40,6
2026-09-03 07:44:54,51.50,3,0,0,,51.45,6,50.60,6,52.45,6
2026-09-03 07:45:07,55.22,3,0,0,,57.10,6,48.85,5,59.70,6
2026-09-03 07:45:20,51.83,3,0,0,,55.45,6,48.85,5,51.20,6
2026-09-03 07:45:33,53.00,3,0,0,,55.45,6,46.90,5,56.65,6
2026-09-03 07:45:46,53.85,3,0,0,,51.50,6,53.65,5,56.40,6
2026-09-03 07:45:59,53.23,3,0,0,,59.45,6,45.00,5,55.25,6
2026-09-03 07:46:12,48.40,3,0,0,,50.60,6,49.95,5,44.65,5
2026-09-03 07:46:26,52.60,3,0,0,,51.55,6,53.50,5,52.75,5
2026-09-03 07:46:39,47.48,3,0,0,,53.35,6,44.85,5,44.25,5
2026-09-03 07:46:52,52.57,3,0,0,,60.25,6,52.85,5,44.60,5
2026-09-03 07:47:06,49.80,3,0,0,,51.80,6,44.80,5,52.80,5
2026-09-03 07:47:19,46.60,3,0,0,,50.80,5,44.80,5,44.20,5
2026-09-03 07:47:32,50.23,3,0,0,,50.80,5,50.95,5,48.95,5
2026-09-03 07:47:45,50.27,3,0,0,,48.75,5,48.95,5,53.10,5
2026-09-03 07:47:58,47.52,3,0,0,,46.70,5,47.20,5,48.65,5
2026-09-03 07:48:11,51.07,3,0,0,,53.45,5,53.65,5,46.10,5
2026-09-03 07:48:24,49.75,3,0,0,,48.95,5,46.90,5,53.40,5
2026-09-03 07:48:37,42.52,3,0,0,,44.75,5,38.10,4,44.70,5
2026-09-03 07:48:51,48.13,3,0,0,,52.95,5,46.35,4,45.10,5
2026-09-03 07:49:04,45.02,3,0,0,,44.05,5,37.95,4,53.05,5
2026-09-03 07:49:17,43.68,3,0,0,,47.85,5,38.60,4,44.60,5
2026-09-03 07:49:31,50.05,3,0,0,,50.70,5,46.75,4,52.70,5
2026-09-03 07:49:44,43.03,3,0,0,,48.80,5,38.25,4,42.05,4
2026-09-03 07:49:57,43.72,3,0,0,,47.05,5,46.30,4,37.80,4
2026-09-03 07:50:10,45.13,3,0,0,,53.55,5,37.90,4,43.95,4
2026-09-03 07:50:23,40.00,3,0,0,,44.80,5,38.45,4,36.75,4
2026-09-03 07:50:37,45.47,3,0,0,,45.90,5,46.75,4,43.75,4
2026-09-03 07:50:49,43.38,3,0,0,,45.80,4,38.00,4,46.35,4
2026-09-03 07:51:02,40.10,3,0,0,,36.90,4,46.00,4,37.40,4
2026-09-03 07:51:15,42.25,3,0,0,,41.35,4,42.10,4,43.30,4
2026-09-03 07:51:28,42.05,3,0,0,,46.20,4,38.05,4,41.90,4
2026-09-03 07:51:41,42.57,3,0,0,,42.00,4,45.90,4,39.80,4
2026-09-03 07:51:54,39.67,3,0,0,,40.35,4,35.15,3,43.50,4
2026-09-03 07:52:07,39.43,3,0,0,,41.90,4,34.50,3,41.90,4
2026-09-03 07:52:20,39.58,3,0,0,,39.00,4,39.40,3,40.35,4
2026-09-03 07:52:33,37.82,3,0,0,,40.55,4,31.05,3,41.85,4
2026-09-03 07:52:46,39.72,3,0,0,,41.85,4,38.95,3,38.35,4
2026-09-03 07:53:00,36.98,3,0,0,,38.60,4,31.00,3,41.35,4
2026-09-03 07:53:13,41.15,3,0,0,,46.40,4,36.95,3,40.10,3
2026-09-03 07:53:26,36.38,3,0,0,,38.00,4,39.70,3,31.45,3
2026-09-03 07:53:38,36.32,3,0,0,,38.20,4,31.10,3,39.65,3
2026-09-03 07:53:51,40.18,3,0,0,,46.15,4,39.10,3,35.30,3
2026-09-03 07:54:05,33.85,3,0,0,,37.40,4,30.80,3,33.35,3
2026-09-03 07:54:18,35.22,3,0,0,,32.55,3,33.25,3,39.85,3
2026-09-03 07:54:32,34.93,3,0,0,,34.65,3,38.95,3,31.20,3
2026-09-03 07:54:45,36.83,3,0,0,,40.05,3,35.10,3,35.35,3
2026-09-03 07:54:58,34.48,3,0,0,,31.20,3,32.95,3,39.30,3
2026-09-03 07:55:11,36.03,3,0,0,,37.70,3,39.80,3,30.60,3
2026-09-03 07:55:24,31.03,3,0,0,,30.90,3,23.65,3,38.55,3
2026-09-03 07:55:37,29.60,3,0,0,,31.45,3,27.05,2,30.30,3
2026-09-03 07:55:51,31.83,3,0,0,,32.05,3,28.05,2,35.40,3
2026-09-03 07:56:04,32.97,3,0,0,,39.15,3,28.45,2,31.30,3
2026-09-03 07:56:17,32.02,3,0,0,,35.20,3,24.10,2,36.75,3
2026-09-03 07:56:30,31.15,3,0,0,,31.10,3,27.05,2,35.30,3
2026-09-03 07:56:43,31.67,3,0,0,,36.55,3,33.25,2,25.20,2
2026-09-03 07:56:56,30.20,3,0,0,,35.25,3,24.60,2,30.75,2
2026-09-03 07:57:08,31.50,3,0,0,,32.95,3,32.90,2,28.65,2
2026-09-03 07:57:21,32.22,3,0,0,,40.00,3,28.55,2,28.10,2
2026-09-03 07:57:34,30.47,3,0,0,,35.40,3,27.40,2,28.60,2
2026-09-03 07:57:47,26.87,3,0,0,,25.50,3,28.45,2,26.65,2
2026-09-03 07:58:00,30.65,3,0,0,,32.95,2,26.20,2,32.80,2
2026-09-03 07:58:12,27.42,3,0,0,,24.40,2,33.30,2,24.55,2
2026-09-03 07:58:25,29.83,3,0,0,,32.55,2,24.35,2,32.60,2
2026-09-03 07:58:38,28.42,3,0,0,,28.40,2,32.35,2,24.50,2
2026-09-03 07:58:52,28.27,3,0,0,,27.80,2,24.35,2,32.65,2
2026-09-03 07:59:04,26.03,3,0,0,,28.40,2,21.10,1,28.60,2
2026-09-03 07:59:17,24.90,3,0,0,,25.90,2,21.85,1,26.95,2
2026-09-03 07:59:30,27.10,3,0,0,,32.80,2,19.90,1,28.60,2
2026-09-03 07:59:43,24.03,3,0,0,,24.30,2,21.65,1,26.15,2
2026-09-03 07:59:56,27.58,3,0,0,,30.45,2,19.20,1,33.10,2
2026-09-03 08:00:09,25.48,3,0,0,,28.40,2,26.45,1,21.60,1
2026-09-03 08:00:22,21.88,3,0,0,,26.95,2,17.70,1,21.00,1
2026-09-03 08:00:34,26.73,3,0,0,,32.75,2,25.85,1,21.60,1
2026-09-03 08:00:47,20.85,3,0,0,,24.40,2,17.65,1,20.50,1
2026-09-03 08:01:00,27.45,3,0,0,,30.50,2,25.45,1,26.40,1
2026-09-03 08:01:13,21.65,3,0,0,,28.50,2,17.50,1,18.95,1
2026-09-03 08:01:26,22.55,3,0,0,,19.95,1,21.30,1,26.40,1
2026-09-03 08:01:38,21.90,3,0,0,,26.20,1,21.65,1,17.85,1
2026-09-03 08:01:51,21.28,3,0,0,,17.70,1,20.00,1,26.15,1
2026-09-03 08:02:04,21.62,3,0,0,,25.65,1,21.65,1,17.55,1
2026-09-03 08:02:17,21.17,3,0,0,,17.65,1,20.20,1,25.65,1
2026-09-03 08:02:30,19.92,2,1,0,,23.10,1,19.60,0,17.05,1
2026-09-03 08:02:43,19.53,2,1,0,,21.65,1,13.30,0,23.65,1
2026-09-03 08:02:55,17.28,2,1,0,,20.25,1,9.90,0,21.70,1
2026-09-03 08:03:08,20.08,2,1,0,,21.65,1,19.20,0,19.40,1
2026-09-03 08:03:20,18.88,2,1,0,,18.70,1,11.50,0,26.45,1
2026-09-03 08:03:34,17.62,2,1,0,,26.15,1,15.00,0,11.70,1
2026-09-03 08:03:46,16.57,1,2,0,,17.65,1,17.05,0,15.00,0
2026-09-03 08:03:58,16.78,1,2,0,,24.10,1,10.95,0,15.30,0
2026-09-03 08:04:11,15.72,1,2,0,,16.65,1,19.80,0,10.70,0
2026-09-03 08:04:24,18.55,1,2,0,,22.80,1,13.50,0,19.35,0
2026-09-03 08:04:37,15.10,1,2,0,,21.65,1,10.40,0,13.25,0
2026-09-03 08:04:49,15.00,0,3,0,,11.05,0,18.95,0,15.00,0
2026-09-03 08:05:02,16.08,0,3,0,,19.85,0,11.30,0,17.10,0
2026-09-03 08:05:14,13.10,0,3,0,,13.35,0,14.95,0,11.00,0
2026-09-03 08:05:27,16.28,0,3,0,,15.05,0,14.10,0,19.70,0
2026-09-03 08:05:39,13.75,0,3,0,,17.20,0,10.65,0,13.40,0
2026-09-03 08:05:52,15.13,0,3,0,,11.10,0,19.20,0,15.10,0
2026-09-03 08:06:04,16.80,0,3,0,,19.85,0,11.65,0,18.90,0
2026-09-03 08:06:17,13.05,0,3,0,,13.15,0,14.95,0,11.05,0
2026-09-03 08:06:29,16.42,0,3,0,,15.05,0,14.40,0,19.80,0
2026-09-03 08:06:42,14.22,1,2,0,,17.60,1,10.85,0,14.20,0
2026-09-03 08:06:55,18.70,1,2,0,,25.55,1,19.65,0,10.90,0
2026-09-03 08:07:08,18.70,1,2,0,,23.25,1,13.35,0,19.50,0
2026-09-03 08:07:20,14.52,1,2,0,,20.75,1,10.00,0,12.80,0
2026-09-03 08:07:33,19.90,1,2,0,,25.70,1,19.00,0,15.00,0
2026-09-03 08:07:46,17.88,2,1,0,,21.75,1,12.70,0,19.20,1
2026-09-03 08:07:59,17.13,2,1,0,,18.20,1,15.00,0,18.20,1
2026-09-03 08:08:12,19.30,2,1,0,,21.10,1,19.00,0,17.80,1
2026-09-03 08:08:25,17.73,2,1,0,,19.95,1,11.40,0,21.85,1
2026-09-03 08:08:38,19.58,2,1,0,,26.30,1,15.00,0,17.45,1
2026-09-03 08:08:51,19.20,2,1,0,,18.00,1,18.90,0,20.70,1
2026-09-03 08:09:04,21.32,3,0,0,,26.25,1,11.10,1,26.60,1
2026-09-03 08:09:18,16.47,3,0,0,,17.70,1,14.30,1,17.40,1
2026-09-03 08:09:31,23.47,3,0,0,,26.35,1,26.30,1,17.75,1
2026-09-03 08:09:44,21.65,3,0,0,,17.65,1,25.50,1,21.80,1
2026-09-03 08:09:57,24.23,3,0,0,,25.60,1,26.20,1,20.90,1
2026-09-03 08:10:11,19.02,3,0,0,,17.60,1,17.50,1,21.95,1
2026-09-03 08:10:24,22.57,3,0,0,,23.80,2,23.15,1,20.75,1
2026-09-03 08:10:37,23.58,3,0,0,,22.50,2,26.40,1,21.85,1
2026-09-03 08:10:50,24.38,3,0,0,,23.70,2,26.20,1,23.25,1
2026-09-03 08:11:03,22.37,3,0,0,,28.60,2,16.65,1,21.85,1
2026-09-03 08:11:16,24.05,3,0,0,,28.60,2,23.45,1,20.10,1
2026-09-03 08:11:29,22.68,3,0,0,,24.65,2,21.60,1,21.80,1
2026-09-03 08:11:42,22.32,3,0,0,,26.75,2,20.25,1,19.95,2
2026-09-03 08:11:55,26.93,3,0,0,,32.90,2,21.60,1,26.30,2
2026-09-03 08:12:08,27.72,3,0,0,,33.35,2,21.25,1,28.55,2
2026-09-03 08:12:21,26.83,3,0,0,,28.60,2,21.75,1,30.15,2
2026-09-03 08:12:34,25.00,3,0,0,,24.95,2,19.45,1,30.60,2
2026-09-03 08:12:47,27.02,3,0,0,,30.85,2,21.60,1,28.60,2
2026-09-03 08:13:01,22.97,3,0,0,,23.55,2,19.65,2,25.70,2
2026-09-03 08:13:14,29.38,3,0,0,,30.50,2,26.85,2,30.80,2
2026-09-03 08:13:27,30.77,3,0,0,,28.70,2,33.10,2,30.50,2
2026-09-03 08:13:40,27.30,3,0,0,,26.35,2,27.50,2,28.05,2
2026-09-03 08:13:53,30.83,3,0,0,,33.40,2,30.50,2,28.60,2
2026-09-03 08:14:06,26.72,3,0,0,,24.75,2,28.35,2,27.05,2
2026-09-03 08:14:19,28.53,3,0,0,,27.70,3,24.65,2,33.25,2
2026-09-03 08:14:32,28.32,3,0,0,,29.70,3,30.55,2,24.70,2
2026-09-03 08:14:46,33.73,3,0,0,,40.05,3,27.70,2,33.45,2
2026-09-03 08:14:59,32.42,3,0,0,,38.70,3,32.90,2,25.65,2
2026-09-03 08:15:12,29.43,3,0,0,,35.30,3,24.40,2,28.60,2
2026-09-03 08:15:26,29.60,3,0,0,,31.30,3,32.85,2,24.65,2
2026-09-03 08:15:39,28.50,3,0,0,,34.80,3,23.95,2,26.75,3
2026-09-03 08:15:52,34.48,3,0,0,,38.85,3,30.55,2,34.05,3
2026-09-03 08:16:05,33.60,3,0,0,,36.95,3,23.90,2,39.95,3
2026-09-03 08:16:19,35.07,3,0,0,,35.30,3,32.40,2,37.50,3
2026-09-03 08:16:32,32.50,3,0,0,,33.30,3,24.35,2,39.85,3
2026-09-03 08:16:45,32.55,3,0,0,,39.20,3,27.65,3,30.80,3
2026-09-03 08:16:59,30.63,3,0,0,,30.15,3,28.20,3,33.55,3
2026-09-03 08:17:12,35.62,3,0,0,,36.75,3,30.35,3,39.75,3
2026-09-03 08:17:25,34.80,3,0,0,,35.45,3,35.25,3,33.70,3
2026-09-03 08:17:38,37.73,3,0,0,,33.65,3,39.85,3,39.70,3
2026-09-03 08:17:52,35.33,3,0,0,,39.45,3,35.15,3,31.40,3
2026-09-03 08:18:05,35.87,3,0,0,,36.85,4,31.25,3,39.50,3
2026-09-03 08:18:18,37.55,3,0,0,,44.30,4,37.15,3,31.20,3
2026-09-03 08:18:31,37.60,3,0,0,,43.90,4,35.10,3,33.80,3
2026-09-03 08:18:44,36.47,3,0,0,,39.55,4,34.60,3,35.25,3
2026-09-03 08:18:57,36.97,3,0,0,,37.80,4,39.65,3,33.45,3
2026-09-03 08:19:12,34.00,3,0,0,,40.55,4,31.30,3,30.15,3
2026-09-03 08:19:25,41.42,3,0,0,,46.75,4,39.90,3,37.60,4
2026-09-03 08:19:39,37.08,3,0,0,,37.95,4,31.30,3,42.00,4
2026-09-03 08:19:52,39.68,3,0,0,,41.95,4,37.10,3,40.00,4
2026-09-03 08:20:05,36.67,3,0,0,,41.95,4,30.05,3,38.00,4
2026-09-03 08:20:19,39.90,3,0,0,,41.35,4,37.25,3,41.10,4
2026-09-03 08:20:33,38.93,3,0,0,,42.05,4,31.15,4,43.60,4
2026-09-03 08:20:46,41.50,3,0,0,,39.95,4,42.60,4,41.95,4
2026-09-03 08:20:59,41.83,3,0,0,,45.20,4,42.35,4,37.95,4
2026-09-03 08:21:12,39.50,3,0,0,,42.05,4,39.40,4,37.05,4
2026-09-03 08:21:25,39.18,3,0,0,,41.55,4,37.90,4,38.10,4
2026-09-03 08:21:38,41.28,3,0,0,,41.95,4,41.05,4,40.85,4
2026-09-03 08:21:51,42.12,3,0,0,,42.05,5,42.35,4,41.95,4
2026-09-03 08:22:04,43.30,3,0,0,,44.35,5,46.65,4,38.90,4
2026-09-03 08:22:17,45.40,3,0,0,,51.75,5,37.70,4,46.75,4
2026-09-03 08:22:31,44.72,3,0,0,,50.30,5,41.90,4,41.95,4
2026-09-03 08:22:44,41.73,3,0,0,,46.65,5,37.15,4,41.40,4
2026-09-03 08:23:00,43.40,3,0,0,,46.40,5,45.90,4,37.90,4
2026-09-03 08:23:13,43.45,3,0,0,,52.65,5,37.40,4,40.30,5
2026-09-03 08:23:26,46.17,3,0,0,,48.55,5,43.35,4,46.60,5
2026-09-03 08:23:40,45.47,3,0,0,,44.60,5,42.00,4,49.80,5
2026-09-03 08:23:53,44.33,3,0,0,,48.65,5,37.85,4,46.50,5
2026-09-03 08:24:06,46.98,3,0,0,,48.75,5,45.45,4,46.75,5
2026-09-03 08:24:21,47.35,3,0,0,,50.55,5,37.90,4,53.60,5
2026-09-03 08:24:34,47.43,3,0,0,,48.75,5,40.20,5,53.35,5
2026-09-03 08:24:47,47.60,3,0,0,,46.85,5,51.85,5,44.10,5
2026-09-03 08:25:01,47.45,3,0,0,,49.85,5,47.75,5,44.75,5
2026-09-03 08:25:14,47.57,3,0,0,,48.60,5,45.30,5,48.80,5
2026-09-03 08:25:27,46.70,3,0,0,,46.40,5,48.80,5,44.90,5
2026-09-03 08:25:40,50.78,3,0,0,,53.05,6,53.25,5,46.05,5
2026-09-03 08:25:53,52.43,3,0,0,,50.90,6,52.85,5,53.55,5
2026-09-03 08:26:07,47.68,3,0,0,,54.50,6,43.55,5,45.00,5
2026-09-03 08:26:20,53.90,3,0,0,,60.00,6,48.65,5,53.05,5
2026-09-03 08:26:33,53.88,3,0,0,,59.15,6,48.80,5,53.70,5
2026-09-03 08:26:47,48.97,3,0,0,,55.25,6,46.80,5,44.85,5
2026-09-03 08:27:00,53.35,3,0,0,,60.15,6,50.45,5,49.45,6
2026-09-03 08:27:16,49.32,3,0,0,,51.35,6,44.70,5,51.90,6
2026-09-03 08:27:29,53.27,3,0,0,,54.90,6,53.00,5,51.90,6
2026-09-03 08:27:42,52.62,3,0,0,,52.65,6,44.65,5,60.55,6
2026-09-03 08:27:55,53.57,3,0,0,,56.15,6,44.70,5,59.85,6
2026-09-03 08:28:09,56.15,3,0,0,,59.55,6,53.05,5,55.85,6
2026-09-03 08:28:22,52.20,3,0,0,,51.15,6,53.15,6,52.30,6
2026-09-03 08:28:36,53.80,3,0,0,,57.05,6,52.40,6,51.95,6
2026-09-03 08:28:49,52.98,3,0,0,,55.25,6,51.45,6,52.25,6
2026-09-03 08:29:02,55.70,3,0,0,,55.25,6,60.10,6,51.75,6
2026-09-03 08:29:15,56.75,3,0,0,,52.20,6,60.15,6,57.90,6
2026-09-03 08:29:29,55.77,3,0,0,,59.95,7,51.30,6,56.05,6
2026-09-03 08:29:42,56.52,3,0,0,,59.80,7,53.90,6,55.85,6
2026-09-03 08:29:55,55.57,3,0,0,,58.05,7,54.35,6,54.30,6
2026-09-03 08:30:09,56.50,3,0,0,,62.40,7,51.35,6,55.75,6
2026-09-03 08:30:22,56.62,3,0,0,,64.50,7,52.85,6,52.50,6
2026-09-03 08:30:35,60.28,3,0,0,,67.05,7,60.10,6,53.70,6
2026-09-03 08:30:49,55.05,3,0,0,,57.25,7,51.40,6,56.50,7
2026-09-03 08:31:02,56.68,3,0,0,,62.30,7,51.35,6,56.40,7
2026-09-03 08:31:16,58.43,3,0,0,,57.75,7,59.35,6,58.20,7
2026-09-03 08:31:29,58.70,3,0,0,,62.30,7,51.25,6,62.55,7
2026-09-03 08:31:43,61.25,3,0,0,,62.30,7,57.05,6,64.40,7
2026-09-03 08:31:56,61.95,3,0,0,,58.95,7,59.85,6,67.05,7
2026-09-03 08:32:10,60.80,3,0,0,,58.30,7,61.60,7,62.50,7
2026-09-03 08:32:23,61.17,3,0,0,,65.35,7,59.20,7,58.95,7
2026-09-03 08:32:36,60.15,3,0,0,,62.45,7,59.45,7,58.55,7
2026-09-03 08:32:50,61.88,3,0,0,,60.20,7,58.25,7,67.20,7
2026-09-03 08:33:03,63.22,3,0,0,,64.25,7,67.00,7,58.40,7
2026-09-03 08:33:17,65.13,3,0,0,,66.50,7,62.15,7,66.75,7
2026-09-03 08:33:31,60.95,3,0,0,,66.60,8,58.20,7,58.05,7
2026-09-03 08:33:44,64.00,3,0,0,,65.90,8,63.60,7,62.50,7
2026-09-03 08:33:57,62.37,3,0,0,,65.00,8,60.90,7,61.20,7
2026-09-03 08:34:11,62.88,3,0,0,,69.00,8,57.25,7,62.40,7
2026-09-03 08:34:25,65.07,3,0,0,,73.30,8,62.25,7,59.65,7
2026-09-03 08:34:38,63.58,3,0,0,,68.95,8,60.30,7,61.50,8
2026-09-03 08:34:51,65.62,3,0,0,,64.95,8,66.90,7,65.00,8
2026-09-03 08:35:04,68.27,3,0,0,,65.75,8,66.35,7,72.70,8
2026-09-03 08:35:18,66.63,3,0,0,,69.00,8,58.05,7,72.85,8
2026-09-03 08:35:31,66.98,3,0,0,,68.90,8,63.90,7,68.15,8
2026-09-03 08:35:45,64.22,3,0,0,,65.25,8,62.15,7,65.25,8
2026-09-03 08:35:58,67.80,3,0,0,,72.95,8,64.70,8,65.75,8
2026-09-03 08:36:11,69.95,3,0,0,,73.15,8,65.25,8,71.45,8
2026-09-03 08:36:25,69.18,3,0,0,,73.75,8,64.80,8,69.00,8
2026-09-03 08:36:38,69.08,3,0,0,,64.95,8,68.90,8,73.40,8
2026-09-03 08:36:52,68.90,3,0,0,,71.80,8,68.85,8,66.05,8
2026-09-03 08:37:06,71.95,3,0,0,,69.10,8,73.70,8,73.05,8
2026-09-03 08:37:20,71.08,3,0,0,,75.40,9,73.25,8,64.60,8
2026-09-03 08:37:33,67.93,3,0,0,,71.75,9,63.70,8,68.35,8
2026-09-03 08:37:46,67.95,3,0,0,,71.65,9,64.75,8,67.45,8
2026-09-03 08:37:59,71.20,3,0,0,,71.30,9,68.95,8,73.35,8
2026-09-03 08:38:14,71.45,3,0,0,,80.35,9,68.85,8,65.15,8
2026-09-03 08:38:27,70.95,3,0,0,,79.95,9,65.20,8,67.70,9
2026-09-03 08:38:41,74.03,3,0,0,,75.60,9,72.90,8,73.60,9
2026-09-03 08:38:55,71.23,3,0,0,,71.60,9,64.50,8,77.60,9
2026-09-03 08:39:08,70.87,3,0,0,,71.80,9,69.05,8,71.75,9
2026-09-03 08:39:22,73.73,3,0,0,,80.40,9,65.00,8,75.80,9
2026-09-03 08:39:36,73.53,3,0,0,,75.60,9,73.20,8,71.80,9
2026-09-03 08:39:49,74.45,3,0,0,,72.00,9,75.35,9,76.00,9
2026-09-03 08:40:03,75.68,3,0,0,,79.65,9,71.55,9,75.85,9
2026-09-03 08:40:16,74.70,3,0,0,,76.80,9,75.50,9,71.80,9
2026-09-03 08:40:29,76.23,3,0,0,,79.90,9,77.55,9,71.25,9
2026-09-03 08:40:43,74.72,3,0,0,,71.05,9,77.15,9,75.95,9
2026-09-03 08:40:56,76.72,3,0,0,,74.35,9,80.00,9,75.80,9
2026-09-03 08:41:09,76.38,3,0,0,,79.65,9,77.70,9,71.80,9
2026-09-03 08:41:23,78.17,3,0,0,,77.20,9,77.60,9,79.70,9
2026-09-03 08:41:36,73.47,3,0,0,,75.60,9,68.85,8,75.95,9
2026-09-03 08:41:50,70.85,3,0,0,,71.75,9,64.90,8,75.90,9
2026-09-03 08:42:03,73.73,3,0,0,,77.80,9,67.55,8,75.85,9
2026-09-03 08:42:16,72.70,3,0,0,,77.60,9,66.65,8,73.85,9
2026-09-03 08:42:30,77.95,3,0,0,,79.65,9,73.60,8,80.60,9
2026-09-03 08:42:43,68.48,3,0,0,,75.70,9,64.85,8,64.90,8
2026-09-03 08:42:57,71.42,3,0,0,,73.95,9,71.00,8,69.30,8
2026-09-03 08:43:10,71.65,3,0,0,,79.85,9,68.30,8,66.80,8
2026-09-03 08:43:24,74.63,3,0,0,,76.35,9,73.65,8,73.90,8
2026-09-03 08:43:37,68.55,3,0,0,,75.60,9,64.90,8,65.15,8
2026-09-03 08:43:51,67.27,3,0,0,,64.90,8,71.00,8,65.90,8
2026-09-03 08:44:04,69.05,3,0,0,,71.00,8,68.95,8,67.20,8
2026-09-03 08:44:18,72.03,3,0,0,,68.55,8,73.60,8,73.95,8
2026-09-03 08:44:31,67.90,3,0,0,,73.65,8,64.90,8,65.15,8
2026-09-03 08:44:44,69.00,3,0,0,,64.90,8,71.05,8,71.05,8
2026-09-03 08:44:58,66.63,3,0,0,,69.85,8,62.15,8,67.90,8
2026-09-03 08:45:11,68.93,3,0,0,,73.60,8,62.15,7,71.05,8
2026-09-03 08:45:24,66.85,3,0,0,,73.25,8,58.15,7,69.15,8
2026-09-03 08:45:37,65.58,3,0,0,,64.50,8,65.25,7,67.00,8
2026-09-03 08:45:51,66.12,3,0,0,,70.25,8,57.05,7,71.05,8
2026-09-03 08:46:05,64.65,3,0,0,,68.90,8,59.15,7,65.90,8
2026-09-03 08:46:18,63.62,3,0,0,,69.05,8,59.40,7,62.40,7
2026-09-03 08:46:31,65.10,3,0,0,,69.00,8,66.70,7,59.60,7
2026-09-03 08:46:44,64.02,3,0,0,,67.05,8,58.10,7,66.90,7
2026-09-03 08:46:57,68.00,3,0,0,,73.55,8,64.15,7,66.30,7
2026-09-03 08:47:11,63.20,3,0,0,,64.95,8,66.40,7,58.25,7
2026-09-03 08:47:25,62.73,3,0,0,,62.50,7,62.15,7,63.55,7
2026-09-03 08:47:38,60.17,3,0,0,,59.60,7,58.50,7,62.40,7
2026-09-03 08:47:51,65.08,3,0,0,,66.50,7,66.15,7,62.60,7
2026-09-03 08:48:04,59.53,3,0,0,,57.85,7,62.40,7,58.35,7
2026-09-03 08:48:19,60.68,3,0,0,,58.45,7,57.05,7,66.55,7
2026-09-03 08:48:32,58.42,3,0,0,,60.70,7,52.05,6,62.50,7
2026-09-03 08:48:45,62.32,3,0,0,,67.00,7,59.65,6,60.30,7
2026-09-03 08:48:58,56.42,3,0,0,,58.25,7,51.20,6,59.80,7
2026-09-03 08:49:11,60.40,3,0,0,,63.25,7,51.40,6,66.55,7
2026-09-03 08:49:25,58.42,3,0,0,,60.70,7,56.60,6,57.95,7
2026-09-03 08:49:38,59.05,3,0,0,,67.10,7,55.30,6,54.75,7
2026-09-03 08:49:51,57.33,3,0,0,,58.30,7,53.25,6,60.45,6
2026-09-03 08:50:05,62.32,3,0,0,,66.20,7,60.20,6,60.55,6
2026-09-03 08:50:18,59.68,3,0,0,,67.10,7,60.10,6,51.85,6
2026-09-03 08:50:31,57.90,3,0,0,,62.25,7,51.35,6,60.10,6
2026-09-03 08:50:44,56.62,3,0,0,,58.65,7,59.45,6,51.75,6
2026-09-03 08:50:58,54.03,3,0,0,,59.10,6,51.10,6,51.90,6
2026-09-03 08:51:11,54.85,3,0,0,,55.35,6,51.60,6,57.60,6
2026-09-03 08:51:24,55.87,3,0,0,,55.25,6,56.50,6,55.85,6
2026-09-03 08:51:37,54.27,3,0,0,,53.20,6,55.30,6,54.30,6
2026-09-03 08:51:51,54.97,3,0,0,,55.25,6,53.75,6,55.90,6
2026-09-03 08:52:04,53.53,3,0,0,,51.60,6,53.25,5,55.75,6
2026-09-03 08:52:17,54.33,3,0,0,,57.25,6,53.45,5,52.30,6
2026-09-03 08:52:30,54.67,3,0,0,,59.15,6,44.70,5,60.15,6
2026-09-03 08:52:44,51.72,3,0,0,,50.40,6,52.95,5,51.80,6
2026-09-03 08:52:57,50.48,3,0,0,,54.45,6,44.60,5,52.40,6
2026-09-03 08:53:11,52.62,3,0,0,,59.65,6,47.80,5,50.40,5
2026-09-03 08:53:24,53.92,3,0,0,,60.05,6,52.90,5,48.80,5
2026-09-03 08:53:37,47.33,3,0,0,,50.70,6,44.50,5,46.80,5
2026-09-03 08:53:50,53.18,3,0,0,,55.45,6,50.55,5,53.55,5
2026-09-03 08:54:03,52.50,3,0,0,,55.25,6,48.65,5,53.60,5
2026-09-03 08:54:17,47.10,3,0,0,,51.30,6,44.35,5,45.65,5
2026-09-03 08:54:30,48.77,3,0,0,,44.60,5,48.10,5,53.60,5
2026-09-03 08:54:43,48.80,3,0,0,,52.90,5,48.65,5,44.85,5
2026-09-03 08:54:56,47.08,3,0,0,,44.25,5,46.50,5,50.50,5
2026-09-03 08:55:09,51.95,3,0,0,,49.30,5,53.45,5,53.10,5
2026-09-03 08:55:23,48.82,3,0,0,,53.00,5,48.65,5,44.80,5
2026-09-03 08:55:36,46.28,3,0,0,,48.65,5,37.90,4,52.30,5
2026-09-03 08:55:49,45.50,3,0,0,,46.85,5,45.90,4,43.75,5
2026-09-03 08:56:02,43.62,3,0,0,,48.55,5,37.70,4,44.60,5
2026-09-03 08:56:15,44.98,3,0,0,,44.65,5,40.60,4,49.70,5
2026-09-03 08:56:29,46.48,3,0,0,,44.75,5,45.90,4,48.80,5
2026-09-03 08:56:42,43.23,3,0,0,,52.80,5,37.80,4,39.10,4
2026-09-03 08:56:55,45.42,3,0,0,,44.50,5,45.30,4,46.45,4
2026-09-03 08:57:08,42.97,3,0,0,,50.15,5,36.80,4,41.95,4
2026-09-03 08:57:21,42.10,3,0,0,,48.65,5,37.90,4,39.75,4
2026-09-03 08:57:34,47.12,3,0,0,,48.75,5,45.85,4,46.75,4
2026-09-03 08:57:48,41.30,3,0,0,,46.90,5,37.80,4,39.20,4
2026-09-03 08:58:01,44.62,3,0,0,,46.70,4,43.80,4,43.35,4
2026-09-03 08:58:14,40.67,3,0,0,,38.00,4,42.05,4,41.95,4
2026-09-03 08:58:27,38.62,3,0,0,,39.05,4,37.70,4,39.10,4
2026-09-03 08:58:40,45.75,3,0,0,,46.55,4,43.95,4,46.75,4
2026-09-03 08:58:54,38.23,3,0,0,,38.00,4,37.50,4,39.20,4
2026-09-03 08:59:07,40.45,3,0,0,,46.35,4,34.00,3,41.00,4
2026-09-03 08:59:20,40.00,3,0,0,,37.95,4,40.10,3,41.95,4
2026-09-03 08:59:33,36.82,3,0,0,,38.70,4,31.15,3,40.60,4
2026-09-03 08:59:47,42.65,3,0,0,,46.60,4,39.40,3,41.95,4
2026-09-03 09:00:00,35.75,3,0,0,,38.00,4,31.15,3,38.10,4
2026-09-03 09:00:14,40.82,3,0,0,,46.40,4,39.50,3,36.55,3
2026-09-03 09:00:27,37.45,3,0,0,,41.95,4,35.15,3,35.25,3
2026-09-03 09:00:40,35.77,3,0,0,,39.00,4,33.80,3,34.50,3
2026-09-03 09:00:53,38.98,3,0,0,,46.60,4,35.10,3,35.25,3
2026-09-03 09:01:06,33.78,3,0,0,,37.95,4,32.25,3,31.15,3
2026-09-03 09:01:19,40.87,3,0,0,,44.05,4,39.95,3,38.60,3
2026-09-03 09:01:32,35.02,3,0,0,,39.55,3,35.30,3,30.20,3
2026-09-03 09:01:45,33.87,3,0,0,,31.10,3,34.00,3,36.50,3
2026-09-03 09:01:58,35.92,3,0,0,,37.30,3,35.10,3,35.35,3
2026-09-03 09:02:11,33.15,3,0,0,,35.40,3,32.80,3,31.25,3
2026-09-03 09:02:25,38.18,3,0,0,,34.95,3,39.55,3,40.05,3
2026-09-03 09:02:38,32.17,3,0,0,,40.10,3,24.25,2,32.15,3
2026-09-03 09:02:51,34.40,3,0,0,,31.60,3,31.60,2,40.00,3
2026-09-03 09:03:05,32.93,3,0,0,,39.60,3,23.85,2,35.35,3
2026-09-03 09:03:18,32.10,3,0,0,,31.30,3,30.30,2,34.70,3
2026-09-03 09:03:30,32.27,3,0,0,,33.20,3,28.35,2,35.25,3
2026-09-03 09:03:43,30.18,3,0,0,,40.00,3,25.50,2,25.05,2
2026-09-03 09:03:57,32.63,3,0,0,,31.35,3,33.20,2,33.35,2
2026-09-03 09:04:10,29.88,3,0,0,,39.65,3,25.55,2,24.45,2
2026-09-03 09:04:22,31.62,3,0,0,,31.25,3,32.90,2,30.70,2
2026-09-03 09:04:36,27.03,3,0,0,,32.55,3,24.20,2,24.35,2
2026-09-03 09:04:49,35.02,3,0,0,,40.15,3,32.40,2,32.50,2
2026-09-03 09:05:02,24.27,3,0,0,,24.65,2,24.30,2,23.85,2
2026-09-03 09:05:15,30.90,3,0,0,,32.95,2,32.40,2,27.35,2
2026-09-03 09:05:28,27.20,3,0,0,,24.65,2,28.35,2,28.60,2
2026-09-03 09:05:41,26.80,3,0,0,,27.40,2,26.65,2,26.35,2
2026-09-03 09:05:54,28.52,3,0,0,,28.60,2,28.35,2,28.60,2
2026-09-03 09:06:07,23.17,3,0,0,,26.65,2,18.25,1,24.60,2
2026-09-03 09:06:20,30.78,3,0,0,,33.40,2,26.40,1,32.55,2
2026-09-03 09:06:33,22.10,3,0,0,,24.25,2,17.60,1,24.45,2
2026-09-03 09:06:46,29.53,3,0,0,,30.30,2,25.85,1,32.45,2
2026-09-03 09:06:58,23.48,3,0,0,,28.70,2,17.60,1,24.15,2
2026-09-03 09:07:12,24.23,3,0,0,,27.90,2,25.90,1,18.90,2
2026-09-03 09:07:25,24.28,3,0,0,,28.60,2,17.65,1,26.60,1
2026-09-03 09:07:37,22.23,3,0,0,,24.65,2,23.65,1,18.40,1
2026-09-03 09:07:51,24.03,3,0,0,,32.95,2,17.40,1,21.75,1
2026-09-03 09:08:04,23.10,3,0,0,,24.60,2,25.50,1,19.20,1
2026-09-03 09:08:17,25.62,3,0,0,,32.75,2,17.60,1,26.50,1
2026-09-03 09:08:30,21.85,3,0,0,,21.70,1,25.55,1,18.30,1
2026-09-03 09:08:43,22.57,3,0,0,,19.65,1,21.75,1,26.30,1
2026-09-03 09:08:56,20.53,3,0,0,,21.65,1,22.15,1,17.80,1
2026-09-03 09:09:08,22.03,3,0,0,,18.80,1,21.60,1,25.70,1
2026-09-03 09:09:21,21.25,3,0,0,,26.35,1,20.05,1,17.35,1
2026-09-03 09:09:34,20.53,2,1,0,,17.70,1,19.80,0,24.10,1
2026-09-03 09:09:47,19.02,2,1,0,,25.60,1,14.20,0,17.25,1
2026-09-03 09:10:00,17.40,2,1,0,,17.40,1,10.95,0,23.85,1
2026-09-03 09:10:13,21.62,2,1,0,,23.50,1,19.60,0,21.75,1
2026-09-03 09:10:25,18.37,2,1,0,,21.80,1,13.20,0,20.10,1
2026-09-03 09:10:39,14.98,2,1,0,,19.65,1,10.30,0,15.00,1
2026-09-03 09:10:51,18.28,1,2,0,,21.65,1,19.20,0,14.00,0
2026-09-03 09:11:04,13.58,1,2,0,,18.20,1,11.65,0,10.90,0
2026-09-03 09:11:17,20.22,1,2,0,,26.35,1,15.00,0,19.30,0
2026-09-03 09:11:29,15.60,1,2,0,,17.70,1,17.10,0,12.00,0
2026-09-03 09:11:42,16.53,1,2,0,,23.45,1,11.00,0,15.15,0
2026-09-03 09:11:55,17.52,0,3,0,,15.05,0,19.80,0,17.70,0
2026-09-03 09:12:07,13.52,0,3,0,,16.00,0,13.60,0,10.95,0
2026-09-03 09:12:20,13.50,0,3,0,,10.95,0,9.85,0,19.70,0
2026-09-03 09:12:33,17.35,0,3,0,,19.45,0,19.00,0,13.60,0
2026-09-03 09:12:45,11.03,0,3,0,,11.70,0,11.15,0,10.25,0
2026-09-03 09:12:58,16.47,0,3,0,,15.05,0,15.00,0,19.35,0
2026-09-03 09:13:10,15.48,0,3,0,,17.80,0,16.80,0,11.85,0
2026-09-03 09:13:23,12.32,0,3,0,,11.00,0,10.95,0,15.00,0
2026-09-03 09:13:38,16.58,0,3,0,,15.00,0,15.00,0,19.75,0
2026-09-03 09:13:50,16.95,1,2,0,,18.35,1,18.90,0,13.60,0
2026-09-03 09:14:03,16.12,1,2,0,,26.15,1,11.40,0,10.80,0
2026-09-03 09:14:16,19.45,1,2,0,,23.90,1,15.00,0,19.45,0
2026-09-03 09:14:29,18.22,1,2,0,,23.60,1,18.15,0,12.90,0
2026-09-03 09:14:41,17.53,1,2,0,,26.45,1,11.00,0,15.15,0
2026-09-03 09:14:54,17.13,2,1,0,,16.95,1,19.80,0,14.65,1
2026-09-03 09:15:07,16.22,2,1,0,,18.95,1,13.85,0,15.85,1
2026-09-03 09:15:20,18.10,2,1,0,,21.30,1,10.95,0,22.05,1
2026-09-03 09:15:33,23.38,2,1,0,,23.70,1,19.70,0,26.75,1
2026-09-03 09:15:46,19.08,2,1,0,,21.80,1,13.50,0,21.95,1
2026-09-03 09:15:59,16.48,2,1,0,,19.70,1,10.65,0,19.10,1
2026-09-03 09:16:12,23.87,3,0,0,,26.65,1,18.70,1,26.25,1
2026-09-03 09:16:25,19.53,3,0,0,,19.35,1,17.30,1,21.95,1
2026-09-03 09:16:39,20.43,3,0,0,,21.80,1,17.45,1,22.05,1
2026-09-03 09:16:51,19.70,3,0,0,,18.65,1,21.65,1,18.80,1
2026-09-03 09:17:04,23.63,3,0,0,,26.60,1,17.65,1,26.65,1
2026-09-03 09:17:18,20.32,3,0,0,,19.10,1,23.85,1,18.00,1
2026-09-03 09:17:32,23.27,3,0,0,,26.15,2,21.75,1,21.90,1
2026-09-03 09:17:45,20.92,3,0,0,,24.40,2,18.10,1,20.25,1
2026-09-03 09:17:58,21.18,3,0,0,,24.00,2,17.60,1,21.95,1
2026-09-03 09:18:11,22.05,3,0,0,,28.45,2,17.80,1,19.90,1
2026-09-03 09:18:24,25.75,3,0,0,,24.15,2,26.35,1,26.75,1
2026-09-03 09:18:37,20.88,3,0,0,,26.60,2,17.75,1,18.30,1
2026-09-03 09:18:50,24.22,3,0,0,,28.75,2,23.25,1,20.65,2
2026-09-03 09:19:03,26.00,3,0,0,,33.25,2,21.70,1,23.05,2
2026-09-03 09:19:17,28.55,3,0,0,,33.00,2,23.70,1,28.95,2
2026-09-03 09:19:30,27.80,3,0,0,,33.25,2,17.30,1,32.85,2
2026-09-03 09:19:43,25.38,3,0,0,,24.55,2,22.70,1,28.90,2
2026-09-03 09:19:57,25.12,3,0,0,,32.45,2,17.15,2,25.75,2
2026-09-03 09:20:10,27.28,3,0,0,,24.25,2,24.85,2,32.75,2
2026-09-03 09:20:23,30.53,3,0,0,,30.60,2,32.15,2,28.85,2
2026-09-03 09:20:36,29.87,3,0,0,,24.30,2,32.20,2,33.10,2
2026-09-03 09:20:50,27.77,3,0,0,,27.85,2,26.55,2,28.90,2
2026-09-03 09:21:03,29.75,3,0,0,,28.45,2,32.80,2,28.00,2
2026-09-03 09:21:16,25.78,3,0,0,,24.65,3,23.75,2,28.95,2
2026-09-03 09:21:29,26.78,3,0,0,,28.55,3,26.60,2,25.20,2
2026-09-03 09:21:42,32.17,3,0,0,,35.30,3,32.35,2,28.85,2
2026-09-03 09:21:55,29.88,3,0,0,,37.10,3,26.40,2,26.15,2
2026-09-03 09:22:08,31.48,3,0,0,,37.30,3,28.30,2,28.85,2
2026-09-03 09:22:22,28.77,3,0,0,,35.30,3,26.15,2,24.85,2
2026-09-03 09:22:35,28.97,3,0,0,,31.35,3,28.30,2,27.25,3
2026-09-03 09:22:48,28.98,3,0,0,,32.40,3,24.35,2,30.20,3
2026-09-03 09:23:02,34.03,3,0,0,,33.75,3,32.85,2,35.50,3
2026-09-03 09:23:15,32.97,3,0,0,,34.35,3,24.35,2,40.20,3
2026-09-03 09:23:27,35.95,3,0,0,,35.30,3,32.70,2,39.85,3
2026-09-03 09:23:41,30.88,3,0,0,,32.80,3,24.30,2,35.55,3
2026-09-03 09:23:54,32.12,3,0,0,,36.95,3,26.65,3,32.75,3
2026-09-03 09:24:07,36.02,3,0,0,,35.40,3,32.90,3,39.75,3
2026-09-03 09:24:21,36.50,3,0,0,,36.90,3,34.90,3,37.70,3
2026-09-03 09:24:34,35.77,3,0,0,,35.40,3,39.35,3,32.55,3
2026-09-03 09:24:47,37.80,3,0,0,,33.40,3,39.70,3,40.30,3
2026-09-03 09:25:01,35.85,3,0,0,,39.80,3,35.00,3,32.75,3
2026-09-03 09:25:14,37.75,3,0,0,,42.00,4,31.25,3,40.00,3
2026-09-03 09:25:27,38.82,3,0,0,,42.00,4,38.95,3,35.50,3
2026-09-03 09:25:40,37.52,3,0,0,,39.55,4,38.80,3,34.20,3
2026-09-03 09:25:53,38.63,3,0,0,,42.10,4,38.35,3,35.45,3
2026-09-03 09:26:06,33.52,3,0,0,,37.55,4,29.95,3,33.05,3
2026-09-03 09:26:19,38.10,3,0,0,,39.85,4,34.60,3,39.85,4
2026-09-03 09:26:33,38.92,3,0,0,,45.90,4,34.95,3,35.90,4
2026-09-03 09:26:45,37.37,3,0,0,,42.00,4,32.95,3,37.15,4
2026-09-03 09:26:59,40.15,3,0,0,,44.10,4,38.95,3,37.40,4
2026-09-03 09:27:12,39.83,2,1,0,,46.35,4,30.90,3,42.25,-1
2026-09-03 09:27:26,39.75,3,0,0,,37.95,4,39.05,3,42.25,4
2026-09-03 09:27:39,39.80,3,0,0,,44.10,4,37.00,4,38.30,4
2026-09-03 09:27:52,43.73,3,0,0,,43.25,4,44.00,4,43.95,4
2026-09-03 09:28:05,39.40,3,0,0,,38.00,4,37.95,4,42.25,4
2026-09-03 09:28:18,43.35,3,0,0,,45.85,4,37.50,4,46.70,4
2026-09-03 09:28:31,39.67,3,0,0,,37.55,4,37.25,4,44.20,4
2026-09-03 09:28:45,41.77,3,0,0,,43.55,4,39.35,4,42.40,4
2026-09-03 09:28:58,41.67,3,0,0,,43.60,5,40.35,4,41.05,4
2026-09-03 09:29:11,43.93,3,0,0,,43.75,5,45.80,4,42.25,4
2026-09-03 09:29:24,41.35,3,0,0,,44.20,5,41.55,4,38.30,4
2026-09-03 09:29:37,43.07,3,0,0,,43.50,5,41.55,4,44.15,4
2026-09-03 09:29:50,42.90,3,0,0,,48.70,5,37.65,4,42.35,4
2026-09-03 09:30:03,44.83,3,0,0,,53.35,5,39.80,4,41.35,4
2026-09-03 09:30:17,42.75,3,0,0,,44.10,5,41.55,4,42.60,5
2026-09-03 09:30:30,44.38,3,0,0,,46.50,5,38.90,4,47.75,5
2026-09-03 09:30:43,50.25,3,0,0,,50.70,5,46.40,4,53.65,5
2026-09-03 09:30:56,44.53,3,0,0,,44.75,5,37.50,4,51.35,5
2026-09-03 09:31:09,47.22,3,0,0,,47.50,5,40.55,4,53.60,5
2026-09-03 09:31:24,46.53,3,0,0,,48.60,5,41.65,5,49.35,5
2026-09-03 09:31:37,48.20,3,0,0,,46.40,5,48.85,5,49.35,5
2026-09-03 09:31:50,50.38,3,0,0,,53.50,5,51.35,5,46.30,5
2026-09-03 09:32:03,46.37,3,0,0,,48.60,5,44.95,5,45.55,5
2026-09-03 09:32:17,46.82,3,0,0,,44.80,5,48.60,5,47.05,5
2026-09-03 09:32:30,48.97,3,0,0,,53.30,5,44.95,5,48.65,5
2026-09-03 09:32:43,49.52,3,0,0,,49.05,6,50.30,5,49.20,5
2026-09-03 09:32:56,52.25,3,0,0,,57.35,6,53.35,5,46.05,5
2026-09-03 09:33:10,52.45,3,0,0,,50.90,6,52.80,5,53.65,5
2026-09-03 09:33:24,50.98,3,0,0,,55.20,6,52.45,5,45.30,5
2026-09-03 09:33:37,53.07,3,0,0,,59.90,6,53.20,5,46.10,5
2026-09-03 09:33:50,49.58,3,0,0,,50.15,6,44.60,5,54.00,5
2026-09-03 09:34:04,53.33,3,0,0,,59.80,6,44.25,5,55.95,6
2026-09-03 09:34:17,54.10,3,0,0,,55.25,6,49.70,5,57.35,6
2026-09-03 09:34:30,50.55,3,0,0,,51.25,6,48.55,5,51.85,6
2026-09-03 09:34:43,52.75,3,0,0,,55.40,6,46.85,5,56.00,6
2026-09-03 09:34:56,55.08,3,0,0,,51.05,6,53.50,5,60.70,6
2026-09-03 09:35:10,50.83,3,0,0,,52.05,6,48.60,5,51.85,6
2026-09-03 09:35:22,53.12,3,0,0,,59.60,6,45.85,6,53.90,6
2026-09-03 09:35:36,52.10,3,0,0,,51.15,6,53.10,6,52.05,6
2026-09-03 09:35:49,57.43,3,0,0,,57.15,6,59.75,6,55.40,6
2026-09-03 09:36:02,55.92,3,0,0,,59.25,6,55.00,6,53.50,6
2026-09-03 09:36:15,55.78,3,0,0,,55.25,6,51.35,6,60.75,6
2026-09-03 09:36:29,53.15,3,0,0,,53.65,6,54.80,6,51.00,6
2026-09-03 09:36:42,56.08,3,0,0,,55.70,7,60.20,6,52.35,6
2026-09-03 09:36:55,56.15,3,0,0,,56.70,7,51.25,6,60.50,6
2026-09-03 09:37:09,58.12,3,0,0,,66.65,7,55.55,6,52.15,6
2026-09-03 09:37:22,60.32,3,0,0,,60.90,7,59.75,6,60.30,6
2026-09-03 09:37:35,58.58,3,0,0,,64.15,7,51.25,6,60.35,6
2026-09-03 09:37:48,58.57,3,0,0,,61.85,7,57.45,6,56.40,7
2026-09-03 09:38:02,60.62,3,0,0,,62.00,7,55.50,6,64.35,7
2026-09-03 09:38:15,61.23,3,0,0,,61.90,7,55.40,6,66.40,7
2026-09-03 09:38:28,61.13,3,0,0,,66.70,7,54.10,6,62.60,7
2026-09-03 09:38:41,61.48,3,0,0,,66.05,7,55.35,6,63.05,7
2026-09-03 09:38:55,56.45,3,0,0,,57.65,7,52.85,6,58.85,7
2026-09-03 09:39:08,60.10,3,0,0,,62.00,7,56.80,7,61.50,7
2026-09-03 09:39:21,60.23,3,0,0,,59.65,7,53.85,7,67.20,7
2026-09-03 09:39:34,63.20,3,0,0,,66.70,7,55.45,7,67.45,7
2026-09-03 09:39:48,60.05,3,0,0,,57.90,7,62.05,7,60.20,7
2026-09-03 09:40:01,64.77,3,0,0,,60.85,7,66.65,7,66.80,7
2026-09-03 09:40:15,61.27,3,0,0,,63.95,7,61.05,7,58.80,7
2026-09-03 09:40:28,66.55,3,0,0,,68.60,8,66.30,7,64.75,7
2026-09-03 09:40:42,64.33,3,0,0,,68.60,8,62.20,7,62.20,7
2026-09-03 09:40:55,63.17,3,0,0,,67.35,8,59.30,7,62.85,7
2026-09-03 09:41:08,62.63,3,0,0,,68.70,8,58.10,7,61.10,7
2026-09-03 09:41:22,68.60,3,0,0,,73.00,8,66.90,7,65.90,7
2026-09-03 09:41:36,61.55,3,0,0,,68.65,8,57.05,7,58.95,7
2026-09-03 09:41:49,64.53,3,0,0,,65.85,8,62.55,7,65.20,8
2026-09-03 09:42:02,67.35,3,0,0,,68.15,8,62.05,7,71.85,8
2026-09-03 09:42:15,66.65,3,0,0,,64.75,8,62.05,7,73.15,8
2026-09-03 09:42:29,65.42,3,0,0,,68.65,8,58.55,7,69.05,8
2026-09-03 09:42:42,66.45,3,0,0,,67.20,8,66.45,7,65.70,8
2026-09-03 09:42:56,67.03,3,0,0,,73.40,8,62.25,8,65.45,8
2026-09-03 09:43:09,69.12,3,0,0,,68.75,8,70.20,8,68.40,8
2026-09-03 09:43:23,67.78,3,0,0,,64.50,8,64.75,8,74.10,8
2026-09-03 09:43:36,71.20,3,0,0,,70.05,8,69.10,8,74.45,8
2026-09-03 09:43:49,68.30,3,0,0,,68.55,8,68.90,8,67.45,8
2026-09-03 09:44:03,67.82,3,0,0,,65.00,8,65.00,8,73.45,8
2026-09-03 09:44:16,66.08,3,0,0,,64.65,9,69.15,8,64.45,8
2026-09-03 09:44:30,68.53,3,0,0,,71.75,9,64.85,8,69.00,8
2026-09-03 09:44:44,73.25,3,0,0,,79.15,9,67.05,8,73.55,8
2026-09-03 09:44:57,73.03,3,0,0,,79.40,9,65.45,8,74.25,8
2026-09-03 09:45:10,67.25,3,0,0,,71.55,9,64.55,8,65.65,8
2026-09-03 09:45:25,70.23,3,0,0,,71.30,9,65.35,8,74.05,9
2026-09-03 09:45:38,72.77,3,0,0,,73.75,9,73.25,8,71.30,9
2026-09-03 09:45:51,73.18,3,0,0,,79.60,9,64.80,8,75.15,9
2026-09-03 09:46:05,77.00,3,0,0,,80.30,9,70.25,8,80.45,9
2026-09-03 09:46:19,72.43,3,0,0,,72.30,9,67.90,8,77.10,9
2026-09-03 09:46:32,73.50,3,0,0,,70.25,9,70.10,8,80.15,9
2026-09-03 09:46:46,73.52,3,0,0,,73.55,9,71.10,9,75.90,9
2026-09-03 09:46:59,76.17,3,0,0,,80.15,9,72.70,9,75.65,9
2026-09-03 09:47:13,80.10,3,0,0,,79.95,9,79.30,9,81.05,9
2026-09-03 09:47:27,76.05,3,0,0,,75.40,9,71.70,9,81.05,9
2026-09-03 09:47:40,76.42,3,0,0,,73.40,9,75.60,9,80.25,9
2026-09-03 09:47:54,75.88,3,0,0,,80.10,9,71.70,9,75.85,9
2026-09-03 09:48:07,77.13,3,0,0,,75.50,9,74.85,9,81.05,9
2026-09-03 09:48:21,74.93,3,0,0,,80.20,9,72.30,9,72.30,9
2026-09-03 09:48:34,71.67,3,0,0,,71.30,9,65.25,8,78.45,9
2026-09-03 09:48:48,76.25,3,0,0,,76.90,9,73.20,8,78.65,9
2026-09-03 09:49:01,73.47,3,0,0,,75.40,9,64.45,8,80.55,9
2026-09-03 09:49:15,71.62,3,0,0,,76.60,9,66.35,8,71.90,9
2026-09-03 09:49:28,72.95,3,0,0,,75.40,9,65.70,8,77.75,9
2026-09-03 09:49:41,73.55,3,0,0,,73.20,9,73.45,8,74.00,8
2026-09-03 09:49:55,72.67,3,0,0,,79.90,9,64.90,8,73.20,8
2026-09-03 09:50:09,70.58,3,0,0,,75.50,9,71.05,8,65.20,8
2026-09-03 09:50:22,72.50,3,0,0,,75.40,9,71.10,8,71.00,8
2026-09-03 09:50:36,70.07,3,0,0,,71.55,9,68.90,8,69.75,8
2026-09-03 09:50:49,68.57,3,0,0,,70.65,9,65.40,8,69.65,8
2026-09-03 09:51:02,69.07,3,0,0,,68.55,8,73.15,8,65.50,8
2026-09-03 09:51:15,71.20,3,0,0,,73.40,8,68.90,8,71.30,8
2026-09-03 09:51:28,67.38,3,0,0,,63.70,8,68.90,8,69.55,8
2026-09-03 09:51:43,67.65,3,0,0,,67.90,8,65.75,8,69.30,8
2026-09-03 09:51:59,66.87,3,0,0,,64.60,8,62.25,8,73.75,8
2026-09-03 09:52:13,65.17,3,0,0,,67.15,8,62.75,7,65.60,8
2026-09-03 09:52:26,68.05,3,0,0,,70.85,8,61.55,7,71.75,8
2026-09-03 09:52:40,63.93,3,0,0,,64.35,8,62.25,7,65.20,8
2026-09-03 09:52:54,67.05,3,0,0,,69.90,8,61.45,7,69.80,8
2026-09-03 09:53:07,63.25,3,0,0,,68.70,8,62.10,7,58.95,8
2026-09-03 09:53:20,67.62,3,0,0,,73.50,8,62.35,7,67.00,7
2026-09-03 09:53:34,60.40,3,0,0,,64.20,8,58.30,7,58.70,7
2026-09-03 09:53:47,65.77,3,0,0,,70.05,8,66.45,7,60.80,7
2026-09-03 09:54:00,62.63,3,0,0,,68.55,8,57.95,7,61.40,7
2026-09-03 09:54:14,64.23,3,0,0,,64.20,8,65.65,7,62.85,7
2026-09-03 09:54:27,60.65,3,0,0,,57.95,7,63.55,7,60.45,7
2026-09-03 09:54:40,65.22,3,0,0,,65.95,7,62.05,7,67.65,7
2026-09-03 09:54:53,61.62,3,0,0,,57.05,7,60.00,7,67.80,7
2026-09-03 09:55:06,62.03,3,0,0,,60.75,7,66.85,7,58.50,7
2026-09-03 09:55:20,61.38,3,0,0,,61.20,7,57.95,7,65.00,7
2026-09-03 09:55:34,58.73,3,0,0,,66.70,7,51.05,6,58.45,7
2026-09-03 09:55:47,59.48,3,0,0,,58.75,7,59.05,6,60.65,7
2026-09-03 09:56:00,59.53,3,0,0,,66.35,7,50.65,6,61.60,7
2026-09-03 09:56:14,59.07,3,0,0,,57.50,7,56.85,6,62.85,7
2026-09-03 09:56:28,59.13,3,0,0,,57.50,7,58.85,6,61.05,7
2026-09-03 09:56:41,58.33,3,0,0,,63.45,7,50.95,6,60.60,6
2026-09-03 09:56:54,58.40,3,0,0,,61.90,7,57.30,6,56.00,6
2026-09-03 09:57:08,55.62,3,0,0,,59.35,7,55.45,6,52.05,6
2026-09-03 09:57:21,57.70,3,0,0,,60.35,7,52.50,6,60.25,6
2026-09-03 09:57:37,60.02,3,0,0,,66.50,7,59.60,6,53.95,6
2026-09-03 09:57:50,54.45,3,0,0,,51.25,7,51.35,6,60.75,6
2026-09-03 09:58:03,59.65,3,0,0,,58.85,6,59.30,6,60.80,6
2026-09-03 09:58:18,53.35,3,0,0,,55.25,6,50.65,6,54.15,6
2026-09-03 09:58:31,52.93,3,0,0,,51.25,6,51.55,6,56.00,6
2026-09-03 09:58:45,56.55,3,0,0,,58.20,6,55.35,6,56.10,6
2026-09-03 09:58:59,50.32,3,0,0,,51.10,6,44.60,6,55.25,6
2026-09-03 09:59:12,54.50,3,0,0,,57.35,6,50.15,5,56.00,6
2026-09-03 09:59:25,55.03,3,0,0,,59.15,6,53.15,5,52.80,6
2026-09-03 09:59:38,54.80,3,0,0,,55.25,6,48.70,5,60.45,6
2026-09-03 09:59:51,50.35,3,0,0,,52.30,6,47.05,5,51.70,6
2026-09-03 10:00:04,53.52,3,0,0,,60.00,6,48.55,5,52.00,6
2026-09-03 10:00:17,49.37,3,0,0,,51.25,6,46.35,5,50.50,5
2026-09-03 10:00:30,49.18,3,0,0,,51.20,6,47.15,5,49.20,5
2026-09-03 10:00:43,50.97,3,0,0,,57.30,6,48.55,5,47.05,5
2026-09-03 10:00:56,50.95,3,0,0,,55.25,6,45.80,5,51.80,5
2026-09-03 10:01:09,51.88,3,0,0,,53.10,6,53.35,5,49.20,5
2026-09-03 10:01:24,49.43,3,0,0,,52.50,5,44.65,5,51.15,5
2026-09-03 10:01:37,48.80,3,0,0,,48.60,5,48.60,5,49.20,5
2026-09-03 10:01:50,47.50,3,0,0,,46.15,5,48.60,5,47.75,5
2026-09-03 10:02:03,50.20,3,0,0,,53.40,5,46.60,5,50.60,5
2026-09-03 10:02:16,47.47,3,0,0,,44.65,5,48.55,5,49.20,5
2026-09-03 10:02:29,44.78,3,0,0,,45.40,5,41.65,5,47.30,5
2026-09-03 10:02:42,48.55,3,0,0,,53.00,5,38.65,4,54.00,5
2026-09-03 10:02:55,45.35,3,0,0,,44.50,5,46.30,4,45.25,5
2026-09-03 10:03:08,44.85,3,0,0,,50.50,5,37.60,4,46.45,5
2026-09-03 10:03:21,49.33,3,0,0,,48.60,5,45.55,4,53.85,5
2026-09-03 10:03:34,46.73,3,0,0,,48.60,5,46.35,4,45.25,5
2026-09-03 10:03:47,42.73,3,0,0,,46.35,5,37.70,4,44.15,4
2026-09-03 10:04:00,48.73,3,0,0,,53.40,5,46.05,4,46.75,4
2026-09-03 10:04:13,40.17,3,0,0,,44.65,5,37.60,4,38.25,4
2026-09-03 10:04:26,46.57,3,0,0,,50.85,5,43.10,4,45.75,4
2026-09-03 10:04:39,44.17,3,0,0,,53.00,5,41.50,4,38.00,4
2026-09-03 10:04:52,39.83,3,0,0,,37.15,4,38.00,4,44.35,4
2026-09-03 10:05:05,45.45,3,0,0,,43.50,4,46.10,4,46.75,4
2026-09-03 10:05:18,39.28,3,0,0,,42.00,4,37.55,4,38.30,4
2026-09-03 10:05:31,41.08,3,0,0,,37.70,4,39.05,4,46.50,4
2026-09-03 10:05:44,42.87,3,0,0,,44.00,4,46.35,4,38.25,4
2026-09-03 10:05:58,38.50,3,0,0,,36.85,4,32.30,4,46.35,4
2026-09-03 10:06:11,43.13,3,0,0,,43.00,4,39.30,3,47.10,4
2026-09-03 10:06:24,37.27,3,0,0,,42.00,4,30.95,3,38.85,4
2026-09-03 10:06:37,39.28,3,0,0,,37.50,4,33.50,3,46.85,4
2026-09-03 10:06:50,39.58,3,0,0,,45.50,4,35.00,3,38.25,4
2026-09-03 10:07:04,38.65,3,0,0,,37.55,4,36.45,3,41.95,4
2026-09-03 10:07:17,39.43,3,0,0,,43.45,4,34.95,3,39.90,3
2026-09-03 10:07:29,35.60,3,0,0,,42.00,4,33.30,3,31.50,3
2026-09-03 10:07:43,38.82,3,0,0,,37.45,4,39.20,3,39.80,3
2026-09-03 10:07:56,35.47,3,0,0,,43.95,4,30.95,3,31.50,3
2026-09-03 10:08:09,38.23,3,0,0,,42.05,4,38.85,3,33.80,3
2026-09-03 10:08:22,33.07,3,0,0,,33.05,3,30.70,3,35.45,3
2026-09-03 10:08:34,34.42,3,0,0,,37.85,3,32.45,3,32.95,3
2026-09-03 10:08:48,35.20,3,0,0,,30.40,3,39.75,3,35.45,3
2026-09-03 10:09:00,33.43,3,0,0,,36.60,3,31.55,3,32.15,3
2026-09-03 10:09:13,37.22,3,0,0,,35.30,3,39.50,3,36.85,3
2026-09-03 10:09:26,31.20,3,0,0,,33.65,3,24.40,3,35.55,3
2026-09-03 10:09:39,33.60,3,0,0,,39.30,3,26.55,2,34.95,3
2026-09-03 10:09:52,31.67,3,0,0,,31.20,3,28.30,2,35.50,3
2026-09-03 10:10:05,31.88,3,0,0,,37.40,3,26.45,2,31.80,3
2026-09-03 10:10:18,32.85,3,0,0,,30.60,3,28.30,2,39.65,3
2026-09-03 10:10:31,30.60,3,0,0,,34.20,3,26.15,2,31.45,3
2026-09-03 10:10:44,34.35,3,0,0,,39.85,3,32.65,2,30.55,2
2026-09-03 10:10:57,26.48,3,0,0,,31.35,3,24.35,2,23.75,2
2026-09-03 10:11:10,33.27,3,0,0,,39.75,3,32.90,2,27.15,2
2026-09-03 10:11:23,28.17,3,0,0,,31.30,3,24.35,2,28.85,2
2026-09-03 10:11:36,30.35,3,0,0,,33.65,3,30.20,2,27.20,2
2026-09-03 10:11:50,27.32,3,0,0,,33.15,3,24.35,2,24.45,2
2026-09-03 10:12:03,30.25,3,0,0,,26.85,2,32.80,2,31.10,2
2026-09-03 10:12:16,27.20,3,0,0,,28.40,2,24.35,2,28.85,2
2026-09-03 10:12:29,28.60,3,0,0,,26.20,2,32.45,2,27.15,2
2026-09-03 10:12:42,28.20,3,0,0,,32.55,2,23.20,2,28.85,2
2026-09-03 10:12:56,26.98,3,0,0,,24.45,2,25.75,2,30.75,2
2026-09-03 10:13:09,26.17,3,0,0,,33.15,2,16.50,1,28.85,2
2026-09-03 10:13:21,24.62,3,0,0,,24.50,2,23.40,1,25.95,2
2026-09-03 10:13:34,28.48,3,0,0,,30.10,2,21.65,1,33.70,2
2026-09-03 10:13:47,24.88,3,0,0,,28.45,2,20.55,1,25.65,2
2026-09-03 10:14:00,27.32,3,0,0,,26.60,2,21.65,1,33.70,2
2026-09-03 10:14:14,24.23,3,0,0,,28.40,2,25.80,1,18.50,1
2026-09-03 10:14:27,25.17,3,0,0,,30.85,2,17.80,1,26.85,1
2026-09-03 10:14:40,24.43,3,0,0,,28.45,2,25.65,1,19.20,1
2026-09-03 10:14:53,21.93,3,0,0,,26.20,2,17.65,1,21.95,1
2026-09-03 10:15:06,24.65,3,0,0,,28.40,2,25.65,1,19.90,1
2026-09-03 10:15:18,20.68,3,0,0,,17.85,2,17.60,1,26.60,1
2026-09-03 10:15:31,23.33,3,0,0,,26.10,1,25.60,1,18.30,1
2026-09-03 10:15:44,19.98,3,0,0,,16.75,1,16.55,1,26.65,1
2026-09-03 10:15:56,21.10,3,0,0,,21.85,1,23.20,1,18.25,1
2026-09-03 10:16:09,21.50,3,0,0,,21.80,1,16.55,1,26.15,1
2026-09-03 10:16:22,20.90,3,0,0,,21.30,1,23.45,1,17.95,1
2026-09-03 10:16:35,19.63,2,1,0,,21.95,1,10.70,0,26.25,1
2026-09-03 10:16:47,19.00,2,1,0,,19.75,1,19.30,0,17.95,1
2026-09-03 10:17:00,20.12,2,1,0,,21.80,1,12.45,0,26.10,1
2026-09-03 10:17:12,18.48,2,1,0,,18.40,1,15.00,0,22.05,1
2026-09-03 10:17:25,22.23,2,1,0,,26.40,1,17.10,0,23.20,1
2026-09-03 10:17:38,14.67,1,2,0,,17.80,1,11.05,0,15.15,0
2026-09-03 10:17:51,19.77,1,2,0,,25.70,1,15.00,0,18.60,0
2026-09-03 10:18:03,14.87,1,2,0,,16.85,1,16.45,0,11.30,0
2026-09-03 10:18:16,16.40,1,2,0,,23.30,1,10.95,0,14.95,0
2026-09-03 10:18:28,18.58,1,2,0,,21.80,1,19.60,0,14.35,0
2026-09-03 10:18:41,13.83,1,2,0,,18.15,1,12.50,0,10.85,0
2026-09-03 10:18:54,17.83,0,3,0,,19.30,0,14.95,0,19.25,0
2026-09-03 10:19:06,13.42,0,3,0,,11.40,0,17.05,0,11.80,0
2026-09-03 10:19:19,13.78,0,3,0,,15.05,0,11.20,0,15.10,0
2026-09-03 10:19:31,16.98,0,3,0,,17.05,0,14.95,0,18.95,0
2026-09-03 10:19:44,12.33,0,3,0,,11.00,0,14.80,0,11.20,0
2026-09-03 10:19:56,15.13,0,3,0,,19.65,0,10.75,0,15.00,0
2026-09-03 10:20:09,16.07,0,3,0,,12.95,0,19.35,0,15.90,0
2026-09-03 10:20:22,12.90,0,3,0,,15.15,0,12.70,0,10.85,0
2026-09-03 10:20:34,17.15,1,2,0,,17.00,1,15.00,0,19.45,0
2026-09-03 10:20:47,16.32,1,2,0,,16.60,1,18.85,0,13.50,0
2026-09-03 10:21:00,13.50,1,2,0,,17.50,1,12.10,0,10.90,0
2026-09-03 10:21:13,18.73,1,2,0,,21.65,1,15.00,0,19.55,0
2026-09-03 10:21:25,16.83,1,2,0,,17.20,1,19.30,0,14.00,0
2026-09-03 10:21:39,14.72,1,2,0,,20.40,1,12.75,0,11.00,0
2026-09-03 10:21:52,20.02,2,1,0,,25.90,1,15.05,0,19.10,1
2026-09-03 10:22:05,19.93,2,1,0,,21.75,1,19.55,0,18.50,1
2026-09-03 10:22:18,16.62,2,1,0,,17.35,1,14.65,0,17.85,1
2026-09-03 10:22:31,17.33,2,1,0,,19.15,1,10.95,0,21.90,1
2026-09-03 10:22:44,21.73,2,1,0,,26.20,1,19.75,0,19.25,1
2026-09-03 10:22:57,20.53,2,1,0,,18.15,1,17.00,0,26.45,1
2026-09-03 10:23:11,22.05,3,0,0,,26.45,1,22.10,1,17.60,1
2026-09-03 10:23:24,21.42,3,0,0,,19.40,1,24.75,1,20.10,1
2026-09-03 10:23:37,20.87,3,0,0,,21.65,1,22.90,1,18.05,1
2026-09-03 10:23:50,19.92,3,0,0,,18.30,1,17.95,1,23.50,1
2026-09-03 10:24:02,24.58,3,0,0,,26.30,1,25.50,1,21.95,1
2026-09-03 10:24:15,20.97,3,0,0,,17.90,1,21.60,1,23.40,1
2026-09-03 10:24:28,20.53,3,0,0,,21.05,2,18.65,1,21.90,1
2026-09-03 10:24:41,23.33,3,0,0,,22.90,2,25.80,1,21.30,1
2026-09-03 10:24:54,25.22,3,0,0,,33.10,2,20.60,1,21.95,1
2026-09-03 10:25:09,25.48,3,0,0,,32.75,2,17.30,1,26.40,1
2026-09-03 10:25:22,22.58,3,0,0,,24.20,2,25.70,1,17.85,1
2026-09-03 10:25:36,24.97,3,0,0,,30.40,2,17.90,1,26.60,2
2026-09-03 10:25:49,29.48,3,0,0,,33.00,2,26.10,1,29.35,2
2026-09-03 10:26:02,24.67,3,0,0,,28.45,2,17.90,1,27.65,2
2026-09-03 10:26:16,25.47,3,0,0,,28.35,2,21.55,1,26.50,2
2026-09-03 10:26:29,23.02,3,0,0,,24.55,2,19.90,1,24.60,2
2026-09-03 10:26:42,28.37,3,0,0,,32.90,2,21.55,1,30.65,2
2026-09-03 10:26:55,23.38,3,0,0,,23.90,2,17.65,2,28.60,2
2026-09-03 10:27:08,25.42,3,0,0,,30.10,2,21.00,2,25.15,2
2026-09-03 10:27:23,25.30,3,0,0,,24.70,2,23.30,2,27.90,2
2026-09-03 10:27:36,31.17,3,0,0,,33.10,2,28.25,2,32.15,2
2026-09-03 10:27:49,27.35,3,0,0,,24.45,2,33.10,2,24.50,2
2026-09-03 10:28:03,29.87,3,0,0,,32.40,2,24.30,2,32.90,2
2026-09-03 10:28:16,29.95,3,0,0,,35.50,3,29.75,2,24.60,2
2026-09-03 10:28:29,32.08,3,0,0,,37.80,3,28.25,2,30.20,2
2026-09-03 10:28:42,29.75,3,0,0,,36.75,3,28.30,2,24.20,2
2026-09-03 10:28:55,32.40,3,0,0,,31.40,3,33.15,2,32.65,2
2026-09-03 10:29:08,27.50,3,0,0,,33.15,3,24.85,2,24.50,2
2026-09-03 10:29:22,35.18,3,0,0,,39.45,3,33.05,2,33.05,2
2026-09-03 10:29:35,29.08,3,0,0,,30.25,3,25.45,2,31.55,3
2026-09-03 10:29:48,32.78,3,0,0,,33.55,3,33.20,2,31.60,3
2026-09-03 10:30:02,28.95,3,0,0,,31.20,3,24.40,2,31.25,3
2026-09-03 10:30:15,32.73,3,0,0,,34.30,3,32.90,2,31.00,3
2026-09-03 10:30:28,30.42,3,0,0,,35.15,3,24.85,2,31.25,3
2026-09-03 10:30:41,34.27,3,0,0,,34.20,3,33.10,3,35.50,3
2026-09-03 10:30:55,36.17,3,0,0,,40.00,3,33.25,3,35.25,3
2026-09-03 10:31:08,31.15,3,0,0,,31.20,3,30.75,3,31.50,3
2026-09-03 10:31:21,33.93,3,0,0,,39.60,3,30.95,3,31.25,3
2026-09-03 10:31:34,32.15,3,0,0,,31.20,3,30.00,3,35.25,3
2026-09-03 10:31:47,35.77,3,0,0,,39.60,3,33.40,3,34.30,3
2026-09-03 10:32:00,35.38,3,0,0,,35.45,4,35.45,3,35.25,3
2026-09-03 10:32:13,38.62,3,0,0,,42.75,4,39.95,3,33.15,3
2026-09-03 10:32:27,36.48,3,0,0,,43.10,4,31.10,3,35.25,3
2026-09-03 10:32:40,35.72,3,0,0,,40.15,4,35.25,3,31.75,3
2026-09-03 10:32:53,36.88,3,0,0,,39.10,4,31.50,3,40.05,3
2026-09-03 10:33:07,37.33,3,0,0,,39.80,4,39.80,3,32.40,3
2026-09-03 10:33:20,37.45,3,0,0,,46.00,4,31.15,3,35.20,4
2026-09-03 10:33:33,40.63,3,0,0,,41.90,4,39.40,3,40.60,4
2026-09-03 10:33:47,38.48,3,0,0,,37.90,4,31.20,3,46.35,4
2026-09-03 10:34:00,40.18,3,0,0,,42.00,4,34.55,3,44.00,4
2026-09-03 10:34:13,39.80,3,0,0,,37.80,4,35.10,3,46.50,4
2026-09-03 10:34:28,41.48,3,0,0,,46.70,4,39.55,3,38.20,4
2026-09-03 10:34:43,40.53,3,0,0,,39.90,4,41.00,4,40.70,4
2026-09-03 10:34:56,42.87,3,0,0,,41.90,4,39.90,4,46.80,4
2026-09-03 10:35:09,41.97,3,0,0,,37.50,4,42.15,4,46.25,4
2026-09-03 10:35:22,42.82,3,0,0,,44.30,4,42.05,4,42.10,4
2026-09-03 10:35:36,37.85,3,0,0,,37.00,4,38.55,4,38.00,4
2026-09-03 10:35:49,43.57,3,0,0,,40.25,5,44.25,4,46.20,4
2026-09-03 10:36:02,42.00,3,0,0,,42.10,5,45.95,4,37.95,4
2026-09-03 10:36:16,47.15,3,0,0,,53.00,5,42.05,4,46.40,4
2026-09-03 10:36:29,45.73,3,0,0,,52.40,5,46.70,4,38.10,4
2026-09-03 10:36:42,42.88,3,0,0,,50.40,5,38.05,4,40.20,4
2026-09-03 10:36:56,45.63,3,0,0,,48.50,5,46.45,4,41.95,4
2026-09-03 10:37:09,48.13,3,0,0,,53.25,5,46.90,4,44.25,5
2026-09-03 10:37:22,43.47,3,0,0,,44.10,5,39.60,4,46.70,5
2026-09-03 10:37:36,46.25,3,0,0,,45.70,5,42.05,4,51.00,5
2026-09-03 10:37:49,43.35,3,0,0,,44.55,5,40.35,4,45.15,5
2026-09-03 10:38:02,45.35,3,0,0,,45.35,5,44.20,4,46.50,5
2026-09-03 10:38:17,48.10,3,0,0,,52.95,5,38.05,4,53.30,5
2026-09-03 10:38:31,46.08,3,0,0,,44.65,5,44.80,5,48.80,5
2026-09-03 10:38:44,48.15,3,0,0,,52.40,5,48.05,5,44.00,5
2026-09-03 10:38:58,50.27,3,0,0,,48.60,5,53.35,5,48.85,5
2026-09-03 10:39:11,46.17,3,0,0,,48.60,5,45.15,5,44.75,5
2026-09-03 10:39:25,49.52,3,0,0,,49.15,5,47.70,5,51.70,5
2026-09-03 10:39:38,53.28,3,0,0,,53.25,6,53.60,5,53.00,5
2026-09-03 10:39:51,47.95,3,0,0,,55.05,6,44.00,5,44.80,5
2026-09-03 10:40:05,49.97,3,0,0,,51.80,6,45.25,5,52.85,5
2026-09-03 10:40:18,49.70,3,0,0,,55.20,6,49.10,5,44.80,5
2026-09-03 10:40:31,53.30,3,0,0,,55.20,6,53.90,5,50.80,5
2026-09-03 10:40:44,49.80,3,0,0,,51.15,6,45.15,5,53.10,5
2026-09-03 10:40:57,52.45,3,0,0,,53.40,6,48.55,5,55.40,6
2026-09-03 10:41:11,53.37,3,0,0,,51.45,6,53.05,5,55.60,6
2026-09-03 10:41:25,51.15,3,0,0,,53.55,6,45.10,5,54.80,6
2026-09-03 10:41:38,51.93,3,0,0,,53.35,6,51.30,5,51.15,6
2026-09-03 10:41:51,53.20,3,0,0,,60.00,6,44.10,5,55.50,6
2026-09-03 10:42:04,51.60,3,0,0,,55.30,6,47.85,5,51.65,6
2026-09-03 10:42:18,52.12,3,0,0,,51.20,6,47.60,6,57.55,6
2026-09-03 10:42:31,54.55,3,0,0,,58.65,6,49.45,6,55.55,6
2026-09-03 10:42:45,54.88,3,0,0,,51.00,6,56.05,6,57.60,6
2026-09-03 10:42:58,57.67,3,0,0,,57.25,6,56.05,6,59.70,6
2026-09-03 10:43:11,57.12,3,0,0,,59.55,6,60.35,6,51.45,6
2026-09-03 10:43:25,58.48,3,0,0,,55.30,7,60.75,6,59.40,6
2026-09-03 10:43:38,56.83,3,0,0,,63.25,7,51.70,6,55.55,6
2026-09-03 10:43:52,56.48,3,0,0,,63.70,7,54.35,6,51.40,6
2026-09-03 10:44:05,58.50,3,0,0,,60.95,7,55.15,6,59.40,6
2026-09-03 10:44:19,54.83,3,0,0,,62.15,7,50.90,6,51.45,6
2026-09-03 10:44:32,57.70,3,0,0,,58.00,7,57.50,6,57.60,6
2026-09-03 10:44:46,58.15,3,0,0,,61.20,7,56.20,6,57.05,7
2026-09-03 10:44:59,58.90,3,0,0,,66.45,7,54.40,6,55.85,7
2026-09-03 10:45:13,60.55,3,0,0,,66.60,7,58.25,6,56.80,7
2026-09-03 10:45:26,58.83,3,0,0,,58.40,7,56.00,6,62.10,7
2026-09-03 10:45:39,60.15,3,0,0,,61.40,7,52.55,6,66.50,7
2026-09-03 10:45:53,63.03,3,0,0,,62.00,7,60.85,6,66.25,7
2026-09-03 10:46:06,61.48,3,0,0,,59.55,7,62.80,7,62.10,7
2026-09-03 10:46:19,57.82,3,0,0,,58.05,7,57.30,7,58.10,7
2026-09-03 10:46:32,62.83,3,0,0,,65.90,7,62.65,7,59.95,7
2026-09-03 10:46:45,63.90,3,0,0,,62.10,7,67.35,7,62.25,7
2026-09-03 10:46:59,62.02,3,0,0,,61.10,7,62.65,7,62.30,7
2026-09-03 10:47:12,62.77,3,0,0,,66.25,8,62.80,7,59.25,7
2026-09-03 10:47:25,63.93,3,0,0,,62.15,8,62.85,7,66.80,7
2026-09-03 10:47:39,60.17,3,0,0,,63.05,8,59.35,7,58.10,7
2026-09-03 10:47:52,62.53,3,0,0,,68.85,8,60.65,7,58.10,7
2026-09-03 10:48:06,65.23,3,0,0,,68.70,8,62.75,7,64.25,7
2026-09-03 10:48:19,65.77,3,0,0,,72.60,8,61.70,7,63.00,7
2026-09-03 10:48:33,66.52,3,0,0,,72.60,8,62.65,7,64.30,8
2026-09-03 10:48:46,66.10,3,0,0,,73.50,8,58.80,7,66.00,8
2026-09-03 10:49:00,66.87,3,0,0,,64.50,8,67.05,7,69.05,8
2026-09-03 10:49:13,68.40,3,0,0,,68.75,8,62.70,7,73.75,8
2026-09-03 10:49:27,68.22,3,0,0,,72.85,8,58.20,7,73.60,8
2026-09-03 10:49:41,67.37,3,0,0,,68.80,8,64.25,7,69.05,8
2026-09-03 10:49:54,68.30,3,0,0,,67.60,8,63.60,8,73.70,8
2026-09-03 10:50:08,67.22,3,0,0,,73.50,8,64.10,8,64.05,8
2026-09-03 10:50:21,69.52,3,0,0,,73.55,8,69.50,8,65.50,8
2026-09-03 10:50:35,66.20,3,0,0,,64.20,8,69.45,8,64.95,8
2026-09-03 10:50:48,69.53,3,0,0,,70.15,8,73.45,8,65.00,8
2026-09-03 10:51:02,68.72,3,0,0,,68.70,8,69.35,8,68.10,8
2026-09-03 10:51:16,68.83,3,0,0,,73.20,9,64.35,8,68.95,8
2026-09-03 10:51:29,68.62,3,0,0,,69.70,9,69.40,8,66.75,8
2026-09-03 10:51:42,74.20,3,0,0,,80.20,9,69.35,8,73.05,8
2026-09-03 10:51:56,72.47,3,0,0,,79.70,9,64.90,8,72.80,8
2026-09-03 10:52:10,70.28,3,0,0,,75.35,9,71.25,8,64.25,8
2026-09-03 10:52:23,72.68,3,0,0,,79.70,9,71.60,8,66.75,9
2026-09-03 10:52:37,75.77,3,0,0,,79.70,9,74.15,8,73.45,9
2026-09-03 10:52:50,72.87,3,0,0,,75.40,9,65.35,8,77.85,9
2026-09-03 10:53:04,73.52,3,0,0,,75.40,9,73.65,8,71.50,9
2026-09-03 10:53:17,75.13,3,0,0,,80.25,9,69.45,8,75.70,9
2026-09-03 10:53:32,72.68,3,0,0,,80.20,9,64.35,8,73.50,9
2026-09-03 10:53:45,73.85,3,0,0,,71.90,9,71.75,9,77.90,9
2026-09-03 10:53:59,77.33,3,0,0,,79.65,9,79.40,9,72.95,9
2026-09-03 10:54:12,76.05,3,0,0,,75.40,9,80.30,9,72.45,9
2026-09-03 10:54:26,74.73,3,0,0,,80.20,9,72.40,9,71.60,9
2026-09-03 10:54:39,73.37,3,0,0,,70.55,9,76.25,9,73.30,9
