time_stamp,ram_avg,running_hosts,idle_hosts,offline_hosts,predicted_ram,ram_compute1,vms_compute1,ram_compute2,vms_compute2,ram_compute3,vms_compute3
2026-09-01 16:35:29,12.12,0,3,0,76.77,10.95,0,9.90,0,15.50,0
2026-09-01 16:35:45,6.32,0,3,0,,18.95,0,0.00,0,0.00,0
2026-09-01 16:36:01,9.80,0,2,1,,19.60,0,0.00,0,0.00,0
2026-09-01 16:36:12,14.95,0,1,2,,14.95,0,0.00,0,0.00,0
2026-09-01 16:36:23,12.10,0,1,2,,12.10,0,0.00,0,0.00,0
2026-09-01 16:36:35,19.40,0,1,2,,19.40,0,0.00,0,0.00,0
2026-09-01 16:36:47,22.10,1,0,2,,22.10,1,0.00,0,0.00,0
2026-09-01 16:36:59,17.60,1,0,2,,17.60,1,0.00,0,0.00,0
2026-09-01 16:37:10,22.05,1,0,2,,22.05,1,0.00,0,0.00,0
2026-09-01 16:37:21,26.40,1,0,2,,26.40,1,0.00,0,0.00,0
2026-09-01 16:37:33,25.95,1,0,2,,25.95,1,0.00,0,0.00,0
2026-09-01 16:37:44,22.00,1,0,2,,22.00,1,0.00,0,0.00,0
2026-09-01 16:37:55,22.15,1,0,2,,22.15,2,0.00,0,0.00,0
2026-09-01 16:38:07,27.45,1,0,2,,27.45,2,0.00,0,0.00,0
2026-09-01 16:38:18,24.20,1,0,2,,24.20,2,0.00,0,0.00,0
2026-09-01 16:38:30,28.60,1,0,2,,28.60,2,0.00,0,0.00,0
2026-09-01 16:38:41,33.20,1,0,2,,33.20,2,0.00,0,0.00,0
2026-09-01 16:38:53,26.45,1,0,2,,26.45,2,0.00,0,0.00,0
2026-09-01 16:39:04,24.50,1,0,2,,24.50,2,0.00,0,0.00,0
2026-09-01 16:39:16,30.85,1,0,2,,30.85,3,0.00,0,0.00,0
2026-09-01 16:39:27,37.55,1,0,2,,37.55,3,0.00,0,0.00,0
2026-09-01 16:39:39,33.50,1,0,2,,33.50,3,0.00,0,0.00,0
2026-09-01 16:39:50,31.40,1,0,2,,31.40,3,0.00,0,0.00,0
2026-09-01 16:40:02,39.70,1,0,2,,39.70,3,0.00,0,0.00,0
2026-09-01 16:40:13,33.05,1,0,2,,33.05,3,0.00,0,0.00,0
2026-09-01 16:40:24,36.05,1,0,2,,36.05,4,0.00,0,0.00,0
2026-09-01 16:40:36,41.65,1,0,2,,41.65,4,0.00,0,0.00,0
2026-09-01 16:40:47,37.55,1,0,2,,37.55,4,0.00,0,0.00,0
2026-09-01 16:40:59,41.75,1,0,2,,41.75,4,0.00,0,0.00,0
2026-09-01 16:41:10,41.10,1,0,2,,41.10,4,0.00,0,0.00,0
2026-09-01 16:41:21,38.05,1,0,2,,38.05,4,0.00,0,0.00,0
2026-09-01 16:41:33,42.05,1,0,2,,42.05,4,0.00,0,0.00,0
2026-09-01 16:41:44,44.00,1,0,2,,44.00,5,0.00,0,0.00,0
2026-09-01 16:41:55,41.20,1,0,2,,41.20,5,0.00,0,0.00,0
2026-09-01 16:42:07,51.70,1,0,2,,51.70,5,0.00,0,0.00,0
2026-09-01 16:42:18,44.90,1,0,2,,44.90,5,0.00,0,0.00,0
2026-09-01 16:42:30,48.70,1,0,2,,48.70,5,0.00,0,0.00,0
2026-09-01 16:42:41,52.90,1,0,2,,52.90,5,0.00,0,0.00,0
2026-09-01 16:42:53,47.35,1,0,2,,47.35,5,0.00,0,0.00,0
2026-09-01 16:43:04,49.15,1,0,2,,49.15,6,0.00,0,0.00,0
2026-09-01 16:43:16,50.20,1,0,2,,50.20,6,0.00,0,0.00,0
2026-09-01 16:43:27,49.70,1,0,2,,49.70,6,0.00,0,0.00,0
2026-09-01 16:43:38,55.25,1,0,2,,55.25,6,0.00,0,0.00,0
2026-09-01 16:43:50,57.45,1,0,2,,57.45,6,0.00,0,0.00,0
2026-09-01 16:44:01,51.40,1,0,2,,51.40,6,0.00,0,0.00,0
2026-09-01 16:44:13,59.35,1,0,2,,59.35,7,0.00,0,0.00,0
2026-09-01 16:44:24,53.40,1,0,2,,53.40,7,0.00,0,0.00,0
2026-09-01 16:44:36,62.65,1,0,2,,62.65,7,0.00,0,0.00,0
2026-09-01 16:44:48,57.85,1,0,2,,57.85,7,0.00,0,0.00,0
2026-09-01 16:44:59,61.30,1,0,2,,61.30,7,0.00,0,0.00,0
2026-09-01 16:45:11,58.20,1,0,2,,58.20,7,0.00,0,0.00,0
2026-09-01 16:45:24,66.20,1,0,2,76.73,66.20,7,0.00,0,0.00,0
2026-09-01 16:45:36,60.10,1,0,2,76.73,60.10,8,0.00,0,0.00,0
2026-09-01 16:45:47,64.45,1,0,2,79.51,64.45,8,0.00,0,0.00,0
2026-09-01 16:45:59,68.80,1,0,2,79.51,68.80,8,0.00,0,0.00,0
2026-09-01 16:46:11,62.25,1,0,2,79.51,62.25,8,0.00,0,0.00,0
2026-09-01 16:46:23,70.90,1,0,2,,70.90,8,0.00,0,0.00,0
2026-09-01 16:46:34,66.10,1,0,2,,66.10,8,0.00,0,0.00,0
2026-09-01 16:46:46,68.95,1,0,2,,68.95,9,0.00,0,0.00,0
2026-09-01 16:46:58,44.55,1,1,1,,72.60,9,16.50,0,0.00,0
2026-09-01 16:47:11,40.77,1,1,1,,71.25,9,10.30,0,0.00,0
2026-09-01 16:47:23,46.30,1,1,1,,73.80,9,18.80,0,0.00,0
2026-09-01 16:47:35,39.92,1,1,1,,69.35,9,10.50,0,0.00,0
2026-09-01 16:47:48,46.50,1,1,1,,74.05,9,18.95,0,0.00,0
2026-09-01 16:48:01,45.60,1,1,1,,79.80,9,11.40,0,0.00,0
2026-09-01 16:48:13,42.25,2,0,1,,71.40,9,13.10,1,0.00,0
2026-09-01 16:48:26,49.83,2,0,1,,79.60,9,20.05,1,0.00,0
2026-09-01 16:48:39,49.83,2,0,1,,74.40,9,25.25,1,0.00,0
2026-09-01 16:48:52,45.10,2,0,1,,71.55,9,18.65,1,0.00,0
2026-09-01 16:49:04,47.25,2,0,1,,71.40,9,23.10,1,0.00,0
2026-09-01 16:49:18,48.32,2,0,1,,75.45,9,21.20,2,0.00,0
2026-09-01 16:49:31,51.65,2,0,1,,75.35,9,27.95,2,0.00,0
2026-09-01 16:49:44,51.90,2,0,1,,80.15,9,23.65,2,0.00,0
2026-09-01 16:49:56,51.55,2,0,1,,75.30,9,27.80,2,0.00,0
2026-09-01 16:50:09,53.85,2,0,1,,75.40,9,32.30,2,0.00,0
2026-09-01 16:50:21,53.95,2,0,1,,79.85,9,28.05,2,0.00,0
2026-09-01 16:50:35,49.82,2,0,1,73.50,75.35,9,24.30,3,0.00,0
2026-09-01 16:50:48,51.52,2,0,1,73.50,72.55,9,30.50,3,0.00,0
2026-09-01 16:51:01,57.62,2,0,1,73.73,79.20,9,36.05,3,0.00,0
2026-09-01 16:51:15,53.60,2,0,1,59.92,74.75,9,32.45,3,0.00,0
2026-09-01 16:51:28,55.25,2,0,1,62.17,79.75,9,30.75,3,0.00,0
2026-09-01 16:51:42,55.05,2,0,1,78.23,75.35,9,34.75,3,0.00,0
2026-09-01 16:51:55,54.12,2,0,1,78.23,71.45,9,36.80,4,0.00,0
2026-09-01 16:52:10,39.27,2,1,0,78.35,72.75,9,32.75,4,12.30,0
2026-09-01 16:52:24,39.73,2,1,0,78.35,71.40,9,37.10,4,10.70,0
2026-09-01 16:52:38,45.52,2,1,0,77.16,77.35,9,44.55,4,14.65,0
2026-09-01 16:52:53,43.93,2,1,0,77.16,70.25,9,42.60,4,18.95,0
2026-09-01 16:53:08,41.43,2,1,0,76.45,73.25,9,37.60,4,13.45,0
2026-09-01 16:53:22,41.07,3,0,0,76.45,71.50,9,36.60,4,15.10,1
2026-09-01 16:53:36,44.15,3,0,0,74.56,74.35,9,41.45,4,16.65,1
2026-09-01 16:53:50,47.80,3,0,0,74.56,80.15,9,41.60,4,21.65,1
2026-09-01 16:54:04,45.00,3,0,0,73.73,71.40,9,37.45,4,26.15,1
2026-09-01 16:54:18,43.00,3,0,0,73.73,71.00,9,40.40,4,17.60,1
2026-09-01 16:54:32,45.55,3,0,0,73.73,71.35,9,45.45,4,19.85,2
2026-09-01 16:54:46,48.70,3,0,0,77.15,77.10,9,42.90,4,26.10,2
2026-09-01 16:55:00,50.42,3,0,0,77.15,75.35,9,45.60,4,30.30,2
2026-09-01 16:55:14,46.38,3,0,0,77.02,75.60,9,37.35,4,26.20,2
2026-09-01 16:55:28,47.55,3,0,0,77.02,75.35,9,42.90,4,24.40,2
2026-09-01 16:55:42,45.40,3,0,0,76.47,71.40,9,41.55,4,23.25,3
2026-09-01 16:55:56,50.05,3,0,0,76.47,77.25,9,37.45,4,35.45,3
2026-09-01 16:56:10,51.20,3,0,0,75.83,75.45,9,46.00,4,32.15,3
2026-09-01 16:56:24,49.48,3,0,0,61.67,79.95,9,37.50,4,31.00,3
2026-09-01 16:56:39,47.68,3,0,0,60.67,70.75,9,41.45,4,30.85,3
2026-09-01 16:56:54,48.93,3,0,0,65.25,74.15,9,37.55,4,35.10,3
2026-09-01 16:57:08,51.90,3,0,0,60.70,75.35,9,45.85,4,34.50,4
2026-09-01 16:57:22,49.12,3,0,0,73.09,75.40,9,37.50,4,34.45,4
2026-09-01 16:57:36,52.50,3,0,0,73.09,75.35,9,46.05,4,36.10,4
2026-09-01 16:57:49,50.27,3,0,0,76.87,71.40,9,37.55,4,41.85,4
2026-09-01 16:58:03,52.55,3,0,0,76.87,77.45,9,39.30,4,40.90,4
2026-09-01 16:58:17,53.07,3,0,0,76.13,79.70,9,41.45,4,38.05,5
2026-09-01 16:58:31,55.40,3,0,0,76.13,77.50,9,39.85,4,48.85,5
2026-09-01 16:58:45,55.02,3,0,0,75.74,75.35,9,41.50,4,48.20,5
2026-09-01 16:58:59,50.50,3,0,0,75.74,71.55,9,37.40,4,42.55,5
2026-09-01 16:59:13,56.90,3,0,0,75.74,77.20,9,45.50,4,48.00,5
2026-09-01 16:59:28,54.50,3,0,0,77.99,72.90,9,37.45,4,53.15,5
2026-09-01 16:59:42,56.72,3,0,0,77.99,79.30,9,40.15,5,50.70,5
2026-09-01 16:59:56,55.67,3,0,0,73.55,75.35,9,46.35,5,45.30,5
2026-09-01 17:00:09,57.05,3,0,0,73.55,71.85,9,50.75,5,48.55,5
2026-09-01 17:00:23,54.50,3,0,0,75.75,71.70,9,47.40,5,44.40,5
2026-09-01 17:00:37,56.05,3,0,0,75.75,71.70,9,50.15,5,46.30,5
2026-09-01 17:00:51,58.82,3,0,0,75.19,76.90,9,53.20,5,46.35,6
2026-09-01 17:01:05,59.85,3,0,0,75.19,75.45,9,53.05,5,51.05,6
2026-09-01 17:01:20,56.65,3,0,0,73.18,71.90,9,44.30,5,53.75,6
2026-09-01 17:01:34,55.95,3,0,0,73.18,70.90,9,44.35,5,52.60,6
2026-09-01 17:01:50,57.18,3,0,0,78.09,74.95,9,44.35,5,52.25,6
2026-09-01 17:02:07,58.83,3,0,0,78.09,71.00,9,50.05,6,55.45,6
2026-09-01 17:02:21,58.05,3,0,0,78.09,73.80,9,49.05,6,51.30,6
2026-09-01 17:02:34,58.02,3,0,0,77.08,71.45,9,49.60,6,53.00,6
2026-09-01 17:02:48,60.93,3,0,0,77.08,74.20,9,50.50,6,58.10,6
2026-09-01 17:03:02,64.67,3,0,0,72.53,79.85,9,59.50,6,54.65,6
2026-09-01 17:03:17,60.77,3,0,0,72.53,71.35,9,59.65,6,51.30,6
2026-09-01 17:03:31,59.83,3,0,0,78.21,75.60,9,50.50,6,53.40,7
2026-09-01 17:03:45,61.35,3,0,0,78.21,71.35,9,52.90,6,59.80,7
2026-09-01 17:03:59,65.87,3,0,0,74.04,74.85,9,56.75,6,66.00,7
2026-09-01 17:04:13,61.45,3,0,0,74.04,75.35,9,50.90,6,58.10,7
2026-09-01 17:04:26,65.27,3,0,0,75.75,75.55,9,53.50,6,66.75,7
2026-09-01 17:04:41,67.23,3,0,0,75.75,80.20,9,59.50,7,62.00,7
2026-09-01 17:04:55,64.50,3,0,0,75.75,71.40,9,61.80,7,60.30,7
2026-09-01 17:05:09,64.72,3,0,0,77.17,79.25,9,56.90,7,58.00,7
2026-09-01 17:05:23,66.55,3,0,0,77.17,80.20,9,61.55,7,57.90,7
2026-09-01 17:05:37,69.15,3,0,0,73.57,79.30,9,66.10,7,62.05,7
2026-09-01 17:05:51,65.75,3,0,0,73.57,75.50,9,61.75,7,60.00,7
2026-09-01 17:06:05,65.88,3,0,0,75.60,71.65,9,61.60,7,64.40,8
2026-09-01 17:06:19,69.50,3,0,0,75.60,78.75,9,61.65,7,68.10,8
2026-09-01 17:06:33,66.10,3,0,0,75.15,73.90,9,59.60,7,64.80,8
2026-09-01 17:06:48,67.48,3,0,0,75.15,79.70,9,58.10,7,64.65,8
2026-09-01 17:07:02,66.97,3,0,0,74.12,71.25,9,60.70,7,68.95,8
2026-09-01 17:07:17,69.17,3,0,0,74.12,74.20,9,59.85,8,73.45,8
2026-09-01 17:07:31,67.95,3,0,0,74.12,73.85,9,61.20,8,68.80,8
2026-09-01 17:07:45,68.00,3,0,0,76.01,76.95,9,62.40,8,64.65,8
2026-09-01 17:07:59,69.47,3,0,0,76.01,75.35,9,68.30,8,64.75,8
2026-09-01 17:08:14,71.55,3,0,0,73.79,71.55,9,69.55,8,73.55,8
2026-09-01 17:08:29,74.45,3,0,0,73.79,77.25,9,72.85,8,73.25,8
2026-09-01 17:08:45,72.12,3,0,0,75.51,77.20,9,64.20,8,74.95,9
2026-09-01 17:08:59,70.17,3,0,0,75.51,70.25,9,67.75,8,72.50,9
2026-09-01 17:09:14,70.98,3,0,0,78.73,72.95,9,64.45,8,75.55,9
2026-09-01 17:09:28,72.23,3,0,0,78.73,77.40,9,63.70,8,75.60,9
2026-09-01 17:09:43,73.02,3,0,0,74.10,74.25,9,70.30,8,74.50,9
2026-09-01 17:09:57,76.55,3,0,0,74.10,80.15,9,70.05,9,79.45,9
2026-09-01 17:10:12,72.33,3,0,0,74.26,71.40,9,68.55,9,77.05,9
2026-09-01 17:10:26,76.67,3,0,0,74.26,77.10,9,78.95,9,73.95,9
2026-09-01 17:10:41,74.55,3,0,0,75.12,73.75,9,76.45,9,73.45,9
2026-09-01 17:10:55,77.58,3,0,0,75.12,80.10,9,78.75,9,73.90,9
2026-09-01 17:11:09,75.02,3,0,0,75.12,71.35,9,79.10,9,74.60,9
2026-09-01 17:11:24,76.35,3,0,0,75.57,77.45,9,77.05,9,74.55,9
2026-09-01 17:11:38,74.45,3,0,0,75.57,74.80,9,68.25,8,80.30,9
2026-09-01 17:11:53,71.65,3,0,0,67.95,79.35,9,64.60,8,71.00,9
2026-09-01 17:12:08,72.22,3,0,0,69.87,71.05,9,72.30,8,73.30,9
2026-09-01 17:12:23,73.80,3,0,0,71.29,76.85,9,72.95,8,71.60,9
2026-09-01 17:12:37,73.10,3,0,0,71.29,75.00,9,64.70,8,79.60,9
2026-09-01 17:12:52,73.85,3,0,0,66.14,79.60,9,73.15,8,68.80,8
2026-09-01 17:13:08,67.03,3,0,0,66.14,71.45,9,64.15,8,65.50,8
2026-09-01 17:13:23,69.57,3,0,0,64.70,79.25,9,64.60,8,64.85,8
2026-09-01 17:13:37,74.90,3,0,0,64.70,79.35,9,72.70,8,72.65,8
2026-09-01 17:13:52,68.00,3,0,0,65.53,77.40,9,57.75,8,68.85,8
2026-09-01 17:14:06,67.37,3,0,0,62.66,75.35,9,60.65,7,66.10,8
2026-09-01 17:14:21,66.78,3,0,0,61.16,71.85,9,63.60,7,64.90,8
2026-09-01 17:14:35,66.42,3,0,0,59.30,72.40,9,56.70,7,70.15,8
2026-09-01 17:14:50,69.25,3,0,0,60.77,74.95,9,63.80,7,69.00,8
2026-09-01 17:15:04,66.62,3,0,0,60.20,80.15,9,61.75,7,57.95,7
2026-09-01 17:15:19,61.97,3,0,0,60.20,71.65,9,56.60,7,57.65,7
2026-09-01 17:15:34,66.27,3,0,0,60.32,73.90,9,63.45,7,61.45,7
2026-09-01 17:15:48,64.27,3,0,0,60.32,73.75,9,57.05,7,62.00,7
2026-09-01 17:16:04,67.52,3,0,0,59.44,79.95,9,63.20,7,59.40,7
2026-09-01 17:16:21,65.53,3,0,0,59.44,72.75,9,59.85,6,64.00,7
2026-09-01 17:16:35,64.95,3,0,0,59.80,79.70,9,53.15,6,62.00,7
2026-09-01 17:16:50,64.85,3,0,0,59.80,79.35,9,55.00,6,60.20,7
2026-09-01 17:17:04,65.00,3,0,0,57.21,75.50,9,52.95,6,66.55,7
2026-09-01 17:17:20,65.22,3,0,0,57.66,76.30,9,57.25,6,62.10,7
2026-09-01 17:17:35,60.48,3,0,0,55.90,79.85,9,50.55,6,51.05,6
2026-09-01 17:17:49,65.18,3,0,0,55.90,79.60,9,59.00,6,56.95,6
2026-09-01 17:18:04,60.57,3,0,0,54.73,75.45,9,50.90,6,55.35,6
2026-09-01 17:18:18,60.10,3,0,0,54.73,73.80,9,51.00,6,55.50,6
2026-09-01 17:18:33,63.73,3,0,0,54.60,79.75,9,59.50,6,51.95,6
2026-09-01 17:18:47,60.53,3,0,0,52.54,77.50,9,44.30,5,59.80,6
2026-09-01 17:19:01,59.65,3,0,0,53.72,75.35,9,52.50,5,51.10,6
2026-09-01 17:19:16,57.78,3,0,0,50.76,71.65,9,48.40,5,53.30,6
2026-09-01 17:19:33,60.98,3,0,0,50.51,78.95,9,46.15,5,57.85,6
2026-09-01 17:19:49,56.45,3,0,0,50.59,79.85,9,44.60,5,44.90,5
2026-09-01 17:20:06,54.68,3,0,0,47.39,71.45,9,43.95,5,48.65,5
2026-09-01 17:20:22,56.53,3,0,0,47.16,75.45,9,47.80,5,46.35,5
2026-09-01 17:20:40,54.45,3,0,0,45.87,73.05,9,45.85,5,44.45,5
2026-09-01 17:20:55,55.90,3,0,0,45.87,73.50,9,41.70,5,52.50,5
2026-09-01 17:21:09,56.40,3,0,0,46.21,80.00,9,40.55,4,48.65,5
2026-09-01 17:21:23,53.68,3,0,0,45.70,71.35,9,45.50,4,44.20,5
2026-09-01 17:21:37,52.75,3,0,0,44.73,73.55,9,37.60,4,47.10,5
2026-09-01 17:21:51,55.37,3,0,0,43.35,71.60,9,45.90,4,48.60,5
2026-09-01 17:22:05,51.22,3,0,0,44.72,77.60,9,37.65,4,38.40,5
2026-09-01 17:22:19,53.00,3,0,0,42.98,75.35,9,40.45,4,43.20,4
2026-09-01 17:22:33,53.18,3,0,0,42.98,71.45,9,41.60,4,46.50,4
2026-09-01 17:22:47,49.88,3,0,0,40.20,71.10,9,40.65,4,37.90,4
2026-09-01 17:23:01,52.55,3,0,0,40.20,72.05,9,41.60,4,44.00,4
2026-09-01 17:23:15,51.52,3,0,0,38.19,79.30,9,39.85,4,35.40,4
2026-09-01 17:23:29,50.73,3,0,0,38.19,75.50,9,45.85,4,30.85,3
2026-09-01 17:23:43,50.00,3,0,0,38.24,75.65,9,37.60,4,36.75,3
2026-09-01 17:23:57,48.85,3,0,0,38.08,70.25,9,46.25,4,30.05,3
2026-09-01 17:24:12,49.87,3,0,0,36.69,73.85,9,39.00,4,36.75,3
2026-09-01 17:24:28,50.08,3,0,0,36.97,75.35,9,46.00,4,28.90,3
2026-09-01 17:24:43,46.40,3,0,0,36.68,71.35,9,39.95,4,27.90,2
2026-09-01 17:24:57,47.10,3,0,0,36.50,71.25,9,41.55,4,28.50,2
2026-09-01 17:25:10,47.65,3,0,0,36.50,75.75,9,39.85,4,27.35,2
2026-09-01 17:25:25,52.38,3,0,0,37.65,80.15,9,43.70,4,33.30,2
2026-09-01 17:25:39,42.00,3,0,0,37.65,70.35,9,37.50,4,18.15,2
2026-09-01 17:25:52,48.77,3,0,0,36.86,75.45,9,45.05,4,25.80,1
2026-09-01 17:26:06,42.10,3,0,0,36.86,71.35,9,37.15,4,17.80,1
2026-09-01 17:26:20,46.95,3,0,0,35.68,76.30,9,40.60,4,23.95,1
2026-09-01 17:26:35,47.88,3,0,0,35.68,75.35,9,46.40,4,21.90,1
2026-09-01 17:26:49,44.92,3,0,0,37.56,80.30,9,37.80,4,16.65,1
2026-09-01 17:27:04,41.25,2,1,0,37.56,75.35,9,46.20,4,2.20,0
2026-09-01 17:27:23,38.88,2,1,0,36.97,76.80,9,39.85,4,0.00,0
2026-09-01 17:27:36,55.65,2,0,1,49.18,73.40,9,37.90,4,0.00,0
2026-09-01 17:27:49,58.85,2,0,1,49.18,71.55,9,46.15,4,0.00,0
2026-09-01 17:28:02,51.85,2,0,1,47.91,73.10,9,30.60,3,0.00,0
2026-09-01 17:28:16,59.55,2,0,1,47.91,79.90,9,39.20,3,0.00,0
2026-09-01 17:28:30,52.72,2,0,1,44.81,70.60,9,34.85,3,0.00,0
2026-09-01 17:28:43,52.83,2,0,1,44.01,71.45,9,34.20,3,0.00,0
2026-09-01 17:28:57,52.70,2,0,1,46.38,70.55,9,34.85,3,0.00,0
2026-09-01 17:29:10,50.13,2,0,1,46.28,73.85,9,26.40,3,0.00,0
2026-09-01 17:29:23,56.65,2,0,1,46.49,80.25,9,33.05,2,0.00,0
2026-09-01 17:29:36,48.25,2,0,1,47.02,71.00,9,25.50,2,0.00,0
2026-09-01 17:29:49,51.80,2,0,1,47.02,75.50,9,28.10,2,0.00,0
2026-09-01 17:30:03,49.92,2,0,1,40.94,75.35,9,24.50,2,0.00,0
2026-09-01 17:30:16,50.30,2,0,1,40.04,72.50,9,28.10,2,0.00,0
2026-09-01 17:30:30,48.42,2,0,1,41.73,79.45,9,17.40,1,0.00,0
2026-09-01 17:30:42,50.75,2,0,1,41.73,75.45,9,26.05,1,0.00,0
2026-09-01 17:30:55,48.83,2,0,1,41.73,79.90,9,17.75,1,0.00,0
2026-09-01 17:31:08,50.62,2,0,1,42.74,75.35,9,25.90,1,0.00,0
2026-09-01 17:31:21,44.45,2,0,1,42.74,71.35,9,17.55,1,0.00,0
2026-09-01 17:31:33,36.20,1,1,1,42.20,72.40,9,0.00,0,0.00,0
2026-09-01 17:31:50,36.00,1,1,1,42.20,72.00,9,0.00,0,0.00,0
2026-09-01 17:32:02,79.70,1,0,2,71.52,79.70,9,0.00,0,0.00,0
2026-09-01 17:32:15,75.45,1,0,2,71.52,75.45,9,0.00,0,0.00,0
2026-09-01 17:32:28,75.40,1,0,2,71.52,75.40,9,0.00,0,0.00,0
2026-09-01 17:32:40,68.90,1,0,2,58.01,68.90,9,0.00,0,0.00,0
2026-09-01 17:32:52,73.45,1,0,2,58.01,73.45,8,0.00,0,0.00,0
2026-09-01 17:33:04,73.55,1,0,2,48.39,73.55,8,0.00,0,0.00,0
2026-09-01 17:33:16,68.90,1,0,2,48.39,68.90,8,0.00,0,0.00,0
2026-09-01 17:33:28,64.85,1,0,2,48.39,64.85,8,0.00,0,0.00,0
2026-09-01 17:33:39,67.25,1,0,2,50.11,67.25,8,0.00,0,0.00,0
2026-09-01 17:33:51,58.15,1,0,2,50.11,58.15,8,0.00,0,0.00,0
2026-09-01 17:34:03,58.20,1,0,2,46.36,58.20,7,0.00,0,0.00,0
2026-09-01 17:34:15,63.60,1,0,2,46.36,63.60,7,0.00,0,0.00,0
2026-09-01 17:34:26,66.85,1,0,2,46.36,66.85,7,0.00,0,0.00,0
2026-09-01 17:34:38,62.10,1,0,2,41.05,62.10,7,0.00,0,0.00,0
2026-09-01 17:34:50,62.25,1,0,2,41.05,62.25,7,0.00,0,0.00,0
2026-09-01 17:35:02,55.30,1,0,2,41.05,55.30,6,0.00,0,0.00,0
2026-09-01 17:35:14,51.30,1,0,2,38.86,51.30,6,0.00,0,0.00,0
2026-09-01 17:35:26,55.35,1,0,2,38.86,55.35,6,0.00,0,0.00,0
2026-09-01 17:35:37,59.60,1,0,2,33.89,59.60,6,0.00,0,0.00,0
2026-09-01 17:35:49,59.75,1,0,2,33.89,59.75,6,0.00,0,0.00,0
2026-09-01 17:36:01,60.05,1,0,2,33.89,60.05,6,0.00,0,0.00,0
2026-09-01 17:36:13,48.65,1,0,2,33.74,48.65,5,0.00,0,0.00,0
2026-09-01 17:36:24,43.70,1,0,2,33.74,43.70,5,0.00,0,0.00,0
2026-09-01 17:36:36,48.75,1,0,2,33.74,48.75,5,0.00,0,0.00,0
2026-09-01 17:36:48,53.55,1,0,2,25.88,53.55,5,0.00,0,0.00,0
2026-09-01 17:37:00,52.55,1,0,2,25.88,52.55,5,0.00,0,0.00,0
2026-09-01 17:37:12,52.30,1,0,2,29.05,52.30,5,0.00,0,0.00,0
2026-09-01 17:37:24,43.50,1,0,2,29.05,43.50,4,0.00,0,0.00,0
2026-09-01 17:37:35,42.15,1,0,2,29.05,42.15,4,0.00,0,0.00,0
2026-09-01 17:37:47,39.95,1,0,2,25.31,39.95,4,0.00,0,0.00,0
2026-09-01 17:37:59,37.45,1,0,2,25.31,37.45,4,0.00,0,0.00,0
2026-09-01 17:38:10,38.10,1,0,2,25.31,38.10,4,0.00,0,0.00,0
2026-09-01 17:38:22,39.00,1,0,2,21.21,39.00,4,0.00,0,0.00,0
2026-09-01 17:38:34,34.65,1,0,2,21.21,34.65,3,0.00,0,0.00,0
2026-09-01 17:38:46,39.45,1,0,2,19.88,39.45,3,0.00,0,0.00,0
2026-09-01 17:38:58,39.50,1,0,2,19.88,39.50,3,0.00,0,0.00,0
2026-09-01 17:39:09,35.60,1,0,2,19.88,35.60,3,0.00,0,0.00,0
2026-09-01 17:39:22,31.50,1,0,2,13.17,31.50,3,0.00,0,0.00,0
2026-09-01 17:39:34,34.55,1,0,2,13.17,34.55,3,0.00,0,0.00,0
2026-09-01 17:39:46,30.75,1,0,2,15.34,30.75,2,0.00,0,0.00,0
2026-09-01 17:39:58,32.65,1,0,2,15.34,32.65,2,0.00,0,0.00,0
2026-09-01 17:40:09,28.60,1,0,2,15.34,28.60,2,0.00,0,0.00,0
2026-09-01 17:40:21,24.25,1,0,2,15.62,24.25,2,0.00,0,0.00,0
2026-09-01 17:40:33,28.05,1,0,2,15.62,28.05,2,0.00,0,0.00,0
2026-09-01 17:40:46,33.40,1,0,2,13.72,33.40,2,0.00,0,0.00,0
2026-09-01 17:40:58,17.95,1,0,2,18.52,17.95,1,0.00,0,0.00,0
2026-09-01 17:41:10,20.90,1,0,2,18.52,20.90,1,0.00,0,0.00,0
2026-09-01 17:41:21,21.45,1,0,2,21.24,21.45,1,0.00,0,0.00,0
2026-09-01 17:41:33,26.90,1,0,2,21.24,26.90,1,0.00,0,0.00,0
2026-09-01 17:41:45,22.25,1,0,2,21.24,22.25,1,0.00,0,0.00,0
2026-09-01 17:41:57,22.10,1,0,2,22.53,22.10,1,0.00,0,0.00,0
2026-09-01 17:42:08,15.05,0,1,2,22.53,15.05,0,0.00,0,0.00,0
2026-09-01 17:42:20,10.95,0,1,2,27.23,10.95,0,0.00,0,0.00,0
2026-09-01 17:42:31,12.35,0,1,2,27.23,12.35,0,0.00,0,0.00,0
2026-09-01 17:42:43,16.50,0,1,2,27.23,16.50,0,0.00,0,0.00,0
2026-09-01 17:42:54,19.05,0,1,2,27.79,19.05,0,0.00,0,0.00,0
2026-09-01 17:43:06,10.95,0,1,2,27.79,10.95,0,0.00,0,0.00,0
2026-09-01 17:43:17,19.00,0,1,2,27.79,19.00,0,0.00,0,0.00,0
2026-09-01 17:43:29,10.80,0,1,2,32.68,10.80,0,0.00,0,0.00,0
2026-09-01 17:43:41,19.75,0,1,2,32.68,19.75,0,0.00,0,0.00,0
2026-09-01 17:43:53,22.00,1,0,2,35.03,22.00,1,0.00,0,0.00,0
2026-09-01 17:44:05,19.00,1,0,2,35.03,19.00,1,0.00,0,0.00,0
2026-09-01 17:44:17,18.00,1,0,2,35.03,18.00,1,0.00,0,0.00,0
2026-09-01 17:44:31,22.15,1,0,2,37.95,22.15,1,0.00,0,0.00,0
2026-09-01 17:44:44,20.40,1,0,2,38.54,20.40,1,0.00,0,0.00,0
2026-09-01 17:44:56,26.75,1,0,2,39.57,26.75,1,0.00,0,0.00,0
2026-09-01 17:45:07,23.20,1,0,2,39.57,23.20,2,0.00,0,0.00,0
2026-09-01 17:45:20,23.40,1,0,2,39.57,23.40,2,0.00,0,0.00,0
2026-09-01 17:45:31,28.85,1,0,2,43.71,28.85,2,0.00,0,0.00,0
2026-09-01 17:45:43,33.30,1,0,2,43.71,33.30,2,0.00,0,0.00,0
2026-09-01 17:45:55,28.10,1,0,2,45.38,28.10,2,0.00,0,0.00,0
2026-09-01 17:46:07,24.95,1,0,2,45.38,24.95,2,0.00,0,0.00,0
2026-09-01 17:46:19,26.95,1,0,2,45.38,26.95,3,0.00,0,0.00,0
2026-09-01 17:46:31,38.15,1,0,2,50.69,38.15,3,0.00,0,0.00,0
2026-09-01 17:46:42,37.90,1,0,2,50.69,37.90,3,0.00,0,0.00,0
2026-09-01 17:46:54,33.10,1,0,2,50.69,33.10,3,0.00,0,0.00,0
2026-09-01 17:47:06,35.80,1,0,2,50.71,35.80,3,0.00,0,0.00,0
2026-09-01 17:47:18,37.30,1,0,2,50.71,37.30,3,0.00,0,0.00,0
2026-09-01 17:47:31,31.75,1,0,2,51.73,31.75,3,0.00,0,0.00,0
2026-09-01 17:47:42,42.35,1,0,2,51.73,42.35,4,0.00,0,0.00,0
2026-09-01 17:47:54,38.60,1,0,2,51.73,38.60,4,0.00,0,0.00,0
2026-09-01 17:48:06,41.55,1,0,2,56.47,41.55,4,0.00,0,0.00,0
2026-09-01 17:48:18,40.90,1,0,2,56.47,40.90,4,0.00,0,0.00,0
2026-09-01 17:48:30,42.80,1,0,2,56.47,42.80,4,0.00,0,0.00,0
2026-09-01 17:48:43,46.40,1,0,2,61.83,46.40,4,0.00,0,0.00,0
2026-09-01 17:48:55,38.45,1,0,2,61.83,38.45,5,0.00,0,0.00,0
2026-09-01 17:49:07,44.70,1,0,2,60.33,44.70,5,0.00,0,0.00,0
2026-09-01 17:49:21,46.95,1,0,2,60.33,46.95,5,0.00,0,0.00,0
2026-09-01 17:49:35,52.65,1,0,2,60.33,52.65,5,0.00,0,0.00,0
2026-09-01 17:49:47,45.40,1,0,2,65.07,45.40,5,0.00,0,0.00,0
2026-09-01 17:50:01,49.15,1,0,2,64.33,49.15,5,0.00,0,0.00,0
2026-09-01 17:50:16,46.95,1,0,2,65.71,46.95,6,0.00,0,0.00,0
2026-09-01 17:50:29,54.30,1,0,2,65.71,54.30,6,0.00,0,0.00,0
2026-09-01 17:50:41,49.70,1,0,2,64.73,49.70,6,0.00,0,0.00,0
2026-09-01 17:50:53,51.95,1,0,2,64.73,51.95,6,0.00,0,0.00,0
2026-09-01 17:51:05,55.65,1,0,2,64.73,55.65,6,0.00,0,0.00,0
2026-09-01 17:51:17,54.40,1,0,2,71.85,54.40,6,0.00,0,0.00,0
2026-09-01 17:51:29,54.25,1,0,2,71.85,54.25,7,0.00,0,0.00,0
2026-09-01 17:51:41,54.00,1,0,2,73.06,54.00,7,0.00,0,0.00,0
2026-09-01 17:51:52,58.45,1,0,2,73.06,58.45,7,0.00,0,0.00,0
2026-09-01 17:52:04,61.75,1,0,2,73.06,61.75,7,0.00,0,0.00,0
2026-09-01 17:52:16,60.75,1,0,2,76.52,60.75,7,0.00,0,0.00,0
2026-09-01 17:52:28,63.40,1,0,2,76.52,63.40,7,0.00,0,0.00,0
2026-09-01 17:52:41,59.30,1,0,2,76.52,59.30,7,0.00,0,0.00,0
2026-09-01 17:52:54,39.73,1,1,1,77.53,64.90,8,14.55,0,0.00,0
2026-09-01 17:53:07,42.65,1,1,1,77.53,69.20,8,16.10,0,0.00,0
2026-09-01 17:53:20,36.65,1,1,1,80.15,62.90,8,10.40,0,0.00,0
2026-09-01 17:53:32,45.48,1,1,1,80.15,72.35,8,18.60,0,0.00,0
2026-09-01 17:53:45,39.85,1,1,1,78.26,69.20,8,10.50,0,0.00,0
2026-09-01 17:53:58,42.30,1,1,1,78.26,65.50,8,19.10,0,0.00,0
2026-09-01 17:54:12,45.60,2,0,1,78.26,69.40,8,21.80,1,0.00,0
2026-09-01 17:54:26,44.70,2,0,1,76.04,68.90,8,20.50,1,0.00,0
2026-09-01 17:54:39,43.40,2,0,1,76.04,69.40,8,17.40,1,0.00,0
2026-09-01 17:54:51,43.32,2,0,1,75.42,69.35,8,17.30,1,0.00,0
2026-09-01 17:55:05,47.00,2,0,1,75.42,74.20,8,19.80,1,0.00,0
2026-09-01 17:55:18,44.83,2,0,1,72.79,67.25,8,22.40,2,0.00,0
2026-09-01 17:55:31,43.65,2,0,1,72.79,65.45,8,21.85,2,0.00,0
2026-09-01 17:55:45,36.22,2,1,0,72.79,66.35,8,31.80,2,10.50,0
2026-09-01 17:55:59,36.45,2,1,0,73.35,65.30,8,29.60,2,14.45,0
2026-09-01 17:56:13,36.15,2,1,0,73.35,65.40,8,25.10,2,17.95,0
2026-09-01 17:56:27,33.40,2,1,0,73.65,65.30,8,24.30,2,10.60,0
2026-09-01 17:56:40,35.45,3,0,0,73.65,68.80,8,24.40,2,13.15,1
2026-09-01 17:56:54,41.57,3,0,0,73.62,74.15,8,30.40,2,20.15,1
2026-09-01 17:57:08,39.90,3,0,0,73.62,65.30,8,28.30,2,26.10,1
2026-09-01 17:57:22,38.40,3,0,0,69.64,64.85,8,24.30,2,26.05,1
2026-09-01 17:57:36,38.88,3,0,0,69.64,66.80,8,28.45,2,21.40,1
2026-09-01 17:57:50,38.92,3,0,0,69.64,73.90,8,25.50,2,17.35,2
2026-09-01 17:58:04,40.42,3,0,0,68.64,64.25,8,33.10,2,23.90,2
2026-09-01 17:58:18,41.72,3,0,0,68.64,69.50,8,24.35,2,31.30,2
2026-09-01 17:58:32,43.33,3,0,0,73.09,65.35,8,32.80,2,31.85,2
2026-09-01 17:58:45,41.33,3,0,0,73.09,71.40,8,28.30,2,24.30,2
2026-09-01 17:58:59,40.80,3,0,0,73.84,69.30,8,29.15,2,23.95,2
2026-09-01 17:59:13,41.00,3,0,0,73.84,64.30,8,28.30,2,30.40,3
2026-09-01 17:59:28,43.23,3,0,0,69.38,65.00,8,27.70,2,37.00,3
2026-09-01 17:59:42,44.15,3,0,0,69.38,68.35,8,32.90,2,31.20,3
2026-09-01 17:59:56,41.68,3,0,0,69.38,69.30,8,24.90,2,30.85,3
2026-09-01 18:00:10,44.35,3,0,0,68.20,65.40,8,32.80,2,34.85,3
2026-09-01 18:00:24,44.75,3,0,0,68.20,69.40,8,25.15,3,39.70,3
2026-09-01 18:00:38,48.02,3,0,0,72.78,67.15,8,37.75,3,39.15,3
2026-09-01 18:00:53,47.53,3,0,0,72.78,74.15,8,33.60,3,34.85,3
2026-09-01 18:01:07,42.77,3,0,0,73.37,65.30,8,31.30,3,31.70,3
2026-09-01 18:01:21,43.20,3,0,0,73.37,64.95,8,31.10,3,33.55,3
2026-09-01 18:01:36,47.40,3,0,0,68.96,69.40,8,39.40,3,33.40,4
2026-09-01 18:01:51,47.32,3,0,0,68.96,69.30,8,39.45,3,33.20,4
2026-09-01 18:02:05,45.70,3,0,0,68.16,65.90,8,30.95,3,40.25,4
2026-09-01 18:02:20,47.80,3,0,0,61.39,66.10,8,30.80,3,46.50,4
2026-09-01 18:02:35,50.32,3,0,0,72.76,71.70,8,33.30,3,45.95,4
2026-09-01 18:02:51,50.20,3,0,0,72.76,65.20,8,39.70,3,45.70,4
2026-09-01 18:03:05,49.78,3,0,0,72.76,70.50,8,37.25,4,41.60,4
2026-09-01 18:03:18,50.68,3,0,0,72.94,70.90,8,43.60,4,37.55,4
2026-09-01 18:03:32,52.05,3,0,0,72.94,71.80,8,41.45,4,42.90,4
2026-09-01 18:03:47,48.03,3,0,0,68.53,69.35,8,38.25,4,36.50,4
2026-09-01 18:04:01,49.80,3,0,0,68.53,67.45,8,42.10,4,39.85,4
2026-09-01 18:04:15,52.10,3,0,0,67.51,71.45,8,38.35,4,46.50,5
2026-09-01 18:04:29,54.87,3,0,0,67.51,71.10,8,45.45,4,48.05,5
2026-09-01 18:04:43,51.87,3,0,0,72.84,69.35,8,41.95,4,44.30,5
2026-09-01 18:04:59,52.17,3,0,0,72.84,67.15,8,46.20,4,43.15,5
2026-09-01 18:05:15,50.28,3,0,0,73.23,69.45,8,37.60,4,43.80,5
2026-09-01 18:05:32,54.85,3,0,0,73.23,65.25,8,46.85,5,52.45,5
2026-09-01 18:05:48,58.47,3,0,0,68.16,73.35,8,48.95,5,53.10,5
2026-09-01 18:06:02,50.98,3,0,0,68.16,65.30,8,44.55,5,43.10,5
2026-09-01 18:06:16,53.55,3,0,0,67.35,68.20,8,44.15,5,48.30,5
2026-09-01 18:06:31,56.40,3,0,0,67.35,67.25,8,48.95,5,53.00,5
2026-09-01 18:06:46,55.78,3,0,0,72.88,74.15,8,45.00,5,48.20,5
2026-09-01 18:07:00,55.25,3,0,0,72.88,65.60,8,44.85,5,55.30,6
2026-09-01 18:07:15,60.38,3,0,0,73.32,73.75,8,49.80,5,57.60,6
2026-09-01 18:07:29,60.32,3,0,0,73.32,73.30,8,52.85,5,54.80,6
2026-09-01 18:07:43,56.95,3,0,0,73.32,69.40,8,50.30,5,51.15,6
2026-09-01 18:07:59,57.35,3,0,0,68.61,68.70,8,53.20,5,50.15,6
2026-09-01 18:08:14,59.97,3,0,0,68.61,69.60,8,56.20,6,54.10,6
2026-09-01 18:08:30,60.95,3,0,0,67.67,69.55,8,58.25,6,55.05,6
2026-09-01 18:08:45,60.35,3,0,0,67.67,67.65,8,58.40,6,55.00,6
2026-09-01 18:09:00,60.32,3,0,0,70.33,72.35,8,51.55,6,57.05,6
2026-09-01 18:09:15,59.23,3,0,0,70.33,66.30,8,51.60,6,59.80,6
2026-09-01 18:09:29,59.25,3,0,0,72.67,65.60,8,55.05,6,57.10,7
2026-09-01 18:09:43,63.57,3,0,0,72.67,69.10,8,59.95,6,61.65,7
2026-09-01 18:09:58,61.48,3,0,0,68.42,69.30,8,57.65,6,57.50,7
2026-09-01 18:10:12,60.85,3,0,0,68.42,66.40,8,54.30,6,61.85,7
2026-09-01 18:10:26,63.93,3,0,0,66.87,67.70,8,57.70,6,66.40,7
2026-09-01 18:10:40,62.07,3,0,0,67.90,68.55,8,55.65,7,62.00,7
2026-09-01 18:10:55,64.55,3,0,0,70.78,69.30,8,58.00,7,66.35,7
2026-09-01 18:11:09,63.23,3,0,0,70.44,66.65,8,61.15,7,61.90,7
2026-09-01 18:11:24,64.45,3,0,0,70.44,73.45,8,62.20,7,57.70,7
2026-09-01 18:11:38,65.25,3,0,0,70.93,71.55,8,66.50,7,57.70,7
2026-09-01 18:11:54,63.15,3,0,0,68.71,64.95,8,67.05,7,57.45,7
2026-09-01 18:12:09,67.58,3,0,0,70.56,71.45,8,67.00,7,64.30,8
2026-09-01 18:12:24,66.30,3,0,0,70.56,69.40,8,57.80,7,71.70,8
2026-09-01 18:12:38,67.22,3,0,0,70.93,69.30,8,59.75,7,72.60,8
2026-09-01 18:12:52,64.25,3,0,0,70.93,65.70,8,62.40,7,64.65,8
2026-09-01 18:13:06,69.52,3,0,0,72.64,73.50,8,66.25,7,68.80,8
2026-09-01 18:13:21,65.85,3,0,0,69.75,65.10,8,67.85,8,64.60,8
2026-09-01 18:13:36,68.15,3,0,0,70.16,69.45,8,65.05,8,69.95,8
2026-09-01 18:13:50,66.25,3,0,0,72.26,66.85,8,64.55,8,67.35,8
2026-09-01 18:14:05,70.67,3,0,0,70.84,73.95,8,73.80,8,64.25,8
2026-09-01 18:14:20,66.78,3,0,0,68.04,65.50,8,68.15,8,66.70,8
2026-09-01 18:14:34,71.10,3,0,0,67.36,66.75,9,73.40,8,73.15,8
2026-09-01 18:14:49,69.82,3,0,0,66.34,67.10,9,69.00,8,73.35,8
2026-09-01 18:15:03,72.13,3,0,0,69.97,74.15,9,73.70,8,68.55,8
2026-09-01 18:15:18,73.02,3,0,0,71.03,80.95,9,73.30,8,64.80,8
2026-09-01 18:15:33,74.60,3,0,0,72.63,77.50,9,73.35,8,72.95,8
2026-09-01 18:15:48,68.60,3,0,0,72.24,72.00,9,64.80,8,69.00,9
2026-09-01 18:16:03,70.73,3,0,0,72.84,74.70,9,64.45,8,73.05,9
2026-09-01 18:16:17,72.15,3,0,0,72.58,80.40,9,66.65,8,69.40,9
2026-09-01 18:16:32,74.97,3,0,0,72.58,80.85,9,73.20,8,70.85,9
2026-09-01 18:16:47,71.33,3,0,0,75.05,73.85,9,64.80,8,75.35,9
2026-09-01 18:17:02,73.33,3,0,0,75.05,77.70,9,64.95,8,77.35,9
2026-09-01 18:17:16,75.45,3,0,0,74.91,75.95,9,71.20,9,79.20,9
2026-09-01 18:17:31,76.48,3,0,0,77.16,76.25,9,78.05,9,75.15,9
2026-09-01 18:17:46,74.13,3,0,0,77.07,70.90,9,80.35,9,71.15,9
2026-09-01 18:18:01,76.25,3,0,0,74.36,74.65,9,74.40,9,79.70,9
2026-09-01 18:18:16,77.02,3,0,0,73.54,76.00,9,76.00,9,79.05,9
2026-09-01 18:18:30,73.02,3,0,0,73.55,72.10,9,71.80,9,75.15,9
2026-09-01 18:18:45,75.75,3,0,0,75.27,76.10,9,77.95,9,73.20,9
2026-09-01 18:19:00,73.47,3,0,0,74.22,75.15,9,73.45,8,71.80,9
2026-09-01 18:19:15,73.47,3,0,0,74.02,76.00,9,68.85,8,75.55,9
2026-09-01 18:19:30,71.18,3,0,0,72.16,72.45,9,65.95,8,75.15,9
2026-09-01 18:19:45,71.17,3,0,0,70.43,72.15,9,68.90,8,72.45,9
2026-09-01 18:20:01,69.83,3,0,0,68.11,78.20,9,64.95,8,66.35,9
2026-09-01 18:20:18,71.83,3,0,0,68.60,71.95,9,70.50,8,73.05,8
2026-09-01 18:20:35,70.45,3,0,0,67.98,80.00,9,65.00,8,66.35,8
2026-09-01 18:20:52,69.63,3,0,0,68.43,76.00,9,68.95,8,63.95,8
2026-09-01 18:21:07,67.40,3,0,0,67.60,68.45,9,65.00,8,68.75,8
2026-09-01 18:21:23,71.20,3,0,0,64.97,74.15,8,72.75,8,66.70,8
2026-09-01 18:21:38,67.63,3,0,0,64.28,69.50,8,64.85,8,68.55,8
2026-09-01 18:21:55,68.38,3,0,0,64.88,65.45,8,73.20,8,66.50,8
2026-09-01 18:22:11,68.15,3,0,0,65.99,69.45,8,69.00,8,66.00,8
2026-09-01 18:22:27,66.85,3,0,0,67.22,71.60,8,60.30,7,68.65,8
2026-09-01 18:22:41,67.50,3,0,0,65.18,73.70,8,62.30,7,66.50,8
2026-09-01 18:22:55,66.65,3,0,0,63.07,69.30,8,59.90,7,70.75,8
2026-09-01 18:23:11,65.78,3,0,0,63.64,66.35,8,60.05,7,70.95,8
2026-09-01 18:23:26,68.35,3,0,0,63.60,74.15,8,62.25,7,68.65,8
2026-09-01 18:23:41,62.28,3,0,0,62.90,69.40,8,59.25,7,58.20,7
2026-09-01 18:23:55,64.43,3,0,0,64.74,64.95,8,62.25,7,66.10,7
2026-09-01 18:24:10,65.70,3,0,0,63.56,70.90,8,62.30,7,63.90,7
2026-09-01 18:24:24,63.18,3,0,0,63.89,69.30,8,58.30,7,61.95,7
2026-09-01 18:24:39,62.80,3,0,0,61.53,69.50,8,60.10,7,58.80,7
2026-09-01 18:24:53,61.08,3,0,0,59.45,65.35,8,51.40,6,66.50,7
2026-09-01 18:25:09,64.63,3,0,0,58.59,73.20,8,53.95,6,66.75,7
2026-09-01 18:25:24,59.65,3,0,0,58.58,65.35,8,55.60,6,58.00,7
2026-09-01 18:25:38,62.22,3,0,0,58.58,67.05,8,53.55,6,66.05,7
2026-09-01 18:25:53,59.52,3,0,0,57.32,67.90,8,55.60,6,55.05,6
2026-09-01 18:26:07,60.18,3,0,0,58.79,74.15,8,51.30,6,55.10,6
2026-09-01 18:26:22,57.85,3,0,0,55.77,65.85,8,54.30,6,53.40,6
2026-09-01 18:26:36,60.75,3,0,0,56.06,71.55,8,55.65,6,55.05,6
2026-09-01 18:26:50,59.23,3,0,0,53.89,71.05,8,54.80,6,51.85,6
2026-09-01 18:27:05,58.98,3,0,0,52.16,69.70,8,54.15,5,53.10,6
2026-09-01 18:27:20,58.48,3,0,0,49.07,67.00,8,49.10,5,59.35,6
2026-09-01 18:27:34,58.50,3,0,0,48.95,73.80,8,50.95,5,50.75,6
2026-09-01 18:27:48,57.12,3,0,0,47.07,72.75,8,44.05,5,54.55,6
2026-09-01 18:28:03,60.60,3,0,0,48.58,69.35,8,52.65,5,59.80,6
2026-09-01 18:28:17,57.73,3,0,0,47.21,67.00,8,53.25,5,52.95,5
2026-09-01 18:28:32,54.63,3,0,0,47.44,74.10,8,45.10,5,44.70,5
2026-09-01 18:28:46,60.10,3,0,0,47.44,74.05,8,53.50,5,52.75,5
2026-09-01 18:29:00,54.33,3,0,0,46.12,69.50,8,45.05,5,48.45,5
2026-09-01 18:29:15,53.32,3,0,0,44.51,67.50,8,47.40,5,45.05,5
2026-09-01 18:29:29,56.28,3,0,0,44.00,69.30,8,46.85,4,52.70,5
2026-09-01 18:29:43,50.88,3,0,0,43.78,69.30,8,39.10,4,44.25,5
2026-09-01 18:29:57,55.37,3,0,0,42.12,69.40,8,46.85,4,49.85,5
2026-09-01 18:30:11,53.57,3,0,0,43.65,66.45,8,42.10,4,52.15,5
2026-09-01 18:30:26,53.45,3,0,0,42.44,73.85,8,43.30,4,43.20,5
2026-09-01 18:30:40,49.15,3,0,0,42.61,69.45,8,37.60,4,40.40,4
2026-09-01 18:30:54,53.32,3,0,0,40.84,69.40,8,44.10,4,46.45,4
2026-09-01 18:31:09,48.57,3,0,0,39.44,66.45,8,42.15,4,37.10,4
2026-09-01 18:31:23,51.78,3,0,0,37.46,73.95,8,39.20,4,42.20,4
2026-09-01 18:31:37,49.63,3,0,0,36.84,65.30,8,42.00,4,41.60,4
2026-09-01 18:31:52,47.15,3,0,0,36.28,69.40,8,31.95,3,40.10,4
2026-09-01 18:32:06,50.57,3,0,0,36.36,65.85,8,40.00,3,45.85,4
2026-09-01 18:32:20,48.68,3,0,0,37.98,73.25,8,31.05,3,41.75,4
2026-09-01 18:32:34,47.32,3,0,0,36.25,64.45,8,37.30,3,40.20,4
2026-09-01 18:32:48,45.98,3,0,0,36.37,65.30,8,31.05,3,41.60,4
2026-09-01 18:33:03,44.98,3,0,0,35.54,65.35,8,38.60,3,31.00,3
2026-09-01 18:33:16,46.67,3,0,0,34.25,71.00,8,35.10,3,33.90,3
2026-09-01 18:33:31,45.85,3,0,0,33.01,69.35,8,33.25,3,34.95,3
2026-09-01 18:33:45,44.62,3,0,0,32.40,65.45,8,35.10,3,33.30,3
2026-09-01 18:33:59,45.60,3,0,0,32.91,65.30,8,36.55,3,34.95,3
2026-09-01 18:34:13,43.58,3,0,0,34.43,71.45,8,28.40,2,30.90,3
2026-09-01 18:34:28,45.40,3,0,0,32.72,69.40,8,27.40,2,39.40,3
2026-09-01 18:34:44,41.22,3,0,0,32.60,67.80,8,24.30,2,31.55,3
2026-09-01 18:34:58,46.33,3,0,0,32.25,66.25,8,32.95,2,39.80,3
2026-09-01 18:35:13,39.23,3,0,0,31.41,69.30,8,24.65,2,23.75,3
2026-09-01 18:35:27,41.38,3,0,0,30.23,65.35,8,28.45,2,30.35,2
2026-09-01 18:35:41,41.93,3,0,0,29.55,71.45,8,26.15,2,28.20,2
2026-09-01 18:35:56,43.98,3,0,0,28.79,73.30,8,28.60,2,30.05,2
2026-09-01 18:36:10,43.43,3,0,0,28.51,74.15,8,28.00,2,28.15,2
2026-09-01 18:36:25,38.58,3,0,0,29.14,69.45,8,26.80,2,19.50,2
2026-09-01 18:36:39,39.57,3,0,0,29.50,67.20,8,30.05,2,21.45,1
2026-09-01 18:36:53,38.52,3,0,0,29.52,71.45,8,24.35,2,19.75,1
2026-09-01 18:37:07,41.83,3,0,0,30.33,71.15,8,32.70,2,21.65,1
2026-09-01 18:37:21,37.80,3,0,0,30.96,69.40,8,24.50,2,19.50,1
2026-09-01 18:37:36,38.13,2,1,0,32.06,66.80,8,32.85,2,14.75,0
2026-09-01 18:37:55,33.10,2,1,0,32.99,73.60,8,25.70,2,0.00,0
2026-09-01 18:38:08,47.38,2,0,1,42.23,65.10,8,29.65,2,0.00,0
2026-09-01 18:38:21,48.50,2,0,1,42.23,68.55,8,28.45,2,0.00,0
2026-09-01 18:38:33,49.53,2,0,1,41.56,73.85,8,25.20,2,0.00,0
2026-09-01 18:38:46,45.12,2,0,1,41.56,64.45,8,25.80,1,0.00,0
2026-09-01 18:38:59,43.45,2,0,1,41.25,69.30,8,17.60,1,0.00,0
2026-09-01 18:39:12,44.95,2,0,1,39.19,69.35,8,20.55,1,0.00,0
2026-09-01 18:39:24,43.52,2,0,1,37.66,65.35,8,21.70,1,0.00,0
2026-09-01 18:39:37,45.35,2,0,1,39.14,71.15,8,19.55,1,0.00,0
2026-09-01 18:39:51,45.50,2,0,1,39.14,69.30,8,21.70,1,0.00,0
2026-09-01 18:40:02,36.73,1,1,1,38.90,73.45,8,0.00,0,0.00,0
2026-09-01 18:40:20,34.65,1,1,1,38.90,69.30,8,0.00,0,0.00,0
2026-09-01 18:40:32,73.75,1,0,2,67.56,73.75,8,0.00,0,0.00,0
2026-09-01 18:40:43,69.35,1,0,2,67.56,69.35,8,0.00,0,0.00,0
2026-09-01 18:40:55,69.45,1,0,2,67.56,69.45,8,0.00,0,0.00,0
2026-09-01 18:41:07,67.05,1,0,2,54.79,67.05,7,0.00,0,0.00,0
2026-09-01 18:41:19,62.65,1,0,2,54.79,62.65,7,0.00,0,0.00,0
2026-09-01 18:41:31,58.65,1,0,2,45.46,58.65,7,0.00,0,0.00,0
2026-09-01 18:41:42,61.30,1,0,2,45.46,61.30,7,0.00,0,0.00,0
2026-09-01 18:41:54,66.30,1,0,2,45.46,66.30,7,0.00,0,0.00,0
2026-09-01 18:42:06,61.60,1,0,2,43.52,61.60,7,0.00,0,0.00,0
2026-09-01 18:42:18,58.65,1,0,2,43.52,58.65,6,0.00,0,0.00,0
2026-09-01 18:42:30,56.00,1,0,2,42.19,56.00,6,0.00,0,0.00,0
2026-09-01 18:42:42,52.10,1,0,2,42.19,52.10,6,0.00,0,0.00,0
2026-09-01 18:42:54,57.65,1,0,2,42.19,57.65,6,0.00,0,0.00,0
2026-09-01 18:43:06,53.85,1,0,2,36.07,53.85,6,0.00,0,0.00,0
2026-09-01 18:43:18,60.20,1,0,2,36.07,60.20,6,0.00,0,0.00,0
2026-09-01 18:43:30,49.05,1,0,2,36.07,49.05,5,0.00,0,0.00,0
2026-09-01 18:43:42,45.05,1,0,2,32.73,45.05,5,0.00,0,0.00,0
2026-09-01 18:43:54,50.65,1,0,2,32.73,50.65,5,0.00,0,0.00,0
2026-09-01 18:44:05,47.65,1,0,2,26.13,47.65,5,0.00,0,0.00,0
2026-09-01 18:44:18,49.05,1,0,2,26.13,49.05,5,0.00,0,0.00,0
2026-09-01 18:44:31,38.75,1,0,2,26.13,38.75,5,0.00,0,0.00,0
2026-09-01 18:44:42,41.50,1,0,2,29.29,41.50,4,0.00,0,0.00,0
2026-09-01 18:44:54,47.20,1,0,2,29.29,47.20,4,0.00,0,0.00,0
2026-09-01 18:45:06,47.30,1,0,2,25.61,47.30,4,0.00,0,0.00,0
2026-09-01 18:45:18,38.45,1,0,2,25.61,38.45,4,0.00,0,0.00,0
2026-09-01 18:45:29,41.40,1,0,2,25.61,41.40,4,0.00,0,0.00,0
2026-09-01 18:45:41,39.70,1,0,2,22.77,39.70,4,0.00,0,0.00,0
2026-09-01 18:45:52,35.75,1,0,2,22.77,35.75,3,0.00,0,0.00,0
2026-09-01 18:46:04,35.90,1,0,2,22.77,35.90,3,0.00,0,0.00,0
2026-09-01 18:46:15,32.55,1,0,2,15.24,32.55,3,0.00,0,0.00,0
2026-09-01 18:46:27,39.90,1,0,2,15.24,39.90,3,0.00,0,0.00,0
2026-09-01 18:46:39,35.85,1,0,2,15.84,35.85,3,0.00,0,0.00,0
2026-09-01 18:46:51,25.05,1,0,2,15.84,25.05,2,0.00,0,0.00,0
2026-09-01 18:47:02,28.55,1,0,2,15.84,28.55,2,0.00,0,0.00,0
2026-09-01 18:47:14,33.20,1,0,2,15.92,33.20,2,0.00,0,0.00,0
2026-09-01 18:47:25,23.95,1,0,2,15.92,23.95,2,0.00,0,0.00,0
2026-09-01 18:47:37,27.25,1,0,2,15.92,27.25,2,0.00,0,0.00,0
2026-09-01 18:47:49,33.25,1,0,2,16.56,33.25,2,0.00,0,0.00,0
2026-09-01 18:48:00,22.10,1,0,2,16.56,22.10,1,0.00,0,0.00,0
2026-09-01 18:48:12,17.75,1,0,2,20.00,17.75,1,0.00,0,0.00,0
2026-09-01 18:48:23,21.05,1,0,2,20.00,21.05,1,0.00,0,0.00,0
2026-09-01 18:48:34,26.75,1,0,2,20.00,26.75,1,0.00,0,0.00,0
2026-09-01 18:48:46,17.90,1,0,2,22.11,17.90,1,0.00,0,0.00,0
2026-09-01 18:48:58,21.70,1,0,2,22.11,21.70,1,0.00,0,0.00,0
2026-09-01 18:49:09,18.90,0,1,2,22.11,18.90,0,0.00,0,0.00,0
2026-09-01 18:49:21,10.85,0,1,2,25.39,10.85,0,0.00,0,0.00,0
2026-09-01 18:49:32,18.50,0,1,2,25.39,18.50,0,0.00,0,0.00,0
2026-09-01 18:49:43,10.55,0,1,2,29.02,10.55,0,0.00,0,0.00,0
2026-09-01 18:49:55,17.10,0,1,2,29.02,17.10,0,0.00,0,0.00,0
2026-09-01 18:50:07,10.65,0,1,2,29.02,10.65,0,0.00,0,0.00,0
2026-09-01 18:50:18,17.15,0,1,2,31.92,17.15,0,0.00,0,0.00,0
2026-09-01 18:50:30,10.55,0,1,2,31.92,10.55,0,0.00,0,0.00,0
2026-09-01 18:50:41,17.15,0,1,2,31.92,17.15,0,0.00,0,0.00,0
2026-09-01 18:50:54,10.60,1,0,2,33.56,10.60,1,0.00,0,0.00,0
2026-09-01 18:51:05,19.60,1,0,2,33.56,19.60,1,0.00,0,0.00,0
2026-09-01 18:51:17,23.65,1,0,2,36.03,23.65,1,0.00,0,0.00,0
2026-09-01 18:51:30,19.20,1,0,2,36.03,19.20,1,0.00,0,0.00,0
2026-09-01 18:51:42,18.80,1,0,2,36.03,18.80,1,0.00,0,0.00,0
2026-09-01 18:51:53,23.00,1,0,2,39.89,23.00,1,0.00,0,0.00,0
2026-09-01 18:52:05,26.10,1,0,2,39.89,26.10,1,0.00,0,0.00,0
2026-09-01 18:52:18,23.05,1,0,2,42.82,23.05,2,0.00,0,0.00,0
2026-09-01 18:52:30,23.05,1,0,2,42.82,23.05,2,0.00,0,0.00,0
2026-09-01 18:52:42,28.40,1,0,2,42.82,28.40,2,0.00,0,0.00,0
2026-09-01 18:52:54,32.85,1,0,2,43.92,32.85,2,0.00,0,0.00,0
2026-09-01 18:53:06,29.55,1,0,2,43.92,29.55,2,0.00,0,0.00,0
2026-09-01 18:53:17,24.35,1,0,2,43.92,24.35,2,0.00,0,0.00,0
2026-09-01 18:53:29,26.40,1,0,2,46.46,26.40,3,0.00,0,0.00,0
2026-09-01 18:53:41,32.80,1,0,2,46.46,32.80,3,0.00,0,0.00,0
2026-09-01 18:53:53,36.90,1,0,2,50.06,36.90,3,0.00,0,0.00,0
2026-09-01 18:54:04,32.45,1,0,2,50.06,32.45,3,0.00,0,0.00,0
2026-09-01 18:54:16,35.20,1,0,2,50.06,35.20,3,0.00,0,0.00,0
2026-09-01 18:54:28,37.60,1,0,2,50.08,37.60,3,0.00,0,0.00,0
2026-09-01 18:54:40,33.45,1,0,2,50.08,33.45,4,0.00,0,0.00,0
2026-09-01 18:54:52,33.70,1,0,2,50.08,33.70,4,0.00,0,0.00,0
2026-09-01 18:55:03,40.30,1,0,2,53.09,40.30,4,0.00,0,0.00,0
2026-09-01 18:55:15,40.80,1,0,2,53.09,40.80,4,0.00,0,0.00,0
2026-09-01 18:55:27,37.15,1,0,2,56.41,37.15,4,0.00,0,0.00,0
2026-09-01 18:55:39,41.85,1,0,2,56.41,41.85,4,0.00,0,0.00,0
2026-09-01 18:55:52,45.95,1,0,2,56.41,45.95,4,0.00,0,0.00,0
2026-09-01 18:56:03,40.25,1,0,2,63.72,40.25,5,0.00,0,0.00,0
2026-09-01 18:56:16,51.20,1,0,2,63.72,51.20,5,0.00,0,0.00,0
2026-09-01 18:56:27,45.25,1,0,2,62.60,45.25,5,0.00,0,0.00,0
2026-09-01 18:56:39,44.20,1,0,2,62.60,44.20,5,0.00,0,0.00,0
2026-09-01 18:56:51,48.85,1,0,2,62.60,48.85,5,0.00,0,0.00,0
2026-09-01 18:57:05,52.85,1,0,2,61.91,52.85,5,0.00,0,0.00,0
2026-09-01 18:57:17,46.75,1,0,2,61.91,46.75,6,0.00,0,0.00,0
2026-09-01 18:57:29,56.35,1,0,2,70.72,56.35,6,0.00,0,0.00,0
2026-09-01 18:57:41,52.60,1,0,2,70.72,52.60,6,0.00,0,0.00,0
2026-09-01 18:57:53,51.40,1,0,2,70.72,51.40,6,0.00,0,0.00,0
2026-09-01 18:58:05,55.20,1,0,2,73.56,55.20,6,0.00,0,0.00,0
2026-09-01 18:58:17,59.20,1,0,2,73.56,59.20,6,0.00,0,0.00,0
2026-09-01 18:58:29,50.40,1,0,2,73.56,50.40,7,0.00,0,0.00,0
2026-09-01 18:58:40,59.50,1,0,2,71.12,59.50,7,0.00,0,0.00,0
2026-09-01 18:58:52,56.05,1,0,2,71.12,56.05,7,0.00,0,0.00,0
2026-09-01 18:59:05,37.88,1,1,1,74.24,60.90,7,14.85,0,0.00,0
2026-09-01 18:59:17,37.88,1,1,1,74.24,66.30,7,9.45,0,0.00,0
2026-09-01 18:59:30,38.35,1,1,1,74.24,58.05,7,18.65,0,0.00,0
2026-09-01 18:59:43,39.30,2,0,1,77.21,61.95,7,16.65,1,0.00,0
2026-09-01 18:59:57,44.83,2,0,1,77.21,66.40,7,23.25,1,0.00,0
2026-09-01 19:00:10,43.25,2,0,1,75.73,66.60,7,19.90,1,0.00,0
2026-09-01 19:00:22,41.67,2,0,1,75.73,66.15,7,17.20,1,0.00,0
2026-09-01 19:00:35,41.70,2,0,1,75.73,66.05,7,17.35,1,0.00,0
2026-09-01 19:00:48,44.30,2,0,1,74.90,66.00,7,22.60,1,0.00,0
2026-09-01 19:01:03,44.05,2,0,1,74.90,63.50,7,24.60,2,0.00,0
2026-09-01 19:01:16,30.53,2,1,0,72.92,60.25,7,21.15,2,10.20,0
2026-09-01 19:01:30,33.53,2,1,0,72.92,59.25,7,22.10,2,19.25,0
2026-09-01 19:01:45,37.03,2,1,0,69.11,66.55,7,27.75,2,16.80,0
2026-09-01 19:02:00,34.43,2,1,0,69.11,57.95,7,32.60,2,12.75,0
2026-09-01 19:02:14,34.88,3,0,0,65.87,64.60,7,29.65,2,10.40,1
2026-09-01 19:02:28,37.45,3,0,0,65.87,62.60,7,32.65,2,17.10,1
2026-09-01 19:02:43,37.17,3,0,0,66.83,61.95,7,23.85,2,25.70,1
2026-09-01 19:02:57,37.57,3,0,0,66.83,59.65,7,29.90,2,23.15,1
2026-09-01 19:03:11,38.82,3,0,0,66.83,66.55,7,29.40,2,20.50,1
2026-09-01 19:03:25,39.77,3,0,0,65.43,66.60,7,26.85,2,25.85,1
2026-09-01 19:03:39,39.32,3,0,0,65.43,61.95,7,27.85,2,28.15,2
2026-09-01 19:03:53,37.38,3,0,0,64.53,58.65,7,26.20,2,27.30,2
2026-09-01 19:04:07,40.58,3,0,0,64.53,66.30,7,32.05,2,23.40,2
2026-09-01 19:04:21,38.02,3,0,0,65.51,62.00,7,23.85,2,28.20,2
2026-09-01 19:04:35,40.75,3,0,0,65.51,62.05,7,32.15,2,28.05,2
2026-09-01 19:04:49,38.70,3,0,0,63.72,59.80,7,23.85,2,32.45,3
2026-09-01 19:05:03,40.65,3,0,0,63.72,66.70,7,26.25,2,29.00,3
2026-09-01 19:05:17,37.93,3,0,0,62.28,58.10,7,27.85,2,27.85,3
2026-09-01 19:05:31,39.48,3,0,0,62.28,57.55,7,26.10,2,34.80,3
2026-09-01 19:05:45,42.97,3,0,0,62.28,61.75,7,27.85,2,39.30,3
2026-09-01 19:05:59,41.37,3,0,0,64.21,61.95,7,25.45,2,36.70,3
2026-09-01 19:06:13,39.12,3,0,0,64.21,58.05,7,28.45,3,30.85,3
2026-09-01 19:06:27,39.97,3,0,0,64.60,58.10,7,28.40,3,33.40,3
2026-09-01 19:06:41,45.78,3,0,0,64.60,63.30,7,34.70,3,39.35,3
2026-09-01 19:06:55,43.95,3,0,0,64.74,61.95,7,39.45,3,30.45,3
2026-09-01 19:07:09,45.18,3,0,0,64.74,59.05,7,36.65,3,39.85,3
2026-09-01 19:07:23,45.20,3,0,0,64.12,61.50,7,34.70,3,39.40,4
2026-09-01 19:07:37,44.62,3,0,0,64.12,64.05,7,30.70,3,39.10,4
2026-09-01 19:07:51,44.83,3,0,0,64.12,62.00,7,35.05,3,37.45,4
2026-09-01 19:08:05,43.03,3,0,0,61.76,59.05,7,32.90,3,37.15,4
2026-09-01 19:08:19,47.97,3,0,0,61.76,66.55,7,31.80,3,45.55,4
2026-09-01 19:08:33,47.47,3,0,0,63.41,66.15,7,34.70,3,41.55,4
2026-09-01 19:08:48,45.48,3,0,0,53.89,57.15,7,41.70,4,37.60,4
2026-09-01 19:09:03,50.42,3,0,0,54.18,63.40,7,42.30,4,45.55,4
2026-09-01 19:09:17,45.90,3,0,0,56.33,56.85,7,37.70,4,43.15,4
2026-09-01 19:09:31,49.07,3,0,0,57.03,62.10,7,42.00,4,43.10,4
2026-09-01 19:09:48,47.73,3,0,0,61.94,63.75,7,40.30,4,39.15,4
2026-09-01 19:10:05,50.00,3,0,0,62.16,58.05,7,46.35,4,45.60,5
2026-09-01 19:10:19,51.67,3,0,0,61.17,66.35,7,41.70,4,46.95,5
2026-09-01 19:10:34,50.73,3,0,0,59.85,66.15,7,37.70,4,48.35,5
2026-09-01 19:10:47,50.65,3,0,0,56.20,57.25,7,41.80,4,52.90,5
2026-09-01 19:11:01,49.27,3,0,0,55.20,60.35,7,39.05,4,48.40,5
2026-09-01 19:11:15,50.00,3,0,0,52.67,61.95,7,39.55,5,48.50,5
2026-09-01 19:11:29,49.18,3,0,0,53.53,62.10,7,41.05,5,44.40,5
2026-09-01 19:11:43,51.12,3,0,0,56.64,57.65,7,47.70,5,48.00,5
2026-09-01 19:11:57,54.17,3,0,0,56.64,63.20,7,53.20,5,46.10,5
2026-09-01 19:12:11,52.93,3,0,0,56.75,61.95,7,47.00,5,49.85,5
2026-09-01 19:12:25,52.80,3,0,0,58.94,58.25,7,47.35,5,52.80,5
2026-09-01 19:12:39,55.25,3,0,0,59.87,57.90,7,52.85,5,55.00,6
2026-09-01 19:12:53,55.82,3,0,0,60.33,64.05,7,48.55,5,54.85,6
2026-09-01 19:13:07,54.35,3,0,0,60.12,61.95,7,48.55,5,52.55,6
2026-09-01 19:13:22,55.03,3,0,0,59.93,59.30,7,50.65,5,55.15,6
2026-09-01 19:13:36,52.87,3,0,0,58.26,59.30,7,44.25,5,55.05,6
2026-09-01 19:13:50,54.67,3,0,0,60.65,66.20,7,46.70,6,51.10,6
2026-09-01 19:14:05,55.87,3,0,0,59.97,57.60,7,52.80,6,57.20,6
2026-09-01 19:14:19,59.82,3,0,0,60.73,63.05,7,57.25,6,59.15,6
2026-09-01 19:14:33,56.97,3,0,0,60.73,66.50,7,51.45,6,52.95,6
2026-09-01 19:14:47,59.03,3,0,0,61.89,66.80,7,51.25,6,59.05,6
2026-09-01 19:15:02,54.32,3,0,0,62.04,58.55,7,53.30,6,51.10,7
2026-09-01 19:15:18,58.62,3,0,0,63.40,66.40,7,51.80,6,57.65,7
2026-09-01 19:15:32,59.82,3,0,0,62.50,62.15,7,58.45,6,58.85,7
2026-09-01 19:15:46,58.42,3,0,0,61.50,57.90,7,59.60,6,57.75,7
2026-09-01 19:16:01,59.00,3,0,0,63.54,64.05,7,55.60,6,57.35,7
2026-09-01 19:16:16,58.27,3,0,0,63.56,62.05,7,53.75,6,59.00,7
2026-09-01 19:16:30,57.78,3,0,0,66.06,59.90,7,55.65,7,57.80,7
2026-09-01 19:16:44,59.97,3,0,0,65.33,59.80,7,56.35,7,63.75,7
2026-09-01 19:16:58,65.22,3,0,0,64.82,66.75,7,62.40,7,66.50,7
2026-09-01 19:17:13,63.63,3,0,0,64.16,58.00,7,66.80,7,66.10,7
2026-09-01 19:17:28,64.53,3,0,0,63.64,66.35,7,61.45,7,65.80,7
2026-09-01 19:17:44,62.12,3,0,0,65.93,66.30,8,62.30,7,57.75,7
2026-09-01 19:17:59,64.28,3,0,0,64.24,67.65,8,58.70,7,66.50,7
2026-09-01 19:18:14,60.97,3,0,0,65.50,65.35,8,58.50,7,59.05,7
2026-09-01 19:18:28,63.23,3,0,0,65.36,64.70,8,67.25,7,57.75,7
2026-09-01 19:18:44,69.12,3,0,0,64.82,73.50,8,67.25,7,66.60,7
2026-09-01 19:18:58,65.23,3,0,0,64.69,73.50,8,58.35,7,63.85,8
2026-09-01 19:19:13,63.62,3,0,0,64.47,64.70,8,60.85,7,65.30,8
2026-09-01 19:19:28,66.97,3,0,0,66.51,69.50,8,63.70,7,67.70,8
2026-09-01 19:19:42,64.70,3,0,0,65.97,65.05,8,62.35,7,66.70,8
2026-09-01 19:19:57,65.85,3,0,0,66.89,68.70,8,60.20,7,68.65,8
2026-09-01 19:20:12,66.42,3,0,0,66.61,67.45,8,66.60,8,65.20,8
2026-09-01 19:20:26,65.63,3,0,0,65.51,68.65,8,62.50,8,65.75,8
2026-09-01 19:20:41,67.52,3,0,0,67.93,68.65,8,67.20,8,66.70,8
2026-09-01 19:20:55,67.90,3,0,0,69.02,64.20,8,69.00,8,70.50,8
2026-09-01 19:21:10,71.88,3,0,0,71.76,70.15,8,73.40,8,72.10,8
2026-09-01 19:21:25,67.87,3,0,0,72.70,68.65,8,66.45,8,68.50,8
2026-09-01 19:21:40,70.35,3,0,0,69.81,75.70,9,66.90,8,68.45,8
2026-09-01 19:21:54,70.33,3,0,0,69.74,70.90,9,73.00,8,67.10,8
2026-09-01 19:22:08,71.03,3,0,0,69.57,75.70,9,69.00,8,68.40,8
2026-09-01 19:22:23,70.02,3,0,0,69.89,75.60,9,70.95,8,63.50,8
2026-09-01 19:22:38,68.58,3,0,0,71.79,75.80,9,65.30,8,64.65,8
2026-09-01 19:22:54,73.93,3,0,0,72.82,80.20,9,73.30,8,68.30,9
2026-09-01 19:23:08,69.83,3,0,0,73.52,75.65,9,64.70,8,69.15,9
2026-09-01 19:23:23,72.15,3,0,0,73.26,72.00,9,69.20,8,75.25,9
2026-09-01 19:23:37,72.18,3,0,0,73.49,75.80,9,66.35,8,74.40,9
2026-09-01 19:23:52,74.57,3,0,0,73.42,75.60,9,73.50,8,74.60,9
2026-09-01 19:24:08,74.32,3,0,0,75.10,71.65,9,71.15,9,80.15,9
2026-09-01 19:24:24,76.18,3,0,0,76.42,75.60,9,77.65,9,75.30,9
2026-09-01 19:24:39,72.53,3,0,0,74.40,70.60,9,71.65,9,75.35,9
2026-09-01 19:24:54,74.18,3,0,0,75.14,71.50,9,75.80,9,75.25,9
2026-09-01 19:25:09,75.13,3,0,0,76.76,77.70,9,75.95,9,71.75,9
2026-09-01 19:25:25,74.75,3,0,0,76.10,71.15,9,75.90,9,77.20,9
2026-09-01 19:25:40,76.00,3,0,0,76.24,72.85,9,75.70,9,79.45,9
2026-09-01 19:25:54,68.97,3,0,0,76.46,72.00,9,64.70,8,70.20,9
2026-09-01 19:26:09,74.85,3,0,0,74.59,79.75,9,70.35,8,74.45,9
2026-09-01 19:26:23,73.10,3,0,0,71.81,71.35,9,68.60,8,79.35,9
2026-09-01 19:26:38,75.52,3,0,0,71.35,73.35,9,73.65,8,79.55,9
2026-09-01 19:26:53,69.68,3,0,0,70.70,72.80,9,65.00,8,71.25,9
2026-09-01 19:27:08,74.43,3,0,0,71.65,80.05,9,72.70,8,70.55,8
2026-09-01 19:27:22,71.12,3,0,0,69.41,71.55,9,73.25,8,68.55,8
2026-09-01 19:27:37,72.42,3,0,0,69.19,75.00,9,73.80,8,68.45,8
2026-09-01 19:27:52,68.35,3,0,0,69.07,73.50,9,65.15,8,66.40,8
2026-09-01 19:28:07,71.65,3,0,0,68.35,73.40,9,73.10,8,68.45,8
2026-09-01 19:28:21,69.33,3,0,0,68.45,69.05,8,74.00,8,64.95,8
2026-09-01 19:28:37,68.83,3,0,0,67.88,68.15,8,73.85,8,64.50,8
2026-09-01 19:28:51,68.20,3,0,0,67.80,66.85,8,65.15,8,72.60,8
2026-09-01 19:29:05,69.40,3,0,0,67.95,73.15,8,70.90,8,64.15,8
2026-09-01 19:29:20,67.28,3,0,0,67.33,64.35,8,67.30,7,70.20,8
2026-09-01 19:29:34,68.43,3,0,0,65.04,70.80,8,66.85,7,67.65,8
2026-09-01 19:29:49,66.53,3,0,0,64.84,72.80,8,58.35,7,68.45,8
2026-09-01 19:30:04,66.33,3,0,0,62.77,68.65,8,63.90,7,66.45,8
2026-09-01 19:30:18,65.32,3,0,0,64.10,65.05,8,62.45,7,68.45,8
2026-09-01 19:30:33,67.37,3,0,0,63.57,73.15,8,67.20,7,61.75,7
2026-09-01 19:30:47,61.63,3,0,0,64.11,68.75,8,58.40,7,57.75,7
2026-09-01 19:31:01,66.25,3,0,0,63.96,68.70,8,64.40,7,65.65,7
2026-09-01 19:31:16,62.10,3,0,0,62.61,66.15,8,62.50,7,57.65,7
2026-09-01 19:31:31,65.05,3,0,0,61.84,73.45,8,62.50,7,59.20,7
2026-09-01 19:31:45,62.45,3,0,0,60.89,62.10,7,59.60,7,65.65,7
2026-09-01 19:32:00,60.68,3,0,0,60.48,57.40,7,67.15,7,57.50,7
2026-09-01 19:32:16,63.78,3,0,0,60.56,66.25,7,58.95,7,66.15,7
2026-09-01 19:32:31,60.27,3,0,0,60.78,58.00,7,60.90,7,61.90,7
2026-09-01 19:32:46,62.63,3,0,0,61.17,63.50,7,66.60,7,57.80,7
2026-09-01 19:33:00,61.13,3,0,0,59.78,63.65,7,55.60,6,64.15,7
2026-09-01 19:33:14,57.60,3,0,0,56.48,62.05,7,53.30,6,57.45,7
2026-09-01 19:33:29,59.08,3,0,0,55.29,59.50,7,57.25,6,60.50,7
2026-09-01 19:33:43,62.20,3,0,0,53.11,66.45,7,59.60,6,60.55,7
2026-09-01 19:33:58,57.70,3,0,0,52.48,66.25,7,51.40,6,55.45,7
2026-09-01 19:34:12,55.80,3,0,0,49.93,57.95,7,56.85,6,52.60,6
2026-09-01 19:34:27,58.83,3,0,0,50.71,65.85,7,55.55,6,55.10,6
2026-09-01 19:34:41,55.97,3,0,0,48.37,57.30,7,55.50,6,55.10,6
2026-09-01 19:34:56,56.02,3,0,0,49.72,56.95,7,54.75,6,56.35,6
2026-09-01 19:35:11,57.27,3,0,0,48.25,63.20,7,53.45,6,55.15,6
2026-09-01 19:35:25,53.65,3,0,0,48.40,62.05,7,44.85,5,54.05,6
2026-09-01 19:35:40,54.77,3,0,0,46.23,59.80,7,47.85,5,56.65,6
2026-09-01 19:35:56,51.43,3,0,0,44.63,59.75,7,43.50,5,51.05,6
2026-09-01 19:36:10,57.43,3,0,0,44.52,61.95,7,52.55,5,57.80,6
2026-09-01 19:36:24,49.20,3,0,0,44.29,59.75,7,44.50,5,43.35,5
2026-09-01 19:36:39,52.20,3,0,0,42.77,66.75,7,45.15,5,44.70,5
2026-09-01 19:36:53,56.10,3,0,0,42.47,62.05,7,53.40,5,52.85,5
2026-09-01 19:37:07,49.42,3,0,0,40.43,57.95,7,45.80,5,44.50,5
2026-09-01 19:37:22,57.45,3,0,0,40.21,65.85,7,53.45,5,53.05,5
2026-09-01 19:37:37,47.67,3,0,0,39.75,57.05,7,42.10,4,43.85,5
2026-09-01 19:37:51,48.80,3,0,0,39.17,58.05,7,41.55,4,46.80,5
2026-09-01 19:38:05,50.13,3,0,0,40.94,60.05,7,41.90,4,48.45,5
2026-09-01 19:38:20,52.20,3,0,0,38.65,66.85,7,43.45,4,46.30,5
2026-09-01 19:38:35,49.92,3,0,0,38.02,59.20,7,41.95,4,48.60,5
2026-09-01 19:38:50,46.92,3,0,0,36.64,64.00,7,40.05,4,36.70,4
2026-09-01 19:39:04,51.98,3,0,0,35.87,65.95,7,46.50,4,43.50,4
2026-09-01 19:39:17,46.03,3,0,0,34.81,58.45,7,37.85,4,41.80,4
2026-09-01 19:39:32,50.52,3,0,0,34.67,61.35,7,46.45,4,43.75,4
2026-09-01 19:39:46,48.43,3,0,0,33.10,61.95,7,36.90,4,46.45,4
2026-09-01 19:40:00,46.00,3,0,0,33.10,66.80,7,33.35,3,37.85,4
2026-09-01 19:40:14,46.30,3,0,0,33.44,57.95,7,34.85,3,46.10,4
2026-09-01 19:40:28,44.97,3,0,0,31.87,64.00,7,33.20,3,37.70,4
2026-09-01 19:40:42,47.75,3,0,0,31.27,61.95,7,39.05,3,42.25,4
2026-09-01 19:40:59,44.38,3,0,0,31.07,62.10,7,33.25,3,37.80,4
2026-09-01 19:41:13,41.62,3,0,0,32.05,58.35,7,34.80,3,31.70,3
2026-09-01 19:41:27,45.80,3,0,0,32.27,66.00,7,32.05,3,39.35,3
2026-09-01 19:41:41,43.27,3,0,0,31.73,62.00,7,37.10,3,30.70,3
2026-09-01 19:41:55,42.70,3,0,0,30.36,62.00,7,34.80,3,31.30,3
2026-09-01 19:42:09,44.83,3,0,0,30.87,62.00,7,32.75,3,39.75,3
2026-09-01 19:42:23,40.97,3,0,0,31.65,58.85,7,32.85,2,31.20,3
2026-09-01 19:42:37,43.42,3,0,0,29.81,66.60,7,23.95,2,39.70,3
2026-09-01 19:42:50,43.10,3,0,0,30.43,62.10,7,32.20,2,35.00,3
2026-09-01 19:43:04,40.30,3,0,0,28.58,61.95,7,23.95,2,35.00,3
2026-09-01 19:43:18,41.98,3,0,0,27.97,58.60,7,32.30,2,35.05,3
2026-09-01 19:43:32,38.72,3,0,0,27.22,66.05,7,23.70,2,26.40,2
2026-09-01 19:43:46,41.57,3,0,0,27.03,62.05,7,29.80,2,32.85,2
2026-09-01 19:43:59,38.13,3,0,0,26.57,62.00,7,28.10,2,24.30,2
2026-09-01 19:44:13,40.35,3,0,0,25.78,58.00,7,30.10,2,32.95,2
2026-09-01 19:44:28,38.62,3,0,0,25.95,66.25,7,23.90,2,25.70,2
2026-09-01 19:44:42,37.75,3,0,0,25.95,57.70,7,29.55,2,26.00,1
2026-09-01 19:44:55,32.90,3,0,0,26.13,58.00,7,23.00,2,17.70,1
2026-09-01 19:45:10,37.60,3,0,0,26.07,59.85,7,31.35,2,21.60,1
2026-09-01 19:45:24,37.08,3,0,0,27.54,66.55,7,24.00,2,20.70,1
2026-09-01 19:45:38,35.83,3,0,0,27.85,58.15,7,31.90,2,17.45,1
2026-09-01 19:45:52,34.53,2,1,0,27.14,62.90,7,23.95,2,16.75,0
2026-09-01 19:46:11,32.42,2,1,0,27.47,64.25,7,33.00,2,0.00,0
2026-09-01 19:46:24,45.98,2,0,1,35.48,63.95,7,28.00,2,0.00,0
2026-09-01 19:46:36,42.98,2,0,1,35.71,61.95,7,24.00,2,0.00,0
2026-09-01 19:46:49,45.00,2,0,1,36.03,57.95,7,32.05,2,0.00,0
2026-09-01 19:47:02,41.77,2,0,1,36.89,62.10,7,21.45,1,0.00,0
2026-09-01 19:47:15,40.40,2,0,1,36.89,58.35,7,22.45,1,0.00,0
2026-09-01 19:47:29,41.57,2,0,1,35.57,65.85,7,17.30,1,0.00,0
2026-09-01 19:47:42,38.92,2,0,1,33.54,56.85,7,21.00,1,0.00,0
2026-09-01 19:47:56,37.78,2,0,1,35.42,58.45,7,17.10,1,0.00,0
2026-09-01 19:48:08,29.35,1,1,1,34.02,58.70,7,0.00,0,0.00,0
2026-09-01 19:48:25,31.92,1,1,1,32.51,63.85,7,0.00,0,0.00,0
2026-09-01 19:48:37,60.95,1,0,2,55.38,60.95,7,0.00,0,0.00,0
2026-09-01 19:48:49,66.45,1,0,2,55.38,66.45,7,0.00,0,0.00,0
2026-09-01 19:49:01,66.10,1,0,2,59.40,66.10,7,0.00,0,0.00,0
2026-09-01 19:49:12,59.25,1,0,2,59.40,59.25,7,0.00,0,0.00,0
2026-09-01 19:49:24,58.20,1,0,2,43.55,58.20,6,0.00,0,0.00,0
2026-09-01 19:49:36,50.80,1,0,2,43.55,50.80,6,0.00,0,0.00,0
2026-09-01 19:49:48,53.90,1,0,2,43.55,53.90,6,0.00,0,0.00,0
2026-09-01 19:50:00,54.05,1,0,2,41.20,54.05,6,0.00,0,0.00,0
2026-09-01 19:50:11,54.30,1,0,2,41.20,54.30,6,0.00,0,0.00,0
2026-09-01 19:50:23,50.70,1,0,2,36.96,50.70,6,0.00,0,0.00,0
2026-09-01 19:50:35,48.50,1,0,2,36.96,48.50,5,0.00,0,0.00,0
2026-09-01 19:50:46,44.55,1,0,2,36.96,44.55,5,0.00,0,0.00,0
2026-09-01 19:50:58,46.00,1,0,2,29.11,46.00,5,0.00,0,0.00,0
2026-09-01 19:51:09,45.95,1,0,2,29.11,45.95,5,0.00,0,0.00,0
2026-09-01 19:51:22,52.85,1,0,2,29.11,52.85,5,0.00,0,0.00,0
2026-09-01 19:51:33,41.90,1,0,2,31.99,41.90,4,0.00,0,0.00,0
2026-09-01 19:51:45,37.90,1,0,2,31.99,37.90,4,0.00,0,0.00,0
2026-09-01 19:51:56,40.40,1,0,2,21.94,40.40,4,0.00,0,0.00,0
2026-09-01 19:52:08,41.00,1,0,2,21.94,41.00,4,0.00,0,0.00,0
2026-09-01 19:52:20,46.65,1,0,2,21.94,46.65,4,0.00,0,0.00,0
2026-09-01 19:52:32,37.55,1,0,2,21.03,37.55,4,0.00,0,0.00,0
2026-09-01 19:52:43,32.35,1,0,2,21.03,32.35,3,0.00,0,0.00,0
2026-09-01 19:52:56,35.30,1,0,2,21.03,35.30,3,0.00,0,0.00,0
2026-09-01 19:53:08,35.25,1,0,2,22.21,35.25,3,0.00,0,0.00,0
2026-09-01 19:53:19,31.25,1,0,2,22.21,31.25,3,0.00,0,0.00,0
2026-09-01 19:53:31,34.75,1,0,2,13.29,34.75,3,0.00,0,0.00,0
2026-09-01 19:53:43,35.25,1,0,2,13.29,35.25,3,0.00,0,0.00,0
2026-09-01 19:53:55,24.20,1,0,2,13.29,24.20,2,0.00,0,0.00,0
2026-09-01 19:54:07,24.50,1,0,2,15.71,24.50,2,0.00,0,0.00,0
2026-09-01 19:54:18,30.55,1,0,2,15.71,30.55,2,0.00,0,0.00,0
2026-09-01 19:54:30,28.35,1,0,2,13.59,28.35,2,0.00,0,0.00,0
2026-09-01 19:54:42,24.60,1,0,2,13.59,24.60,2,0.00,0,0.00,0
2026-09-01 19:54:53,32.05,1,0,2,13.59,32.05,2,0.00,0,0.00,0
2026-09-01 19:55:05,26.20,1,0,2,18.76,26.20,1,0.00,0,0.00,0
2026-09-01 19:55:17,17.55,1,0,2,18.76,17.55,1,0.00,0,0.00,0
2026-09-01 19:55:28,20.85,1,0,2,18.76,20.85,1,0.00,0,0.00,0
2026-09-01 19:55:39,26.50,1,0,2,21.52,26.50,1,0.00,0,0.00,0
2026-09-01 19:55:51,17.65,1,0,2,21.52,17.65,1,0.00,0,0.00,0
2026-09-01 19:56:02,21.40,1,0,2,21.52,21.40,1,0.00,0,0.00,0
2026-09-01 19:56:14,19.25,0,1,2,24.08,19.25,0,0.00,0,0.00,0
2026-09-01 19:56:25,10.95,0,1,2,24.08,10.95,0,0.00,0,0.00,0
2026-09-01 19:56:37,18.70,0,1,2,25.36,18.70,0,0.00,0,0.00,0
2026-09-01 19:56:48,10.80,0,1,2,25.36,10.80,0,0.00,0,0.00,0
2026-09-01 19:56:59,18.85,0,1,2,25.36,18.85,0,0.00,0,0.00,0
2026-09-01 19:57:11,10.05,0,1,2,28.60,10.05,0,0.00,0,0.00,0
2026-09-01 19:57:22,17.00,0,1,2,28.60,17.00,0,0.00,0,0.00,0
2026-09-01 19:57:33,10.00,0,1,2,28.60,10.00,0,0.00,0,0.00,0
2026-09-01 19:57:45,16.75,0,1,2,29.15,16.75,0,0.00,0,0.00,0
2026-09-01 19:57:57,15.15,1,0,2,29.15,15.15,1,0.00,0,0.00,0
2026-09-01 19:58:08,21.35,1,0,2,35.52,21.35,1,0.00,0,0.00,0
2026-09-01 19:58:20,17.55,1,0,2,35.52,17.55,1,0.00,0,0.00,0
2026-09-01 19:58:31,21.60,1,0,2,35.52,21.60,1,0.00,0,0.00,0
2026-09-01 19:58:43,21.60,1,0,2,36.33,21.60,1,0.00,0,0.00,0
2026-09-01 19:58:54,17.55,1,0,2,36.33,17.55,1,0.00,0,0.00,0
2026-09-01 19:59:05,18.75,1,0,2,36.33,18.75,2,0.00,0,0.00,0
2026-09-01 19:59:17,29.60,1,0,2,40.06,29.60,2,0.00,0,0.00,0
2026-09-01 19:59:29,28.75,1,0,2,40.06,28.75,2,0.00,0,0.00,0
2026-09-01 19:59:40,24.70,1,0,2,41.79,24.70,2,0.00,0,0.00,0
2026-09-01 19:59:52,28.20,1,0,2,41.79,28.20,2,0.00,0,0.00,0
2026-09-01 20:00:03,32.50,1,0,2,41.79,32.50,2,0.00,0,0.00,0
2026-09-01 20:00:16,27.95,1,0,2,43.96,27.95,2,0.00,0,0.00,0
2026-09-01 20:00:27,30.80,1,0,2,43.96,30.80,3,0.00,0,0.00,0
2026-09-01 20:00:39,28.95,1,0,2,43.96,28.95,3,0.00,0,0.00,0
2026-09-01 20:00:50,34.35,1,0,2,47.11,34.35,3,0.00,0,0.00,0
2026-09-01 20:01:02,39.50,1,0,2,47.11,39.50,3,0.00,0,0.00,0
2026-09-01 20:01:14,32.65,1,0,2,49.91,32.65,3,0.00,0,0.00,0
2026-09-01 20:01:25,35.10,1,0,2,49.91,35.10,3,0.00,0,0.00,0
2026-09-01 20:01:36,39.85,1,0,2,49.91,39.85,4,0.00,0,0.00,0
2026-09-01 20:01:48,35.60,1,0,2,54.77,35.60,4,0.00,0,0.00,0
2026-09-01 20:02:00,36.25,1,0,2,54.77,36.25,4,0.00,0,0.00,0
2026-09-01 20:02:13,41.80,1,0,2,54.77,41.80,4,0.00,0,0.00,0
2026-09-01 20:02:25,40.60,1,0,2,57.05,40.60,4,0.00,0,0.00,0
2026-09-01 20:02:37,37.75,1,0,2,57.05,37.75,4,0.00,0,0.00,0
2026-09-01 20:02:50,41.70,1,0,2,62.61,41.70,4,0.00,0,0.00,0
2026-09-01 20:03:02,48.60,1,0,2,62.61,48.60,5,0.00,0,0.00,0
2026-09-01 20:03:14,45.15,1,0,2,62.61,45.15,5,0.00,0,0.00,0
2026-09-01 20:03:26,47.85,1,0,2,64.17,47.85,5,0.00,0,0.00,0
2026-09-01 20:03:37,51.20,1,0,2,64.17,51.20,5,0.00,0,0.00,0
2026-09-01 20:03:49,45.35,1,0,2,63.04,45.35,5,0.00,0,0.00,0
2026-09-01 20:04:01,44.20,1,0,2,63.04,44.20,5,0.00,0,0.00,0
2026-09-01 20:04:13,52.90,1,0,2,63.04,52.90,6,0.00,0,0.00,0
2026-09-01 20:04:25,46.90,1,0,2,67.24,46.90,6,0.00,0,0.00,0
2026-09-01 20:04:37,58.05,1,0,2,67.24,58.05,6,0.00,0,0.00,0
2026-09-01 20:04:48,55.75,1,0,2,67.24,55.75,6,0.00,0,0.00,0
2026-09-01 20:05:00,51.05,1,0,2,71.16,51.05,6,0.00,0,0.00,0
2026-09-01 20:05:12,55.00,1,0,2,71.16,55.00,6,0.00,0,0.00,0
2026-09-01 20:05:24,53.55,1,0,2,70.73,53.55,6,0.00,0,0.00,0
2026-09-01 20:05:35,55.05,1,0,2,70.73,55.05,7,0.00,0,0.00,0
2026-09-01 20:05:47,60.80,1,0,2,70.73,60.80,7,0.00,0,0.00,0
2026-09-01 20:05:58,56.35,1,0,2,73.43,56.35,7,0.00,0,0.00,0
2026-09-01 20:06:10,56.65,1,0,2,73.43,56.65,7,0.00,0,0.00,0
2026-09-01 20:06:23,39.75,1,1,1,76.67,65.85,7,13.65,0,0.00,0
2026-09-01 20:06:36,33.83,1,1,1,76.67,57.25,7,10.40,0,0.00,0
2026-09-01 20:06:49,39.35,2,0,1,76.67,61.75,7,16.95,1,0.00,0
2026-09-01 20:07:03,43.02,2,0,1,74.71,66.15,7,19.90,1,0.00,0
2026-09-01 20:07:17,42.55,2,0,1,74.71,61.75,7,23.35,1,0.00,0
2026-09-01 20:07:29,42.58,2,0,1,74.63,66.10,7,19.05,1,0.00,0
2026-09-01 20:07:43,43.48,2,0,1,74.63,61.75,7,25.20,1,0.00,0
2026-09-01 20:07:57,43.82,2,0,1,73.16,66.35,7,21.30,1,0.00,0
2026-09-01 20:08:10,47.33,2,0,1,73.16,66.10,7,28.55,2,0.00,0
2026-09-01 20:08:25,34.90,2,1,0,73.16,66.65,7,23.60,2,14.45,0
2026-09-01 20:08:38,34.73,2,1,0,67.67,61.75,7,23.70,2,18.75,0
2026-09-01 20:08:53,33.15,2,1,0,67.67,58.65,7,28.25,2,12.55,0
2026-09-01 20:09:10,34.73,3,0,0,65.15,62.00,7,23.80,2,18.40,1
2026-09-01 20:09:24,36.13,3,0,0,65.15,57.95,7,33.30,2,17.15,1
2026-09-01 20:09:38,33.78,3,0,0,68.02,59.90,7,24.20,2,17.25,1
2026-09-01 20:09:53,35.28,3,0,0,68.02,61.75,7,26.95,2,17.15,1
2026-09-01 20:10:09,34.82,3,0,0,65.77,57.95,7,28.30,2,18.20,1
2026-09-01 20:10:23,40.38,3,0,0,65.77,66.50,7,28.55,2,26.10,1
2026-09-01 20:10:38,39.33,3,0,0,64.72,66.40,7,23.40,2,28.20,2
2026-09-01 20:10:53,39.95,3,0,0,64.72,58.20,7,32.65,2,29.00,2
2026-09-01 20:11:07,38.62,3,0,0,65.98,66.45,7,24.85,2,24.55,2
2026-09-01 20:11:22,37.78,3,0,0,65.98,57.05,7,32.40,2,23.90,2
2026-09-01 20:11:37,37.35,3,0,0,63.74,58.15,7,25.40,2,28.50,2
2026-09-01 20:11:51,43.17,3,0,0,63.74,65.75,7,33.10,2,30.65,3
2026-09-01 20:12:06,40.23,3,0,0,63.74,57.45,7,25.85,2,37.40,3
2026-09-01 20:12:21,42.15,3,0,0,63.11,64.15,7,28.25,2,34.05,3
2026-09-01 20:12:35,39.98,3,0,0,63.11,63.75,7,24.75,2,31.45,3
2026-09-01 20:12:48,41.87,3,0,0,64.72,61.75,7,32.95,2,30.90,3
2026-09-01 20:13:03,39.35,3,0,0,64.72,58.65,7,24.25,3,35.15,3
2026-09-01 20:13:18,45.98,3,0,0,62.76,66.35,7,32.20,3,39.40,3
2026-09-01 20:13:32,43.07,3,0,0,62.76,61.85,7,36.70,3,30.65,3
2026-09-01 20:13:46,40.95,3,0,0,65.62,57.25,7,32.80,3,32.80,3
2026-09-01 20:14:00,43.25,3,0,0,65.62,61.40,7,31.20,3,37.15,3
2026-09-01 20:14:14,43.85,3,0,0,66.58,61.75,7,38.40,3,31.40,3
2026-09-01 20:14:28,43.37,3,0,0,66.58,57.40,7,39.30,3,33.40,4
2026-09-01 20:14:43,44.35,3,0,0,63.32,57.75,7,35.15,3,40.15,4
2026-09-01 20:14:57,47.77,3,0,0,63.32,65.85,7,30.85,3,46.60,4
2026-09-01 20:15:12,45.58,3,0,0,63.32,57.70,7,35.15,3,43.90,4
2026-09-01 20:15:27,48.80,3,0,0,62.18,66.05,7,33.95,3,46.40,4
2026-09-01 20:15:41,47.03,3,0,0,62.18,63.85,7,35.45,4,41.80,4
2026-09-01 20:15:55,45.40,3,0,0,63.84,61.75,7,36.35,4,38.10,4
2026-09-01 20:16:10,48.18,3,0,0,55.49,59.00,7,41.90,4,43.65,4
2026-09-01 20:16:25,48.78,3,0,0,54.36,61.75,7,46.60,4,38.00,4
2026-09-01 20:16:39,51.52,3,0,0,57.11,61.90,7,46.35,4,46.30,4
2026-09-01 20:16:54,46.42,3,0,0,58.76,57.95,7,37.05,4,44.25,5
2026-09-01 20:17:10,51.00,3,0,0,59.18,66.35,7,40.30,4,46.35,5
2026-09-01 20:17:24,51.08,3,0,0,59.13,58.60,7,46.85,4,47.80,5
2026-09-01 20:17:38,48.23,3,0,0,56.07,59.45,7,39.55,4,45.70,5
2026-09-01 20:17:52,51.98,3,0,0,55.40,65.70,7,44.05,4,46.20,5
2026-09-01 20:18:07,49.17,3,0,0,52.30,57.45,7,36.75,4,53.30,5
2026-09-01 20:18:22,53.95,3,0,0,52.43,63.90,7,44.60,5,53.35,5
2026-09-01 20:18:36,52.52,3,0,0,52.43,66.60,7,46.40,5,44.55,5
2026-09-01 20:18:51,50.30,3,0,0,56.13,61.75,7,44.65,5,44.50,5
2026-09-01 20:19:05,50.58,3,0,0,54.94,58.50,7,48.75,5,44.50,5
2026-09-01 20:19:18,51.95,3,0,0,57.47,66.15,7,44.65,5,45.05,5
2026-09-01 20:19:32,50.82,3,0,0,56.80,62.00,7,43.60,5,46.85,6
2026-09-01 20:19:46,51.55,3,0,0,56.94,61.75,7,44.75,5,48.15,6
2026-09-01 20:20:00,54.47,3,0,0,59.39,57.90,7,50.15,5,55.35,6
2026-09-01 20:20:14,57.12,3,0,0,59.00,65.85,7,45.80,5,59.70,6
2026-09-01 20:20:28,53.25,3,0,0,58.17,61.85,7,44.75,5,53.15,6
2026-09-01 20:20:42,54.73,3,0,0,57.40,57.40,7,46.90,6,59.90,6
2026-09-01 20:20:56,52.40,3,0,0,56.68,59.15,7,47.20,6,50.85,6
2026-09-01 20:21:10,58.08,3,0,0,56.68,66.20,7,54.25,6,53.80,6
2026-09-01 20:21:24,56.42,3,0,0,60.40,57.65,7,60.15,6,51.45,6
2026-09-01 20:21:39,54.85,3,0,0,60.92,60.75,7,52.45,6,51.35,6
2026-09-01 20:21:53,57.93,3,0,0,62.66,62.70,7,53.60,6,57.50,6
2026-09-01 20:22:06,60.87,3,0,0,61.67,66.55,7,59.10,6,56.95,7
2026-09-01 20:22:20,56.20,3,0,0,61.58,57.80,7,55.30,6,55.50,7
2026-09-01 20:22:34,61.73,3,0,0,60.60,63.95,7,55.35,6,65.90,7
2026-09-01 20:22:48,61.00,3,0,0,59.74,63.55,7,56.55,6,62.90,7
2026-09-01 20:23:02,61.90,3,0,0,64.33,61.70,7,59.90,6,64.10,7
2026-09-01 20:23:17,60.12,3,0,0,64.33,57.95,7,55.70,7,66.70,7
2026-09-01 20:23:32,65.78,3,0,0,64.46,66.50,7,64.05,7,66.80,7
2026-09-01 20:23:46,59.15,3,0,0,64.46,61.85,7,57.60,7,58.00,7
2026-09-01 20:24:00,59.23,3,0,0,66.04,57.70,7,62.00,7,58.00,7
2026-09-01 20:24:15,62.05,3,0,0,65.91,63.70,7,62.00,7,60.45,7
2026-09-01 20:24:32,60.68,3,0,0,64.87,57.70,7,58.00,7,66.35,7
2026-09-01 20:24:46,60.07,3,0,0,64.79,64.30,8,57.80,7,58.10,7
2026-09-01 20:25:00,64.98,3,0,0,64.32,69.10,8,59.90,7,65.95,7
2026-09-01 20:25:15,62.17,3,0,0,67.93,65.50,8,63.35,7,57.65,7
2026-09-01 20:25:29,61.98,3,0,0,66.87,64.40,8,63.75,7,57.80,7
2026-09-01 20:25:44,64.68,3,0,0,64.65,65.95,8,63.95,7,64.15,7
2026-09-01 20:25:59,63.27,3,0,0,64.41,64.35,8,57.15,7,68.30,8
2026-09-01 20:26:13,66.45,3,0,0,66.17,68.85,8,64.15,7,66.35,8
2026-09-01 20:26:27,67.97,3,0,0,66.13,72.75,8,62.10,7,69.05,8
2026-09-01 20:26:42,68.52,3,0,0,66.20,70.45,8,62.20,7,72.90,8
2026-09-01 20:26:56,66.42,3,0,0,66.26,64.45,8,61.15,7,73.65,8
2026-09-01 20:27:11,65.67,3,0,0,67.13,64.45,8,67.90,8,64.65,8
2026-09-01 20:27:25,68.20,3,0,0,67.13,72.70,8,67.20,8,64.70,8
2026-09-01 20:27:40,64.28,3,0,0,70.20,64.15,8,63.85,8,64.85,8
2026-09-01 20:27:54,67.32,3,0,0,70.20,63.80,8,73.35,8,64.80,8
2026-09-01 20:28:09,69.30,3,0,0,69.06,66.30,8,72.60,8,69.00,8
2026-09-01 20:28:23,69.48,3,0,0,70.97,73.15,8,68.85,8,66.45,8
2026-09-01 20:28:39,68.77,3,0,0,70.34,74.95,9,64.25,8,67.10,8
2026-09-01 20:28:54,67.97,3,0,0,71.48,70.85,9,64.20,8,68.85,8
2026-09-01 20:29:08,68.63,3,0,0,71.27,75.15,9,64.65,8,66.10,8
2026-09-01 20:29:23,72.47,3,0,0,70.60,79.30,9,64.55,8,73.55,8
2026-09-01 20:29:37,72.00,3,0,0,69.75,75.10,9,67.65,8,73.25,9
2026-09-01 20:29:51,71.95,3,0,0,73.89,75.10,9,67.55,8,73.20,9
2026-09-01 20:30:06,73.82,3,0,0,74.08,79.85,9,68.60,8,73.00,9
2026-09-01 20:30:21,71.37,3,0,0,76.64,75.10,9,66.70,8,72.30,9
2026-09-01 20:30:35,74.70,3,0,0,76.98,75.05,9,73.40,8,75.65,9
2026-09-01 20:30:50,77.65,3,0,0,74.77,79.95,9,73.00,8,80.00,9
2026-09-01 20:31:05,75.47,3,0,0,74.77,79.50,9,75.70,9,71.20,9
2026-09-01 20:31:20,73.95,3,0,0,76.23,71.05,9,77.35,9,73.45,9
2026-09-01 20:31:34,75.60,3,0,0,76.23,77.10,9,76.90,9,72.80,9
2026-09-01 20:31:48,73.85,3,0,0,76.89,75.15,9,70.80,9,75.60,9
2026-09-01 20:32:04,76.02,3,0,0,77.17,79.80,9,75.40,9,72.85,9
2026-09-01 20:32:19,74.25,3,0,0,75.17,71.05,9,71.30,9,80.40,9
2026-09-01 20:32:34,77.25,3,0,0,75.83,79.05,9,77.10,9,75.60,9
2026-09-01 20:32:48,72.53,3,0,0,74.15,75.15,9,66.80,8,75.65,9
2026-09-01 20:33:02,75.20,3,0,0,72.90,79.95,9,71.10,8,74.55,9
2026-09-01 20:33:17,71.72,3,0,0,72.29,70.95,9,68.65,8,75.55,9
2026-09-01 20:33:32,72.33,3,0,0,73.21,76.60,9,69.30,8,71.10,9
2026-09-01 20:33:47,71.63,3,0,0,72.94,70.10,9,73.05,8,71.75,9
2026-09-01 20:34:01,72.87,3,0,0,71.54,75.15,9,73.45,8,70.00,8
2026-09-01 20:34:15,69.57,3,0,0,71.11,75.10,9,64.65,8,68.95,8
2026-09-01 20:34:29,70.12,3,0,0,68.48,72.55,9,72.85,8,64.95,8
2026-09-01 20:34:43,71.03,3,0,0,68.48,79.50,9,68.60,8,65.00,8
2026-09-01 20:34:58,74.02,3,0,0,68.62,80.25,9,68.60,8,73.20,8
2026-09-01 20:35:12,67.97,3,0,0,68.62,72.90,8,66.30,8,64.70,8
2026-09-01 20:35:26,69.17,3,0,0,68.95,64.35,8,73.20,8,69.95,8
2026-09-01 20:35:40,67.05,3,0,0,67.62,69.60,8,64.15,8,67.40,8
2026-09-01 20:35:54,71.78,3,0,0,69.35,73.00,8,68.70,8,73.65,8
2026-09-01 20:36:08,68.40,3,0,0,67.84,72.70,8,67.50,8,65.00,8
2026-09-01 20:36:22,67.90,3,0,0,66.21,63.90,8,66.55,7,73.25,8
2026-09-01 20:36:37,65.15,3,0,0,66.86,67.90,8,58.50,7,69.05,8
2026-09-01 20:36:53,64.15,3,0,0,65.10,68.55,8,58.80,7,65.10,8
2026-09-01 20:37:07,69.42,3,0,0,64.57,68.35,8,66.85,7,73.05,8
2026-09-01 20:37:22,62.73,3,0,0,63.95,65.15,8,58.20,7,64.85,8
2026-09-01 20:37:36,65.63,3,0,0,63.05,72.40,8,66.35,7,58.15,7
2026-09-01 20:37:50,64.85,3,0,0,63.05,68.60,8,66.00,7,59.95,7
2026-09-01 20:38:04,65.83,3,0,0,61.76,68.50,8,62.10,7,66.90,7
2026-09-01 20:38:17,61.17,3,0,0,61.05,64.35,8,61.00,7,58.15,7
2026-09-01 20:38:32,66.02,3,0,0,60.43,69.95,8,62.00,7,66.10,7
2026-09-01 20:38:46,62.55,3,0,0,58.63,66.55,7,56.95,7,64.15,7
2026-09-01 20:39:00,65.07,3,0,0,59.66,66.30,7,62.05,7,66.85,7
2026-09-01 20:39:13,59.90,3,0,0,58.40,61.70,7,59.90,7,58.10,7
2026-09-01 20:39:27,62.85,3,0,0,58.82,57.80,7,66.60,7,64.15,7
2026-09-01 20:39:41,63.00,3,0,0,59.58,64.70,7,58.15,7,66.15,7
2026-09-01 20:39:55,60.40,3,0,0,56.68,66.65,7,52.45,6,62.10,7
2026-09-01 20:40:09,60.42,3,0,0,56.40,61.75,7,60.00,6,59.50,7
2026-09-01 20:40:23,58.73,3,0,0,56.40,57.90,7,51.45,6,66.85,7
2026-09-01 20:40:36,61.83,3,0,0,54.74,65.65,7,57.60,6,62.25,7
2026-09-01 20:40:51,59.80,3,0,0,53.88,61.75,7,59.80,6,57.85,7
2026-09-01 20:41:05,56.90,3,0,0,50.14,61.85,7,55.50,6,53.35,6
2026-09-01 20:41:18,58.82,3,0,0,50.40,61.85,7,54.35,6,60.25,6
2026-09-01 20:41:32,55.52,3,0,0,49.92,59.55,7,55.40,6,51.60,6
2026-09-01 20:41:47,56.98,3,0,0,48.38,66.35,7,51.50,6,53.10,6
2026-09-01 20:42:01,57.00,3,0,0,47.47,61.85,7,53.75,6,55.40,6
2026-09-01 20:42:16,53.07,3,0,0,45.63,57.80,7,48.75,5,52.65,6
2026-09-01 20:42:30,56.70,3,0,0,43.63,63.70,7,46.15,5,60.25,6
2026-09-01 20:42:44,56.82,3,0,0,43.32,61.75,7,53.30,5,55.40,6
2026-09-01 20:42:58,53.43,3,0,0,43.08,57.85,7,49.05,5,53.40,6
2026-09-01 20:43:14,54.50,3,0,0,42.30,59.60,7,48.45,5,55.45,6
2026-09-01 20:43:28,53.82,3,0,0,44.05,66.55,7,48.85,5,46.05,5
2026-09-01 20:43:42,51.02,3,0,0,42.29,57.80,7,48.00,5,47.25,5
2026-09-01 20:43:57,54.97,3,0,0,41.85,63.50,7,52.75,5,48.65,5
2026-09-01 20:44:11,51.27,3,0,0,40.05,61.90,7,44.25,5,47.65,5
2026-09-01 20:44:25,52.68,3,0,0,39.73,61.75,7,52.85,5,43.45,5
2026-09-01 20:44:40,48.75,3,0,0,39.07,59.20,7,42.10,4,44.95,5
2026-09-01 20:44:54,52.58,3,0,0,39.06,66.50,7,38.45,4,52.80,5
2026-09-01 20:45:09,52.78,3,0,0,37.95,66.60,7,46.85,4,44.90,5
2026-09-01 20:45:22,50.10,3,0,0,37.37,57.70,7,39.50,4,53.10,5
2026-09-01 20:45:37,50.17,3,0,0,37.23,63.70,7,42.00,4,44.80,5
2026-09-01 20:45:51,46.10,3,0,0,36.25,61.85,7,38.00,4,38.45,4
2026-09-01 20:46:05,49.42,3,0,0,35.78,57.40,7,44.15,4,46.70,4
2026-09-01 20:46:18,46.07,3,0,0,34.81,58.10,7,42.00,4,38.10,4
2026-09-01 20:46:33,51.12,3,0,0,36.66,65.85,7,40.75,4,46.75,4
2026-09-01 20:46:49,43.72,3,0,0,36.88,57.75,7,35.50,4,37.90,4
2026-09-01 20:47:03,47.35,3,0,0,36.00,63.25,7,32.20,3,46.60,4
2026-09-01 20:47:17,47.93,3,0,0,34.89,65.55,7,40.10,3,38.15,4
2026-09-01 20:47:31,47.10,3,0,0,35.07,61.80,7,32.80,3,46.70,4
2026-09-01 20:47:45,47.32,3,0,0,33.48,60.00,7,40.05,3,41.90,4
2026-09-01 20:48:00,44.42,3,0,0,33.76,66.30,7,31.20,3,35.75,4
2026-09-01 20:48:13,46.83,3,0,0,33.50,66.15,7,39.15,3,35.20,3
2026-09-01 20:48:27,40.53,3,0,0,30.29,57.60,7,31.25,3,32.75,3
2026-09-01 20:48:41,46.92,3,0,0,30.28,61.15,7,39.55,3,40.05,3
2026-09-01 20:48:55,44.05,3,0,0,28.79,66.55,7,35.25,3,30.35,3
2026-09-01 20:49:09,42.05,3,0,0,28.35,61.75,7,26.15,3,38.25,3
2026-09-01 20:49:23,41.85,3,0,0,29.74,61.85,7,33.05,2,30.65,3
2026-09-01 20:49:37,41.78,3,0,0,31.15,60.00,7,26.10,2,39.25,3
2026-09-01 20:49:50,44.87,3,0,0,30.19,66.50,7,32.90,2,35.20,3
2026-09-01 20:50:04,39.78,3,0,0,28.89,61.95,7,24.40,2,33.00,3
2026-09-01 20:50:19,40.30,3,0,0,28.22,57.25,7,33.25,2,30.40,3
2026-09-01 20:50:33,39.45,3,0,0,27.11,61.50,7,26.75,2,30.10,2
2026-09-01 20:50:47,39.70,3,0,0,26.91,61.95,7,28.50,2,28.65,2
2026-09-01 20:51:02,38.25,3,0,0,25.30,59.10,7,25.80,2,29.85,2
2026-09-01 20:51:16,37.05,3,0,0,26.22,57.90,7,28.75,2,24.50,2
2026-09-01 20:51:30,38.87,3,0,0,27.18,65.80,7,26.75,2,24.05,2
2026-09-01 20:51:43,37.37,3,0,0,26.56,61.75,7,28.45,2,21.90,1
2026-09-01 20:51:57,34.32,3,0,0,27.52,58.75,7,24.45,2,19.75,1
2026-09-01 20:52:10,37.65,3,0,0,28.33,58.55,7,32.70,2,21.70,1
2026-09-01 20:52:23,35.85,3,0,0,28.28,62.70,7,24.35,2,20.50,1
2026-09-01 20:52:37,37.02,3,0,0,28.90,61.70,7,32.75,2,16.60,1
2026-09-01 20:52:50,27.37,2,1,0,28.93,57.75,7,24.35,2,0.00,0
2026-09-01 20:53:08,29.87,2,1,0,29.19,63.10,7,26.50,2,0.00,0
2026-09-01 20:53:20,44.83,2,0,1,36.37,61.75,7,27.90,2,0.00,0
2026-09-01 20:53:33,43.30,2,0,1,36.37,58.10,7,28.50,2,0.00,0
2026-09-01 20:53:45,47.47,2,0,1,36.48,65.65,7,29.30,2,0.00,0
2026-09-01 20:53:58,43.78,2,0,1,36.15,61.75,7,25.80,1,0.00,0
2026-09-01 20:54:10,39.62,2,0,1,34.88,61.75,7,17.50,1,0.00,0
2026-09-01 20:54:23,43.65,2,0,1,32.12,61.85,7,25.45,1,0.00,0
2026-09-01 20:54:37,38.88,2,0,1,32.12,60.05,7,17.70,1,0.00,0
2026-09-01 20:54:49,46.07,2,0,1,33.58,66.15,7,26.00,1,0.00,0
2026-09-01 20:55:02,33.88,1,1,1,33.63,57.35,7,10.40,0,0.00,0
2026-09-01 20:55:16,35.30,1,1,1,33.02,61.90,7,8.70,0,0.00,0
2026-09-01 20:55:28,29.68,1,1,1,33.02,59.35,7,0.00,0,0.00,0
2026-09-01 20:55:46,32.98,1,1,1,33.83,65.95,7,0.00,0,0.00,0
2026-09-01 20:55:58,64.15,1,0,2,59.20,64.15,7,0.00,0,0.00,0
2026-09-01 20:56:09,59.70,1,0,2,59.20,59.70,7,0.00,0,0.00,0
2026-09-01 20:56:21,55.05,1,0,2,43.77,55.05,6,0.00,0,0.00,0
2026-09-01 20:56:32,51.05,1,0,2,43.77,51.05,6,0.00,0,0.00,0
2026-09-01 20:56:44,52.85,1,0,2,33.82,52.85,6,0.00,0,0.00,0
2026-09-01 20:56:55,59.00,1,0,2,33.82,59.00,6,0.00,0,0.00,0
2026-09-01 20:57:07,55.15,1,0,2,33.82,55.15,6,0.00,0,0.00,0
2026-09-01 20:57:19,52.60,1,0,2,36.24,52.60,6,0.00,0,0.00,0
2026-09-01 20:57:30,48.35,1,0,2,36.24,48.35,5,0.00,0,0.00,0
2026-09-01 20:57:42,44.30,1,0,2,36.24,44.30,5,0.00,0,0.00,0
2026-09-01 20:57:53,46.30,1,0,2,28.81,46.30,5,0.00,0,0.00,0
2026-09-01 20:58:05,52.45,1,0,2,28.81,52.45,5,0.00,0,0.00,0
2026-09-01 20:58:17,50.70,1,0,2,28.84,50.70,5,0.00,0,0.00,0
2026-09-01 20:58:29,46.45,1,0,2,28.84,46.45,4,0.00,0,0.00,0
2026-09-01 20:58:41,37.60,1,0,2,28.84,37.60,4,0.00,0,0.00,0
2026-09-01 20:58:52,39.55,1,0,2,29.32,39.55,4,0.00,0,0.00,0
2026-09-01 20:59:07,45.90,1,0,2,29.32,45.90,4,0.00,0,0.00,0
2026-09-01 20:59:19,41.80,1,0,2,21.99,41.80,4,0.00,0,0.00,0
2026-09-01 20:59:32,40.20,1,0,2,21.99,40.20,4,0.00,0,0.00,0
2026-09-01 20:59:44,39.30,1,0,2,21.99,39.30,3,0.00,0,0.00,0
2026-09-01 20:59:55,35.05,1,0,2,20.53,35.05,3,0.00,0,0.00,0
2026-09-01 21:00:07,31.85,1,0,2,20.53,31.85,3,0.00,0,0.00,0
2026-09-01 21:00:19,33.40,1,0,2,20.53,33.40,3,0.00,0,0.00,0
2026-09-01 21:00:30,39.30,1,0,2,14.48,39.30,3,0.00,0,0.00,0
2026-09-01 21:00:42,35.10,1,0,2,14.48,35.10,3,0.00,0,0.00,0
2026-09-01 21:00:54,24.25,1,0,2,16.29,24.25,2,0.00,0,0.00,0
2026-09-01 21:01:05,29.45,1,0,2,16.29,29.45,2,0.00,0,0.00,0
2026-09-01 21:01:17,32.55,1,0,2,16.29,32.55,2,0.00,0,0.00,0
2026-09-01 21:01:28,28.25,1,0,2,12.70,28.25,2,0.00,0,0.00,0
2026-09-01 21:01:40,26.15,1,0,2,12.70,26.15,2,0.00,0,0.00,0
2026-09-01 21:01:52,32.70,1,0,2,12.70,32.70,2,0.00,0,0.00,0
2026-09-01 21:02:03,21.60,1,0,2,20.23,21.60,1,0.00,0,0.00,0
2026-09-01 21:02:15,17.90,1,0,2,20.23,17.90,1,0.00,0,0.00,0
2026-09-01 21:02:26,20.75,1,0,2,19.00,20.75,1,0.00,0,0.00,0
2026-09-01 21:02:37,26.40,1,0,2,19.00,26.40,1,0.00,0,0.00,0
2026-09-01 21:02:49,17.60,1,0,2,19.00,17.60,1,0.00,0,0.00,0
2026-09-01 21:03:00,21.75,1,0,2,25.02,21.75,1,0.00,0,0.00,0
2026-09-01 21:03:12,19.70,0,1,2,25.02,19.70,0,0.00,0,0.00,0
2026-09-01 21:03:23,11.00,0,1,2,25.02,11.00,0,0.00,0,0.00,0
2026-09-01 21:03:34,19.05,0,1,2,25.76,19.05,0,0.00,0,0.00,0
2026-09-01 21:03:45,10.85,0,1,2,25.76,10.85,0,0.00,0,0.00,0
2026-09-01 21:03:57,16.45,0,1,2,29.25,16.45,0,0.00,0,0.00,0
2026-09-01 21:04:08,15.00,0,1,2,29.25,15.00,0,0.00,0,0.00,0
2026-09-01 21:04:19,13.20,0,1,2,29.25,13.20,0,0.00,0,0.00,0
2026-09-01 21:04:31,19.80,0,1,2,29.51,19.80,0,0.00,0,0.00,0
2026-09-01 21:04:42,11.60,0,1,2,29.51,11.60,0,0.00,0,0.00,0
2026-09-01 21:04:55,21.15,1,0,2,29.51,21.15,1,0.00,0,0.00,0
2026-09-01 21:05:07,18.55,1,0,2,37.38,18.55,1,0.00,0,0.00,0
2026-09-01 21:05:20,17.75,1,0,2,37.38,17.75,1,0.00,0,0.00,0
2026-09-01 21:05:32,21.70,1,0,2,39.02,21.70,1,0.00,0,0.00,0
2026-09-01 21:05:44,17.60,1,0,2,39.02,17.60,1,0.00,0,0.00,0
2026-09-01 21:05:56,19.45,1,0,2,39.02,19.45,1,0.00,0,0.00,0
2026-09-01 21:06:07,20.10,1,0,2,43.39,20.10,2,0.00,0,0.00,0
2026-09-01 21:06:19,26.55,1,0,2,43.39,26.55,2,0.00,0,0.00,0
2026-09-01 21:06:32,32.05,1,0,2,43.39,32.05,2,0.00,0,0.00,0
2026-09-01 21:06:43,26.50,1,0,2,45.35,26.50,2,0.00,0,0.00,0
2026-09-01 21:06:55,24.40,1,0,2,45.35,24.40,2,0.00,0,0.00,0
2026-09-01 21:07:06,33.35,1,0,2,49.29,33.35,2,0.00,0,0.00,0
2026-09-01 21:07:18,28.50,1,0,2,49.29,28.50,3,0.00,0,0.00,0
2026-09-01 21:07:30,33.10,1,0,2,49.29,33.10,3,0.00,0,0.00,0
2026-09-01 21:07:42,30.10,1,0,2,52.76,30.10,3,0.00,0,0.00,0
2026-09-01 21:07:54,35.35,1,0,2,52.76,35.35,3,0.00,0,0.00,0
2026-09-01 21:08:06,39.80,1,0,2,54.05,39.80,3,0.00,0,0.00,0
2026-09-01 21:08:18,34.95,1,0,2,54.05,34.95,3,0.00,0,0.00,0
2026-09-01 21:08:30,35.35,1,0,2,54.05,35.35,3,0.00,0,0.00,0
2026-09-01 21:08:42,41.90,1,0,2,54.80,41.90,4,0.00,0,0.00,0
2026-09-01 21:08:53,40.15,1,0,2,54.80,40.15,4,0.00,0,0.00,0
2026-09-01 21:09:05,36.80,1,0,2,54.80,36.80,4,0.00,0,0.00,0
2026-09-01 21:09:16,42.00,1,0,2,55.27,42.00,4,0.00,0,0.00,0
2026-09-01 21:09:28,43.90,1,0,2,55.27,43.90,4,0.00,0,0.00,0
2026-09-01 21:09:40,37.55,1,0,2,60.38,37.55,4,0.00,0,0.00,0
2026-09-01 21:09:52,46.85,1,0,2,60.38,46.85,4,0.00,0,0.00,0
2026-09-01 21:10:03,43.65,1,0,2,60.38,43.65,5,0.00,0,0.00,0
2026-09-01 21:10:15,42.85,1,0,2,64.37,42.85,5,0.00,0,0.00,0
2026-09-01 21:10:27,53.60,1,0,2,64.37,53.60,5,0.00,0,0.00,0
2026-09-01 21:10:38,45.40,1,0,2,64.37,45.40,5,0.00,0,0.00,0
2026-09-01 21:10:50,48.75,1,0,2,63.95,48.75,5,0.00,0,0.00,0
2026-09-01 21:11:02,53.35,1,0,2,63.95,53.35,5,0.00,0,0.00,0
2026-09-01 21:11:13,47.45,1,0,2,64.75,47.45,6,0.00,0,0.00,0
2026-09-01 21:11:25,52.05,1,0,2,64.75,52.05,6,0.00,0,0.00,0
2026-09-01 21:11:37,55.25,1,0,2,64.75,55.25,6,0.00,0,0.00,0
2026-09-01 21:11:49,50.80,1,0,2,70.44,50.80,6,0.00,0,0.00,0
2026-09-01 21:12:00,60.15,1,0,2,70.44,60.15,6,0.00,0,0.00,0
2026-09-01 21:12:12,57.35,1,0,2,70.44,57.35,6,0.00,0,0.00,0
2026-09-01 21:12:25,51.60,1,0,2,75.34,51.60,7,0.00,0,0.00,0
2026-09-01 21:12:36,62.00,1,0,2,75.34,62.00,7,0.00,0,0.00,0
2026-09-01 21:12:48,54.85,1,0,2,75.46,54.85,7,0.00,0,0.00,0
2026-09-01 21:13:00,61.05,1,0,2,75.46,61.05,7,0.00,0,0.00,0
2026-09-01 21:13:14,42.40,1,1,1,75.46,66.35,7,18.45,0,0.00,0
2026-09-01 21:13:27,36.35,1,1,1,76.68,61.70,7,11.00,0,0.00,0
2026-09-01 21:13:41,41.45,2,0,1,76.68,62.45,7,20.45,1,0.00,0
2026-09-01 21:13:54,42.10,2,0,1,76.82,66.25,7,17.95,1,0.00,0
2026-09-01 21:14:08,41.85,2,0,1,76.82,66.90,7,16.80,1,0.00,0
2026-09-01 21:14:21,41.78,2,0,1,75.86,62.35,7,21.20,1,0.00,0
2026-09-01 21:14:33,41.83,2,0,1,75.86,62.35,7,21.30,1,0.00,0
2026-09-01 21:14:48,42.28,2,0,1,75.86,64.40,7,20.15,1,0.00,0
2026-09-01 21:15:00,41.77,2,0,1,74.62,60.70,7,22.85,2,0.00,0
2026-09-01 21:15:14,43.10,2,0,1,74.62,65.65,7,20.55,2,0.00,0
2026-09-01 21:15:28,34.83,2,1,0,71.84,62.75,7,27.30,2,14.45,0
2026-09-01 21:15:43,38.12,2,1,0,71.84,62.55,7,32.80,2,19.00,0
2026-09-01 21:15:57,35.15,2,1,0,69.03,59.45,7,32.25,2,13.75,0
2026-09-01 21:16:13,36.97,3,0,0,69.03,67.15,7,32.90,2,10.85,1
2026-09-01 21:16:27,35.38,3,0,0,67.89,58.40,7,28.30,2,19.45,1
2026-09-01 21:16:41,36.97,3,0,0,67.89,58.80,7,26.50,2,25.60,1
2026-09-01 21:16:55,38.67,3,0,0,66.89,64.45,7,28.20,2,23.35,1
2026-09-01 21:17:09,40.27,3,0,0,66.89,62.35,7,33.00,2,25.45,1
2026-09-01 21:17:23,36.65,3,0,0,66.89,60.40,7,28.20,2,21.35,1
2026-09-01 21:17:37,39.52,3,0,0,66.66,64.20,7,26.05,2,28.30,2
2026-09-01 21:17:51,41.53,3,0,0,66.66,66.25,7,28.25,2,30.10,2
2026-09-01 21:18:05,39.37,3,0,0,63.64,62.50,7,29.65,2,25.95,2
2026-09-01 21:18:19,38.90,3,0,0,63.64,60.25,7,28.20,2,28.25,2
2026-09-01 21:18:33,40.43,3,0,0,62.94,66.65,7,26.55,2,28.10,2
2026-09-01 21:18:48,41.68,3,0,0,62.94,66.80,7,23.30,2,34.95,3
2026-09-01 21:19:02,42.00,3,0,0,65.02,58.10,7,32.40,2,35.50,3
2026-09-01 21:19:16,39.93,3,0,0,65.02,61.70,7,28.35,2,29.75,3
2026-09-01 21:19:30,43.02,3,0,0,65.26,62.45,7,31.70,2,34.90,3
2026-09-01 21:19:45,42.00,3,0,0,65.26,62.35,7,24.10,2,39.55,3
2026-09-01 21:19:59,43.35,3,0,0,65.26,58.35,7,32.70,2,39.00,3
2026-09-01 21:20:13,42.33,3,0,0,64.75,63.85,7,30.45,3,32.70,3
2026-09-01 21:20:27,42.30,3,0,0,64.75,57.30,7,30.25,3,39.35,3
2026-09-01 21:20:41,41.18,3,0,0,65.27,57.90,7,30.75,3,34.90,3
2026-09-01 21:20:55,41.67,3,0,0,65.27,58.85,7,35.05,3,31.10,3
2026-09-01 21:21:11,45.63,3,0,0,63.42,66.80,7,34.80,3,35.30,3
2026-09-01 21:21:25,45.22,3,0,0,63.42,58.95,7,39.50,3,37.20,4
2026-09-01 21:21:40,46.67,3,0,0,61.89,64.40,7,30.95,3,44.65,4
2026-09-01 21:21:54,46.88,3,0,0,61.89,66.20,7,30.95,3,43.50,4
2026-09-01 21:22:07,45.10,3,0,0,63.90,62.35,7,33.60,3,39.35,4
2026-09-01 21:22:22,45.92,3,0,0,63.90,60.55,7,39.65,3,37.55,4
2026-09-01 21:22:36,47.35,3,0,0,64.14,67.20,7,31.90,4,42.95,4
2026-09-01 21:22:51,50.77,3,0,0,57.68,66.90,7,39.30,4,46.10,4
2026-09-01 21:23:05,48.75,3,0,0,57.68,62.35,7,46.45,4,37.45,4
2026-09-01 21:23:20,49.03,3,0,0,58.86,59.25,7,41.85,4,46.00,4
2026-09-01 21:23:34,49.87,3,0,0,58.86,67.05,7,41.10,4,41.45,4
2026-09-01 21:23:49,47.48,3,0,0,58.84,62.40,7,41.65,4,38.40,5
2026-09-01 21:24:03,45.25,3,0,0,61.05,58.20,7,37.95,4,39.60,5
2026-09-01 21:24:17,52.90,3,0,0,61.76,63.90,7,43.05,4,51.75,5
2026-09-01 21:24:32,49.53,3,0,0,55.70,62.40,7,39.95,4,46.25,5
2026-09-01 21:24:46,49.43,3,0,0,55.65,58.50,7,45.50,4,44.30,5
2026-09-01 21:25:00,47.77,3,0,0,52.39,58.90,7,37.55,4,46.85,5
2026-09-01 21:25:14,52.78,3,0,0,52.55,66.50,7,40.05,5,51.80,5
2026-09-01 21:25:29,53.70,3,0,0,55.24,58.15,7,50.90,5,52.05,5
2026-09-01 21:25:43,54.77,3,0,0,55.47,63.90,7,52.25,5,48.15,5
2026-09-01 21:25:57,54.10,3,0,0,58.01,60.75,7,48.90,5,52.65,5
2026-09-01 21:26:11,52.98,3,0,0,58.01,62.30,7,52.40,5,44.25,5
2026-09-01 21:26:26,53.08,3,0,0,57.45,58.35,7,52.60,5,48.30,6
2026-09-01 21:26:40,57.23,3,0,0,57.45,66.60,7,48.50,5,56.60,6
2026-09-01 21:26:55,57.47,3,0,0,56.45,66.25,7,47.40,5,58.75,6
2026-09-01 21:27:09,54.02,3,0,0,56.01,58.25,7,46.75,5,57.05,6
2026-09-01 21:27:24,54.15,3,0,0,58.82,64.15,7,47.15,5,51.15,6
2026-09-01 21:27:40,51.55,3,0,0,58.35,57.65,7,43.30,5,53.70,6
2026-09-01 21:27:55,54.73,3,0,0,58.43,58.30,7,50.95,6,54.95,6
2026-09-01 21:28:09,57.75,3,0,0,61.64,63.50,7,58.75,6,51.00,6
2026-09-01 21:28:24,58.03,3,0,0,61.09,62.35,7,56.65,6,55.10,6
2026-09-01 21:28:38,55.90,3,0,0,63.27,59.65,7,51.05,6,57.00,6
2026-09-01 21:28:52,57.05,3,0,0,62.20,61.55,7,54.60,6,55.00,6
2026-09-01 21:29:07,62.58,3,0,0,62.50,66.20,7,59.70,6,61.85,7
2026-09-01 21:29:21,57.47,3,0,0,61.55,58.30,7,55.20,6,58.90,7
2026-09-01 21:29:35,59.53,3,0,0,61.03,61.55,7,55.15,6,61.90,7
2026-09-01 21:29:50,62.70,3,0,0,61.03,66.95,7,55.15,6,66.00,7
2026-09-01 21:30:06,60.87,3,0,0,65.73,62.30,7,53.95,6,66.35,7
2026-09-01 21:30:23,62.97,3,0,0,66.64,64.35,7,62.40,7,62.15,7
2026-09-01 21:30:39,57.55,3,0,0,66.72,58.35,7,56.55,7,57.75,7
2026-09-01 21:30:56,61.67,3,0,0,66.31,62.00,7,59.15,7,63.85,7
2026-09-01 21:31:11,61.68,3,0,0,65.50,62.70,7,58.75,7,63.60,7
2026-09-01 21:31:26,62.88,3,0,0,65.50,61.80,7,60.45,7,66.40,7
2026-09-01 21:31:40,61.83,3,0,0,65.93,63.10,8,60.70,7,61.70,7
2026-09-01 21:31:55,61.88,3,0,0,65.93,64.20,8,62.00,7,59.45,7
2026-09-01 21:32:10,65.87,3,0,0,65.87,72.95,8,58.05,7,66.60,7
2026-09-01 21:32:25,64.98,3,0,0,65.87,71.05,8,62.15,7,61.75,7
2026-09-01 21:32:40,63.18,3,0,0,64.59,73.65,8,57.85,7,58.05,7
2026-09-01 21:32:54,65.98,3,0,0,63.96,73.90,8,64.10,7,59.95,8
2026-09-01 21:33:09,65.80,3,0,0,63.05,73.55,8,57.60,7,66.25,8
2026-09-01 21:33:23,68.67,3,0,0,64.77,69.15,8,63.70,7,73.15,8
2026-09-01 21:33:38,66.28,3,0,0,64.86,69.05,8,64.90,7,64.90,8
2026-09-01 21:33:53,63.78,3,0,0,66.16,69.15,8,57.80,7,64.40,8
2026-09-01 21:34:10,66.03,3,0,0,67.82,65.00,8,63.30,8,69.80,8
2026-09-01 21:34:25,68.97,3,0,0,71.86,73.10,8,63.00,8,70.80,8
2026-09-01 21:34:40,66.90,3,0,0,71.36,64.85,8,68.70,8,67.15,8
2026-09-01 21:34:54,67.73,3,0,0,72.11,67.00,8,70.50,8,65.70,8
2026-09-01 21:35:09,69.25,3,0,0,71.73,66.05,8,71.70,8,70.00,8
2026-09-01 21:35:23,71.62,3,0,0,69.24,73.20,9,68.65,8,73.00,8
2026-09-01 21:35:38,73.25,3,0,0,69.72,73.70,9,73.65,8,72.40,8
2026-09-01 21:35:52,69.78,3,0,0,70.36,72.15,9,68.65,8,68.55,8
2026-09-01 21:36:07,68.75,3,0,0,71.08,75.75,9,63.75,8,66.75,8
2026-09-01 21:36:22,73.00,3,0,0,70.71,77.35,9,68.75,8,72.90,8
2026-09-01 21:36:36,72.40,3,0,0,71.88,80.45,9,64.15,8,72.60,9
2026-09-01 21:36:51,69.20,3,0,0,72.21,72.15,9,66.20,8,69.25,9
2026-09-01 21:37:05,71.22,3,0,0,72.21,75.70,9,68.65,8,69.30,9
2026-09-01 21:37:22,72.62,3,0,0,72.45,80.45,9,66.35,8,71.05,9
2026-09-01 21:37:37,75.53,3,0,0,72.45,75.60,9,70.80,8,80.20,9
2026-09-01 21:37:54,73.62,3,0,0,74.41,72.35,9,68.90,8,79.60,9
2026-09-01 21:38:08,72.98,3,0,0,74.41,72.35,9,71.15,9,75.45,9
2026-09-01 21:38:23,76.00,3,0,0,76.17,77.75,9,78.80,9,71.45,9
2026-09-01 21:38:38,73.25,3,0,0,74.31,75.70,9,73.70,9,70.35,9
2026-09-01 21:38:52,76.30,3,0,0,75.16,73.70,9,75.50,9,79.70,9
2026-09-01 21:39:07,72.97,3,0,0,75.64,72.10,9,71.45,9,75.35,9
2026-09-01 21:39:21,73.57,3,0,0,76.33,75.05,9,74.25,9,71.40,9
2026-09-01 21:39:37,72.75,3,0,0,77.52,75.75,9,70.90,9,71.60,9
2026-09-01 21:39:51,71.78,3,0,0,77.74,72.35,9,70.85,8,72.15,9
2026-09-01 21:40:06,73.28,3,0,0,74.08,71.80,9,68.80,8,79.25,9
2026-09-01 21:40:20,73.55,3,0,0,72.30,74.85,9,70.35,8,75.45,9
2026-09-01 21:40:35,74.95,3,0,0,72.86,75.60,9,73.70,8,75.55,9
2026-09-01 21:40:49,69.63,3,0,0,72.43,71.65,9,68.65,8,68.60,9
2026-09-01 21:41:03,67.13,3,0,0,68.69,71.90,9,64.85,8,64.65,8
2026-09-01 21:41:17,72.20,3,0,0,69.57,72.80,9,73.15,8,70.65,8
2026-09-01 21:41:32,72.87,3,0,0,69.30,80.15,9,64.85,8,73.60,8
2026-09-01 21:41:47,69.97,3,0,0,67.81,71.70,9,64.75,8,73.45,8
2026-09-01 21:42:02,68.47,3,0,0,67.12,67.05,9,73.10,8,65.25,8
2026-09-01 21:42:19,68.57,3,0,0,68.16,67.60,8,64.70,8,73.40,8
2026-09-01 21:42:33,70.40,3,0,0,69.03,69.05,8,73.25,8,68.90,8
2026-09-01 21:42:50,68.10,3,0,0,68.61,66.75,8,72.85,8,64.70,8
2026-09-01 21:43:06,69.22,3,0,0,66.36,73.80,8,60.75,8,73.10,8
2026-09-01 21:43:20,66.60,3,0,0,67.26,69.05,8,66.85,7,63.90,8
2026-09-01 21:43:35,63.47,3,0,0,65.82,66.70,8,58.95,7,64.75,8
2026-09-01 21:43:49,65.62,3,0,0,64.81,73.85,8,58.40,7,64.60,8
2026-09-01 21:44:03,68.87,3,0,0,64.54,69.25,8,66.65,7,70.70,8
2026-09-01 21:44:19,61.58,3,0,0,62.66,64.60,8,58.30,7,61.85,8
2026-09-01 21:44:33,64.33,3,0,0,64.45,68.45,8,66.65,7,57.90,7
2026-09-01 21:44:47,64.55,3,0,0,63.68,69.05,8,66.90,7,57.70,7
2026-09-01 21:45:01,62.28,3,0,0,64.36,65.05,8,58.05,7,63.75,7
2026-09-01 21:45:17,64.53,3,0,0,63.95,65.05,8,66.50,7,62.05,7
2026-09-01 21:45:32,60.02,3,0,0,59.85,61.65,7,58.10,7,60.30,7
2026-09-01 21:45:47,60.47,3,0,0,58.73,62.50,7,59.35,7,59.55,7
2026-09-01 21:46:02,64.47,3,0,0,57.80,60.10,7,66.80,7,66.50,7
2026-09-01 21:46:16,58.67,3,0,0,57.35,60.15,7,58.10,7,57.75,7
2026-09-01 21:46:31,63.52,3,0,0,58.24,62.40,7,62.10,7,66.05,7
2026-09-01 21:46:46,59.68,3,0,0,56.40,59.85,7,55.25,6,63.95,7
2026-09-01 21:47:00,60.18,3,0,0,57.25,67.15,7,51.65,6,61.75,7
2026-09-01 21:47:15,62.18,3,0,0,55.94,66.75,7,60.05,6,59.75,7
2026-09-01 21:47:29,59.13,3,0,0,56.28,58.35,7,52.70,6,66.35,7
2026-09-01 21:47:44,64.25,3,0,0,56.01,66.45,7,59.60,6,66.70,7
2026-09-01 21:47:59,56.15,3,0,0,53.08,58.15,7,55.25,6,55.05,6
2026-09-01 21:48:13,55.38,3,0,0,53.45,57.60,7,55.40,6,53.15,6
2026-09-01 21:48:27,58.77,3,0,0,50.03,61.40,7,55.25,6,59.65,6
2026-09-01 21:48:45,55.52,3,0,0,48.76,58.05,7,57.45,6,51.05,6
2026-09-01 21:49:02,58.33,3,0,0,48.78,66.90,7,48.50,6,59.60,6
2026-09-01 21:49:17,56.87,3,0,0,48.19,66.95,7,52.35,5,51.30,6
2026-09-01 21:49:32,54.05,3,0,0,46.13,58.80,7,44.40,5,58.95,6
2026-09-01 21:49:46,57.57,3,0,0,46.91,66.60,7,47.10,5,59.00,6
2026-09-01 21:50:01,52.43,3,0,0,45.28,58.35,7,48.40,5,50.55,6
2026-09-01 21:50:16,51.17,3,0,0,46.29,58.30,7,47.85,5,47.35,5
2026-09-01 21:50:30,53.97,3,0,0,43.96,65.15,7,48.50,5,48.25,5
2026-09-01 21:50:45,52.33,3,0,0,44.02,62.40,7,46.35,5,48.25,5
2026-09-01 21:50:59,53.18,3,0,0,41.52,61.20,7,52.65,5,45.70,5
2026-09-01 21:51:14,51.63,3,0,0,40.35,61.70,7,44.95,5,48.25,5
2026-09-01 21:51:28,51.20,3,0,0,39.18,62.30,7,46.15,4,45.15,5
2026-09-01 21:51:43,48.13,3,0,0,38.53,59.20,7,38.50,4,46.70,5
2026-09-01 21:51:57,52.82,3,0,0,36.37,66.85,7,43.35,4,48.25,5
2026-09-01 21:52:12,48.30,3,0,0,36.01,62.45,7,37.55,4,44.90,5
2026-09-01 21:52:27,50.97,3,0,0,35.96,58.40,7,46.20,4,48.30,5
2026-09-01 21:52:42,48.42,3,0,0,34.88,65.55,7,38.15,4,41.55,4
2026-09-01 21:52:56,48.80,3,0,0,35.26,62.40,7,43.80,4,40.20,4
2026-09-01 21:53:10,48.95,3,0,0,34.27,60.40,7,41.80,4,44.65,4
2026-09-01 21:53:24,47.13,3,0,0,35.41,60.00,7,43.25,4,38.15,4
2026-09-01 21:53:39,48.65,3,0,0,35.56,67.15,7,35.05,4,43.75,4
2026-09-01 21:53:54,44.05,3,0,0,35.26,58.35,7,32.20,3,41.60,4
2026-09-01 21:54:08,46.73,3,0,0,35.35,66.50,7,34.95,3,38.75,4
2026-09-01 21:54:22,48.22,3,0,0,34.06,64.35,7,33.90,3,46.40,4
2026-09-01 21:54:36,45.00,3,0,0,32.29,62.40,7,35.00,3,37.60,4
2026-09-01 21:54:51,42.27,3,0,0,31.53,61.20,7,32.85,3,32.75,3
2026-09-01 21:55:06,44.17,3,0,0,30.41,62.35,7,35.00,3,35.15,3
2026-09-01 21:55:21,45.67,3,0,0,31.19,62.95,7,39.55,3,34.50,3
2026-09-01 21:55:35,41.98,3,0,0,31.22,60.00,7,31.05,3,34.90,3
2026-09-01 21:55:50,45.40,3,0,0,30.39,66.90,7,38.55,3,30.75,3
2026-09-01 21:56:04,41.23,3,0,0,30.45,58.30,7,28.35,2,37.05,3
2026-09-01 21:56:19,40.57,3,0,0,30.44,58.75,7,32.25,2,30.70,3
2026-09-01 21:56:33,42.02,3,0,0,28.98,62.70,7,24.50,2,38.85,3
2026-09-01 21:56:47,45.13,3,0,0,28.98,62.35,7,33.35,2,39.70,3
2026-09-01 21:57:02,39.07,3,0,0,28.68,60.15,7,24.85,2,32.20,3
2026-09-01 21:57:16,42.70,3,0,0,27.62,66.85,7,28.35,2,32.90,2
2026-09-01 21:57:30,40.38,3,0,0,26.02,66.85,7,29.80,2,24.50,2
2026-09-01 21:57:44,37.28,3,0,0,25.35,58.30,7,23.45,2,30.10,2
2026-09-01 21:57:58,38.15,3,0,0,25.66,63.60,7,27.45,2,23.40,2
2026-09-01 21:58:13,40.42,3,0,0,26.68,62.50,7,28.50,2,30.25,2
2026-09-01 21:58:28,37.67,3,0,0,26.89,62.45,7,33.10,2,17.45,1
2026-09-01 21:58:42,36.50,3,0,0,27.14,59.55,7,25.05,2,24.90,1
2026-09-01 21:58:57,38.88,3,0,0,27.95,66.80,7,32.70,2,17.15,1
2026-09-01 21:59:10,35.98,3,0,0,28.53,58.20,7,24.60,2,25.15,1
2026-09-01 21:59:25,34.47,3,0,0,28.62,58.00,7,28.35,2,17.05,1
2026-09-01 21:59:38,35.32,2,1,0,28.84,60.70,7,26.50,2,18.75,0
2026-09-01 21:59:57,30.22,2,1,0,28.84,62.30,7,28.35,2,0.00,0
2026-09-01 22:00:10,47.72,2,0,1,36.78,67.05,7,28.40,2,0.00,0
2026-09-01 22:00:22,47.40,2,0,1,36.78,67.15,7,27.65,2,0.00,0
2026-09-01 22:00:35,45.35,2,0,1,35.74,62.30,7,28.40,2,0.00,0
2026-09-01 22:00:48,38.98,2,0,1,36.56,58.90,7,19.05,1,0.00,0
2026-09-01 22:01:00,45.88,2,0,1,36.56,65.90,7,25.85,1,0.00,0
2026-09-01 22:01:13,39.85,2,0,1,34.43,62.30,7,17.40,1,0.00,0
2026-09-01 22:01:25,46.28,2,0,1,34.43,67.10,7,25.45,1,0.00,0
2026-09-01 22:01:38,39.77,2,0,1,32.00,62.30,7,17.25,1,0.00,0
2026-09-01 22:01:50,36.10,1,1,1,33.63,58.30,7,13.90,0,0.00,0
2026-09-01 22:02:08,31.42,1,1,1,35.36,62.85,7,0.00,0,0.00,0
2026-09-01 22:02:19,57.85,1,0,2,57.25,57.85,7,0.00,0,0.00,0
2026-09-01 22:02:31,58.15,1,0,2,57.25,58.15,7,0.00,0,0.00,0
2026-09-01 22:02:43,60.00,1,0,2,55.33,60.00,7,0.00,0,0.00,0
2026-09-01 22:02:55,65.90,1,0,2,55.33,65.90,7,0.00,0,0.00,0
2026-09-01 22:03:06,60.15,1,0,2,45.14,60.15,6,0.00,0,0.00,0
2026-09-01 22:03:18,55.70,1,0,2,45.14,55.70,6,0.00,0,0.00,0
2026-09-01 22:03:30,55.70,1,0,2,45.14,55.70,6,0.00,0,0.00,0
2026-09-01 22:03:42,51.45,1,0,2,36.82,51.45,6,0.00,0,0.00,0
2026-09-01 22:03:54,51.40,1,0,2,36.82,51.40,6,0.00,0,0.00,0
2026-09-01 22:04:05,47.05,1,0,2,36.82,47.05,6,0.00,0,0.00,0
2026-09-01 22:04:17,50.45,1,0,2,33.53,50.45,5,0.00,0,0.00,0
2026-09-01 22:04:28,47.65,1,0,2,33.53,47.65,5,0.00,0,0.00,0
2026-09-01 22:04:40,52.95,1,0,2,28.95,52.95,5,0.00,0,0.00,0
2026-09-01 22:04:51,48.65,1,0,2,28.95,48.65,5,0.00,0,0.00,0
2026-09-01 22:05:03,44.70,1,0,2,28.95,44.70,5,0.00,0,0.00,0
2026-09-01 22:05:15,40.55,1,0,2,33.11,40.55,5,0.00,0,0.00,0
2026-09-01 22:05:26,39.10,1,0,2,33.11,39.10,4,0.00,0,0.00,0
2026-09-01 22:05:38,45.90,1,0,2,33.11,45.90,4,0.00,0,0.00,0
2026-09-01 22:05:49,42.00,1,0,2,26.74,42.00,4,0.00,0,0.00,0
2026-09-01 22:06:00,38.00,1,0,2,26.74,38.00,4,0.00,0,0.00,0
2026-09-01 22:06:12,40.00,1,0,2,22.37,40.00,4,0.00,0,0.00,0
2026-09-01 22:06:24,34.85,1,0,2,22.37,34.85,4,0.00,0,0.00,0
2026-09-01 22:06:35,37.30,1,0,2,22.37,37.30,3,0.00,0,0.00,0
2026-09-01 22:06:47,36.45,1,0,2,20.15,36.45,3,0.00,0,0.00,0
2026-09-01 22:06:58,31.20,1,0,2,20.15,31.20,3,0.00,0,0.00,0
2026-09-01 22:07:10,34.25,1,0,2,20.15,34.25,3,0.00,0,0.00,0
2026-09-01 22:07:21,39.25,1,0,2,17.25,39.25,3,0.00,0,0.00,0
2026-09-01 22:07:33,33.20,1,0,2,17.25,33.20,3,0.00,0,0.00,0
2026-09-01 22:07:44,28.45,1,0,2,18.51,28.45,2,0.00,0,0.00,0
2026-09-01 22:07:56,24.75,1,0,2,18.51,24.75,2,0.00,0,0.00,0
2026-09-01 22:08:07,30.65,1,0,2,18.51,30.65,2,0.00,0,0.00,0
2026-09-01 22:08:19,28.40,1,0,2,12.73,28.40,2,0.00,0,0.00,0
2026-09-01 22:08:30,28.50,1,0,2,12.73,28.50,2,0.00,0,0.00,0
2026-09-01 22:08:42,18.00,1,0,2,12.73,18.00,2,0.00,0,0.00,0
2026-09-01 22:08:53,23.00,1,0,2,16.40,23.00,1,0.00,0,0.00,0
2026-09-01 22:09:05,21.60,1,0,2,16.40,21.60,1,0.00,0,0.00,0
2026-09-01 22:09:16,17.60,1,0,2,18.81,17.60,1,0.00,0,0.00,0
2026-09-01 22:09:28,19.80,1,0,2,18.81,19.80,1,0.00,0,0.00,0
2026-09-01 22:09:39,26.10,1,0,2,18.81,26.10,1,0.00,0,0.00,0
2026-09-01 22:09:51,15.15,1,0,2,23.69,15.15,1,0.00,0,0.00,0
2026-09-01 22:10:03,13.90,0,1,2,23.69,13.90,0,0.00,0,0.00,0
2026-09-01 22:10:14,15.00,0,1,2,23.69,15.00,0,0.00,0,0.00,0
2026-09-01 22:10:25,12.65,0,1,2,25.60,12.65,0,0.00,0,0.00,0
2026-09-01 22:10:37,19.80,0,1,2,25.60,19.80,0,0.00,0,0.00,0
2026-09-01 22:10:48,11.55,0,1,2,28.34,11.55,0,0.00,0,0.00,0
2026-09-01 22:10:59,19.65,0,1,2,28.34,19.65,0,0.00,0,0.00,0
2026-09-01 22:11:11,11.20,0,1,2,28.34,11.20,0,0.00,0,0.00,0
2026-09-01 22:11:22,19.40,0,1,2,29.24,19.40,0,0.00,0,0.00,0
2026-09-01 22:11:34,10.95,0,1,2,29.24,10.95,0,0.00,0,0.00,0
2026-09-01 22:11:45,13.40,1,0,2,29.24,13.40,1,0.00,0,0.00,0
2026-09-01 22:11:57,20.75,1,0,2,36.76,20.75,1,0.00,0,0.00,0
2026-09-01 22:12:09,26.10,1,0,2,36.76,26.10,1,0.00,0,0.00,0
2026-09-01 22:12:20,20.45,1,0,2,36.76,20.45,1,0.00,0,0.00,0
2026-09-01 22:12:32,22.40,1,0,2,37.49,22.40,1,0.00,0,0.00,0
2026-09-01 22:12:43,26.15,1,0,2,37.49,26.15,1,0.00,0,0.00,0
2026-09-01 22:12:55,28.00,1,0,2,41.00,28.00,2,0.00,0,0.00,0
2026-09-01 22:13:07,24.75,1,0,2,41.00,24.75,2,0.00,0,0.00,0
2026-09-01 22:13:18,23.65,1,0,2,41.00,23.65,2,0.00,0,0.00,0
2026-09-01 22:13:30,33.30,1,0,2,42.55,33.30,2,0.00,0,0.00,0
2026-09-01 22:13:42,27.80,1,0,2,42.55,27.80,2,0.00,0,0.00,0
2026-09-01 22:13:55,24.90,1,0,2,44.84,24.90,2,0.00,0,0.00,0
2026-09-01 22:14:07,25.65,1,0,2,44.84,25.65,3,0.00,0,0.00,0
2026-09-01 22:14:19,26.35,1,0,2,44.84,26.35,3,0.00,0,0.00,0
2026-09-01 22:14:31,38.30,1,0,2,49.02,38.30,3,0.00,0,0.00,0
2026-09-01 22:14:43,32.20,1,0,2,49.02,32.20,3,0.00,0,0.00,0
2026-09-01 22:14:55,30.75,1,0,2,49.02,30.75,3,0.00,0,0.00,0
2026-09-01 22:15:06,39.95,1,0,2,49.86,39.95,3,0.00,0,0.00,0
2026-09-01 22:15:19,37.05,1,0,2,49.86,37.05,3,0.00,0,0.00,0
2026-09-01 22:15:31,33.95,1,0,2,52.34,33.95,4,0.00,0,0.00,0
2026-09-01 22:15:42,44.55,1,0,2,52.34,44.55,4,0.00,0,0.00,0
2026-09-01 22:15:54,41.15,1,0,2,52.34,41.15,4,0.00,0,0.00,0
2026-09-01 22:16:05,38.00,1,0,2,58.18,38.00,4,0.00,0,0.00,0
2026-09-01 22:16:17,42.00,1,0,2,58.18,42.00,4,0.00,0,0.00,0
2026-09-01 22:16:29,46.25,1,0,2,58.18,46.25,4,0.00,0,0.00,0
2026-09-01 22:16:41,38.10,1,0,2,64.16,38.10,5,0.00,0,0.00,0
2026-09-01 22:16:52,44.35,1,0,2,64.16,44.35,5,0.00,0,0.00,0
2026-09-01 22:17:04,50.45,1,0,2,63.34,50.45,5,0.00,0,0.00,0
2026-09-01 22:17:16,45.90,1,0,2,63.34,45.90,5,0.00,0,0.00,0
2026-09-01 22:17:27,44.55,1,0,2,63.34,44.55,5,0.00,0,0.00,0
2026-09-01 22:17:39,52.95,1,0,2,63.83,52.95,5,0.00,0,0.00,0
2026-09-01 22:17:51,44.80,1,0,2,63.83,44.80,5,0.00,0,0.00,0
2026-09-01 22:18:03,55.85,1,0,2,63.83,55.85,6,0.00,0,0.00,0
2026-09-01 22:18:15,51.30,1,0,2,71.74,51.30,6,0.00,0,0.00,0
2026-09-01 22:18:26,49.95,1,0,2,71.74,49.95,6,0.00,0,0.00,0
2026-09-01 22:18:38,60.10,1,0,2,72.78,60.10,6,0.00,0,0.00,0
2026-09-01 22:18:50,51.40,1,0,2,72.78,51.40,6,0.00,0,0.00,0
2026-09-01 22:19:03,50.85,1,0,2,72.78,50.85,6,0.00,0,0.00,0
2026-09-01 22:19:15,59.65,1,0,2,70.85,59.65,7,0.00,0,0.00,0
2026-09-01 22:19:27,54.35,1,0,2,70.85,54.35,7,0.00,0,0.00,0
2026-09-01 22:19:41,36.67,1,1,1,75.87,58.90,7,14.45,0,0.00,0
2026-09-01 22:19:55,39.60,1,1,1,75.87,60.25,7,18.95,0,0.00,0
2026-09-01 22:20:08,35.53,1,1,1,75.87,58.55,7,12.50,0,0.00,0
2026-09-01 22:20:21,36.00,1,1,1,77.12,57.55,7,14.45,0,0.00,0
2026-09-01 22:20:34,39.42,2,0,1,77.12,62.00,7,16.85,1,0.00,0
2026-09-01 22:20:47,41.95,2,0,1,74.12,59.40,7,24.50,1,0.00,0
2026-09-01 22:21:00,41.90,2,0,1,74.12,60.30,7,23.50,1,0.00,0
2026-09-01 22:21:13,41.95,2,0,1,75.24,64.20,7,19.70,1,0.00,0
2026-09-01 22:21:27,44.95,2,0,1,75.24,66.50,7,23.40,1,0.00,0
2026-09-01 22:21:40,46.27,2,0,1,75.24,66.50,7,26.05,1,0.00,0
2026-09-01 22:21:55,34.10,2,1,0,74.43,58.10,7,27.65,2,16.55,0
2026-09-01 22:22:09,33.82,2,1,0,74.43,64.10,7,25.20,2,12.15,0
2026-09-01 22:22:23,31.78,2,1,0,71.76,62.00,7,24.05,2,9.30,0
2026-09-01 22:22:37,33.92,2,1,0,71.76,59.20,7,28.15,2,14.40,0
2026-09-01 22:22:52,36.68,2,1,0,69.03,58.50,7,32.85,2,18.70,0
2026-09-01 22:23:07,38.55,3,0,0,69.03,66.75,7,32.10,2,16.80,1
2026-09-01 22:23:21,38.43,3,0,0,67.29,58.00,7,32.90,2,24.40,1
2026-09-01 22:23:35,40.00,3,0,0,67.29,65.90,7,33.45,2,20.65,1
2026-09-01 22:23:50,37.05,3,0,0,66.24,64.85,7,28.20,2,18.10,1
2026-09-01 22:24:04,37.18,3,0,0,66.24,62.00,7,24.20,2,25.35,1
2026-09-01 22:24:18,36.57,3,0,0,65.51,59.85,7,23.05,2,26.80,2
2026-09-01 22:24:32,40.50,3,0,0,65.51,66.40,7,28.10,2,27.00,2
2026-09-01 22:24:46,40.20,3,0,0,65.51,66.90,7,28.20,2,25.50,2
2026-09-01 22:25:02,37.95,3,0,0,62.74,57.60,7,32.30,2,23.95,2
2026-09-01 22:25:15,38.77,3,0,0,62.74,63.90,7,24.35,2,28.05,2
2026-09-01 22:25:30,39.53,3,0,0,63.09,62.10,7,28.20,2,28.30,3
2026-09-01 22:25:45,39.18,3,0,0,63.09,58.10,7,24.35,2,35.10,3
2026-09-01 22:26:00,39.87,3,0,0,67.28,59.90,7,28.20,2,31.50,3
2026-09-01 22:26:14,41.70,3,0,0,67.28,61.95,7,32.10,2,31.05,3
2026-09-01 22:26:28,37.73,3,0,0,65.87,58.00,7,24.25,2,30.95,3
2026-09-01 22:26:43,44.40,3,0,0,65.87,66.15,7,32.10,2,34.95,3
2026-09-01 22:26:57,46.07,3,0,0,64.36,64.00,7,35.40,3,38.80,3
2026-09-01 22:27:12,44.82,3,0,0,64.36,62.05,7,37.50,3,34.90,3
2026-09-01 22:27:26,43.42,3,0,0,64.23,61.35,7,37.95,3,30.95,3
2026-09-01 22:27:40,42.15,3,0,0,64.23,62.00,7,31.55,3,32.90,3
2026-09-01 22:27:54,42.28,3,0,0,64.23,62.00,7,33.95,3,30.90,3
2026-09-01 22:28:08,41.95,3,0,0,62.61,57.85,7,34.80,3,33.20,4
2026-09-01 22:28:22,43.12,3,0,0,62.61,63.90,7,30.90,3,34.55,4
2026-09-01 22:28:37,45.60,3,0,0,61.50,62.00,7,33.90,3,40.90,4
2026-09-01 22:28:52,45.15,3,0,0,61.50,57.50,7,31.35,3,46.60,4
2026-09-01 22:29:06,46.47,3,0,0,54.51,58.90,7,39.55,3,40.95,4
2026-09-01 22:29:22,47.05,3,0,0,54.51,62.35,7,36.70,4,42.10,4
2026-09-01 22:29:38,45.30,3,0,0,56.28,59.15,7,36.55,4,40.20,4
2026-09-01 22:29:52,49.62,3,0,0,56.28,66.50,7,36.55,4,45.80,4
2026-09-01 22:30:07,50.47,3,0,0,55.33,66.70,7,41.70,4,43.00,4
2026-09-01 22:30:21,46.53,3,0,0,55.33,58.05,7,41.85,4,39.70,4
2026-09-01 22:30:35,50.72,3,0,0,54.85,66.05,7,39.50,4,46.60,4
2026-09-01 22:30:50,50.13,3,0,0,57.04,62.10,7,39.85,4,48.45,5
2026-09-01 22:31:04,49.02,3,0,0,57.58,62.15,7,41.65,4,43.25,5
2026-09-01 22:31:19,48.70,3,0,0,54.73,60.75,7,41.70,4,43.65,5
2026-09-01 22:31:33,49.47,3,0,0,54.73,62.00,7,37.65,4,48.75,5
2026-09-01 22:31:48,47.70,3,0,0,51.57,58.45,7,40.20,4,44.45,5
2026-09-01 22:32:02,49.50,3,0,0,51.57,58.05,7,46.85,5,43.60,5
2026-09-01 22:32:17,52.93,3,0,0,57.24,64.10,7,49.75,5,44.95,5
2026-09-01 22:32:31,52.52,3,0,0,57.24,56.95,7,49.75,5,50.85,5
2026-09-01 22:32:45,50.75,3,0,0,59.78,60.35,7,44.45,5,47.45,5
2026-09-01 22:32:59,49.37,3,0,0,59.78,60.10,7,43.20,5,44.80,5
2026-09-01 22:33:14,55.65,3,0,0,57.77,66.75,7,47.65,5,52.55,6
2026-09-01 22:33:29,53.28,3,0,0,57.77,58.20,7,48.55,5,53.10,6
2026-09-01 22:33:45,54.68,3,0,0,56.50,66.45,7,44.45,5,53.15,6
2026-09-01 22:33:58,55.47,3,0,0,56.50,62.20,7,48.35,5,55.85,6
2026-09-01 22:34:13,53.28,3,0,0,57.30,57.30,7,44.55,5,58.00,6
2026-09-01 22:34:27,58.88,3,0,0,55.80,63.35,7,52.85,5,60.45,6
2026-09-01 22:34:42,56.03,3,0,0,55.69,62.05,7,54.95,6,51.10,6
2026-09-01 22:34:56,54.53,3,0,0,59.47,62.10,7,49.75,6,51.75,6
2026-09-01 22:35:11,55.07,3,0,0,59.47,58.20,7,55.40,6,51.60,6
2026-09-01 22:35:25,58.95,3,0,0,61.90,65.95,7,55.25,6,55.65,6
2026-09-01 22:35:40,53.55,3,0,0,61.90,57.80,7,51.25,6,51.60,6
2026-09-01 22:35:54,54.65,3,0,0,62.76,59.65,7,50.50,6,53.80,7
2026-09-01 22:36:08,59.12,3,0,0,62.76,60.20,7,52.75,6,64.40,7
2026-09-01 22:36:23,62.00,3,0,0,63.72,66.80,7,59.55,6,59.65,7
2026-09-01 22:36:38,59.15,3,0,0,63.72,59.70,7,59.30,6,58.45,7
2026-09-01 22:36:52,61.67,3,0,0,62.61,66.55,7,60.10,6,58.35,7
2026-09-01 22:37:07,58.53,3,0,0,62.41,66.55,7,51.25,6,57.80,7
2026-09-01 22:37:22,56.75,3,0,0,64.48,58.00,7,53.80,7,58.45,7
2026-09-01 22:37:36,62.78,3,0,0,64.70,66.05,7,60.65,7,61.65,7
2026-09-01 22:37:51,63.10,3,0,0,64.74,58.45,7,66.85,7,64.00,7
2026-09-01 22:38:05,60.02,3,0,0,65.31,62.15,7,59.35,7,58.55,7
2026-09-01 22:38:20,61.67,3,0,0,65.44,60.85,7,64.05,7,60.10,7
2026-09-01 22:38:34,63.77,3,0,0,64.19,62.40,8,62.00,7,66.90,7
2026-09-01 22:38:50,60.13,3,0,0,64.19,63.35,8,58.25,7,58.80,7
2026-09-01 22:39:05,64.00,3,0,0,64.69,68.70,8,62.10,7,61.20,7
2026-09-01 22:39:20,65.57,3,0,0,65.52,70.15,8,62.00,7,64.55,7
2026-09-01 22:39:36,63.63,3,0,0,66.47,73.15,8,59.50,7,58.25,7
2026-09-01 22:39:50,62.42,3,0,0,66.47,64.55,8,62.10,7,60.60,8
2026-09-01 22:40:05,65.98,3,0,0,68.32,68.95,8,62.05,7,66.95,8
2026-09-01 22:40:19,63.80,3,0,0,68.32,63.70,8,60.40,7,67.30,8
2026-09-01 22:40:34,65.20,3,0,0,66.67,68.60,8,62.00,7,65.00,8
2026-09-01 22:40:49,63.73,3,0,0,66.67,64.65,8,61.45,7,65.10,8
2026-09-01 22:41:03,64.27,3,0,0,66.29,64.75,8,60.50,8,67.55,8
2026-09-01 22:41:18,64.27,3,0,0,67.34,66.95,8,60.65,8,65.20,8
2026-09-01 22:41:32,67.98,3,0,0,68.79,73.40,8,63.35,8,67.20,8
2026-09-01 22:41:47,65.30,3,0,0,70.14,64.95,8,64.00,8,66.95,8
2026-09-01 22:42:02,69.67,3,0,0,70.94,67.90,8,73.90,8,67.20,8
2026-09-01 22:42:17,69.92,3,0,0,71.06,70.80,9,73.30,8,65.65,8
2026-09-01 22:42:32,69.28,3,0,0,72.56,69.90,9,64.65,8,73.30,8
2026-09-01 22:42:46,69.17,3,0,0,70.10,71.60,9,66.80,8,69.10,8
2026-09-01 22:43:01,68.88,3,0,0,70.18,70.80,9,69.10,8,66.75,8
2026-09-01 22:43:15,71.38,3,0,0,71.13,79.60,9,69.05,8,65.50,8
2026-09-01 22:43:30,72.42,3,0,0,71.13,79.60,9,69.05,8,68.60,9
2026-09-01 22:43:45,71.00,3,0,0,71.36,75.40,9,68.95,8,68.65,9
2026-09-01 22:44:00,68.90,3,0,0,71.36,71.40,9,65.10,8,70.20,9
2026-09-01 22:44:14,72.47,3,0,0,74.41,75.45,9,66.05,8,75.90,9
2026-09-01 22:44:28,76.02,3,0,0,74.41,79.65,9,73.75,8,74.65,9
2026-09-01 22:44:43,71.52,3,0,0,74.22,75.50,9,65.00,8,74.05,9
2026-09-01 22:44:58,72.95,3,0,0,74.01,73.50,9,67.45,9,77.90,9
2026-09-01 22:45:12,76.82,3,0,0,75.89,71.85,9,78.55,9,80.05,9
2026-09-01 22:45:27,73.75,3,0,0,76.21,72.40,9,74.45,9,74.40,9
2026-09-01 22:45:41,75.22,3,0,0,76.04,79.55,9,72.50,9,73.60,9
2026-09-01 22:45:55,71.87,3,0,0,77.01,70.40,9,72.65,9,72.55,9
2026-09-01 22:46:10,75.85,3,0,0,76.45,75.55,9,71.90,9,80.10,9
2026-09-01 22:46:25,73.97,3,0,0,73.95,71.50,9,73.00,9,77.40,9
2026-09-01 22:46:40,76.28,3,0,0,74.34,79.95,9,73.15,8,75.75,9
2026-09-01 22:46:55,69.15,3,0,0,74.92,70.80,9,64.85,8,71.80,9
2026-09-01 22:47:10,72.18,3,0,0,74.57,71.50,9,65.15,8,79.90,9
2026-09-01 22:47:26,74.57,3,0,0,72.22,72.50,9,73.20,8,78.00,9
2026-09-01 22:47:41,72.13,3,0,0,72.19,75.40,9,65.20,8,75.80,9
2026-09-01 22:47:56,70.17,3,0,0,70.61,71.50,9,73.50,8,65.50,8
2026-09-01 22:48:11,73.20,3,0,0,70.61,72.40,9,73.85,8,73.35,8
2026-09-01 22:48:25,69.53,3,0,0,69.69,73.75,9,64.60,8,70.25,8
2026-09-01 22:48:40,73.47,3,0,0,69.69,80.25,9,71.05,8,69.10,8
2026-09-01 22:48:55,67.25,3,0,0,68.71,71.45,9,64.15,8,66.15,8
2026-09-01 22:49:11,68.13,3,0,0,68.71,65.10,8,65.35,8,73.95,8
2026-09-01 22:49:26,71.83,3,0,0,68.34,69.95,8,71.35,8,74.20,8
2026-09-01 22:49:41,66.05,3,0,0,68.34,68.60,8,64.70,8,64.85,8
2026-09-01 22:49:55,69.00,3,0,0,68.61,66.50,8,70.25,8,70.25,8
2026-09-01 22:50:10,68.78,3,0,0,69.28,70.85,8,66.40,8,69.10,8
2026-09-01 22:50:26,68.18,3,0,0,67.81,72.60,8,62.35,7,69.60,8
2026-09-01 22:50:40,63.37,3,0,0,65.86,64.45,8,60.55,7,65.10,8
2026-09-01 22:50:55,67.65,3,0,0,65.21,70.05,8,62.05,7,70.85,8
2026-09-01 22:51:10,66.83,3,0,0,65.00,73.35,8,58.05,7,69.10,8
2026-09-01 22:51:24,65.32,3,0,0,64.64,73.40,8,60.00,7,62.55,7
2026-09-01 22:51:39,61.77,3,0,0,63.70,64.80,8,62.05,7,58.45,7
2026-09-01 22:51:53,66.73,3,0,0,63.83,72.85,8,60.65,7,66.70,7
2026-09-01 22:52:08,64.67,3,0,0,63.28,68.70,8,66.85,7,58.45,7
2026-09-01 22:52:24,62.47,3,0,0,62.09,68.70,8,57.05,7,61.65,7
2026-09-01 22:52:38,63.68,3,0,0,60.49,60.60,7,63.60,7,66.85,7
2026-09-01 22:52:53,59.40,3,0,0,58.76,62.00,7,57.60,7,58.60,7
2026-09-01 22:53:07,61.50,3,0,0,58.29,58.55,7,59.40,7,66.55,7
2026-09-01 22:53:22,61.20,3,0,0,58.29,58.15,7,63.00,7,62.45,7
2026-09-01 22:53:37,60.40,3,0,0,57.12,66.60,7,55.80,7,58.80,7
2026-09-01 22:53:52,60.73,3,0,0,57.12,58.10,7,57.25,6,66.85,7
2026-09-01 22:54:07,59.95,3,0,0,55.06,66.00,7,55.40,6,58.45,7
2026-09-01 22:54:21,60.47,3,0,0,54.74,65.90,7,51.15,6,64.35,7
2026-09-01 22:54:35,62.35,3,0,0,52.57,62.10,7,58.45,6,66.50,7
2026-09-01 22:54:50,55.53,3,0,0,51.51,61.25,7,51.30,6,54.05,6
2026-09-01 22:55:04,59.05,3,0,0,50.06,62.00,7,57.60,6,57.55,6
2026-09-01 22:55:19,59.13,3,0,0,48.15,61.95,7,59.60,6,55.85,6
2026-09-01 22:55:33,53.55,3,0,0,48.68,58.15,7,51.30,6,51.20,6
2026-09-01 22:55:47,61.30,3,0,0,48.06,66.35,7,59.65,6,57.90,6
2026-09-01 22:56:02,51.02,3,0,0,46.68,57.65,7,43.95,5,51.45,6
2026-09-01 22:56:16,53.18,3,0,0,45.78,57.85,7,44.45,5,57.25,6
2026-09-01 22:56:33,57.38,3,0,0,43.70,62.85,7,48.75,5,60.55,6
2026-09-01 22:56:47,52.60,3,0,0,43.67,57.45,7,48.40,5,51.95,6
2026-09-01 22:57:01,57.57,3,0,0,44.06,63.75,7,48.45,5,60.50,6
2026-09-01 22:57:16,51.72,3,0,0,42.39,66.00,7,44.35,5,44.80,5
2026-09-01 22:57:30,53.30,3,0,0,42.39,62.00,7,52.55,5,45.35,5
2026-09-01 22:57:44,52.03,3,0,0,40.90,58.15,7,44.30,5,53.65,5
2026-09-01 22:57:58,54.67,3,0,0,39.59,66.30,7,52.50,5,45.20,5
2026-09-01 22:58:13,53.12,3,0,0,39.47,62.10,7,48.45,5,48.80,5
2026-09-01 22:58:27,49.65,3,0,0,38.63,62.10,7,37.80,4,49.05,5
2026-09-01 22:58:41,51.07,3,0,0,38.91,59.80,7,46.00,4,47.40,5
2026-09-01 22:58:55,51.13,3,0,0,38.39,66.75,7,37.80,4,48.85,5
2026-09-01 22:59:09,50.38,3,0,0,36.83,58.00,7,45.80,4,47.35,5
2026-09-01 22:59:25,48.07,3,0,0,37.06,58.00,7,37.25,4,48.95,5
2026-09-01 22:59:40,49.52,3,0,0,36.72,66.40,7,44.10,4,38.05,4
2026-09-01 22:59:54,47.30,3,0,0,35.56,57.95,7,37.75,4,46.20,4
2026-09-01 23:00:08,48.93,3,0,0,35.28,63.45,7,45.40,4,37.95,4
2026-09-01 23:00:23,49.53,3,0,0,34.31,60.75,7,41.75,4,46.10,4
2026-09-01 23:00:37,47.98,3,0,0,34.48,61.95,7,40.10,4,41.90,4
2026-09-01 23:00:51,46.83,3,0,0,35.12,58.05,7,39.70,3,42.75,4
2026-09-01 23:01:05,47.07,3,0,0,35.12,66.25,7,32.85,3,42.10,4
2026-09-01 23:01:19,49.25,3,0,0,32.42,66.90,7,38.85,3,42.00,4
2026-09-01 23:01:33,46.33,3,0,0,33.18,62.00,7,30.95,3,46.05,4
2026-09-01 23:01:47,45.05,3,0,0,34.23,58.30,7,39.35,3,37.50,4
2026-09-01 23:02:01,44.73,3,0,0,33.43,66.50,7,31.30,3,36.40,3
2026-09-01 23:02:16,42.13,3,0,0,33.20,57.70,7,37.90,3,30.80,3
2026-09-01 23:02:30,40.20,3,0,0,31.76,56.90,7,30.90,3,32.80,3
2026-09-01 23:02:44,44.98,3,0,0,31.08,60.35,7,39.50,3,35.10,3
2026-09-01 23:02:58,42.32,3,0,0,30.36,61.95,7,31.00,3,34.00,3
2026-09-01 23:03:12,39.33,3,0,0,30.28,58.20,7,29.80,2,30.00,3
2026-09-01 23:03:26,39.55,3,0,0,30.32,58.00,7,24.15,2,36.50,3
2026-09-01 23:03:41,44.10,3,0,0,30.32,64.45,7,32.70,2,35.15,3
2026-09-01 23:03:56,40.38,3,0,0,30.46,62.05,7,24.65,2,34.45,3
2026-09-01 23:04:11,38.82,3,0,0,30.46,64.05,7,28.45,2,23.95,3
2026-09-01 23:04:25,40.98,3,0,0,30.34,64.15,7,26.50,2,32.30,2
2026-09-01 23:04:40,37.43,3,0,0,29.82,62.00,7,26.65,2,23.65,2
2026-09-01 23:04:54,40.00,3,0,0,30.30,58.05,7,29.90,2,32.05,2
2026-09-01 23:05:08,38.15,3,0,0,29.51,66.10,7,24.20,2,24.15,2
2026-09-01 23:05:22,39.10,3,0,0,29.52,62.10,7,29.00,2,26.20,2
2026-09-01 23:05:36,34.18,3,0,0,28.91,62.00,7,23.25,2,17.30,1
2026-09-01 23:05:50,38.45,3,0,0,27.81,58.75,7,30.70,2,25.90,1
2026-09-01 23:06:04,36.23,3,0,0,28.31,66.50,7,24.35,2,17.85,1
2026-09-01 23:06:19,38.70,3,0,0,28.05,62.25,7,32.30,2,21.55,1
2026-09-01 23:06:34,32.12,3,0,0,29.31,57.60,7,24.45,2,14.30,1
2026-09-01 23:06:47,32.23,2,1,0,29.31,63.55,7,33.15,2,0.00,0
2026-09-01 23:07:05,28.97,2,1,0,30.35,61.95,7,24.95,2,0.00,0
2026-09-01 23:07:18,46.17,2,0,1,38.25,66.85,7,25.50,2,0.00,0
2026-09-01 23:07:31,49.75,2,0,1,39.03,66.35,7,33.15,2,0.00,0
2026-09-01 23:07:44,37.27,2,0,1,39.03,56.90,7,17.65,2,0.00,0
2026-09-01 23:07:57,42.58,2,0,1,39.71,59.25,7,25.90,1,0.00,0
2026-09-01 23:08:10,41.95,2,0,1,39.71,66.30,7,17.60,1,0.00,0
2026-09-01 23:08:23,43.58,2,0,1,36.31,62.15,7,25.00,1,0.00,0
2026-09-01 23:08:36,42.07,2,0,1,36.31,66.80,7,17.35,1,0.00,0
2026-09-01 23:08:49,41.82,2,0,1,36.31,58.00,7,25.65,1,0.00,0
2026-09-01 23:09:01,30.45,1,1,1,38.51,60.90,7,0.00,0,0.00,0
2026-09-01 23:09:18,33.20,1,1,1,38.51,66.40,7,0.00,0,0.00,0
2026-09-01 23:09:29,57.80,1,0,2,64.31,57.80,7,0.00,0,0.00,0
2026-09-01 23:09:41,60.35,1,0,2,64.31,60.35,7,0.00,0,0.00,0
2026-09-01 23:09:53,66.60,1,0,2,64.31,66.60,7,0.00,0,0.00,0
2026-09-01 23:10:06,55.70,1,0,2,53.03,55.70,6,0.00,0,0.00,0
2026-09-01 23:10:18,51.55,1,0,2,53.03,51.55,6,0.00,0,0.00,0
2026-09-01 23:10:30,55.50,1,0,2,44.66,55.50,6,0.00,0,0.00,0
2026-09-01 23:10:42,59.90,1,0,2,44.66,59.90,6,0.00,0,0.00,0
2026-09-01 23:10:54,60.15,1,0,2,44.66,60.15,6,0.00,0,0.00,0
2026-09-01 23:11:08,60.55,1,0,2,41.13,60.55,6,0.00,0,0.00,0
2026-09-01 23:11:20,53.35,1,0,2,41.13,53.35,5,0.00,0,0.00,0
2026-09-01 23:11:32,46.40,1,0,2,33.71,46.40,5,0.00,0,0.00,0
2026-09-01 23:11:44,46.20,1,0,2,33.71,46.20,5,0.00,0,0.00,0
2026-09-01 23:11:56,46.15,1,0,2,33.71,46.15,5,0.00,0,0.00,0
2026-09-01 23:12:08,45.55,1,0,2,27.95,45.55,5,0.00,0,0.00,0
2026-09-01 23:12:20,45.90,1,0,2,27.95,45.90,5,0.00,0,0.00,0
2026-09-01 23:12:32,38.00,1,0,2,27.23,38.00,4,0.00,0,0.00,0
2026-09-01 23:12:44,38.05,1,0,2,27.23,38.05,4,0.00,0,0.00,0
2026-09-01 23:12:56,38.05,1,0,2,27.23,38.05,4,0.00,0,0.00,0
2026-09-01 23:13:08,38.00,1,0,2,23.14,38.00,4,0.00,0,0.00,0
2026-09-01 23:13:20,38.05,1,0,2,23.14,38.05,4,0.00,0,0.00,0
2026-09-01 23:13:32,42.05,1,0,2,23.14,42.05,4,0.00,0,0.00,0
2026-09-01 23:13:44,35.25,1,0,2,20.19,35.25,3,0.00,0,0.00,0
2026-09-01 23:13:56,35.25,1,0,2,20.19,35.25,3,0.00,0,0.00,0
2026-09-01 23:14:08,35.20,1,0,2,16.43,35.20,3,0.00,0,0.00,0
2026-09-01 23:14:20,35.25,1,0,2,16.43,35.25,3,0.00,0,0.00,0
2026-09-01 23:14:31,39.50,1,0,2,16.43,39.50,3,0.00,0,0.00,0
2026-09-01 23:14:45,40.00,1,0,2,14.41,40.00,3,0.00,0,0.00,0
2026-09-01 23:14:56,33.05,1,0,2,14.41,33.05,2,0.00,0,0.00,0
2026-09-01 23:15:09,33.35,1,0,2,16.38,33.35,2,0.00,0,0.00,0
2026-09-01 23:15:21,28.50,1,0,2,16.38,28.50,2,0.00,0,0.00,0
2026-09-01 23:15:32,33.15,1,0,2,16.38,33.15,2,0.00,0,0.00,0
2026-09-01 23:15:44,33.10,1,0,2,15.83,33.10,2,0.00,0,0.00,0
2026-09-01 23:15:56,33.35,1,0,2,15.83,33.35,2,0.00,0,0.00,0
2026-09-01 23:16:08,26.65,1,0,2,15.83,26.65,1,0.00,0,0.00,0
2026-09-01 23:16:20,21.85,1,0,2,20.35,21.85,1,0.00,0,0.00,0
2026-09-01 23:16:32,26.65,1,0,2,20.35,26.65,1,0.00,0,0.00,0
2026-09-01 23:16:44,21.85,1,0,2,21.97,21.85,1,0.00,0,0.00,0
2026-09-01 23:16:55,21.85,1,0,2,21.97,21.85,1,0.00,0,0.00,0
2026-09-01 23:17:08,16.95,1,0,2,21.97,16.95,1,0.00,0,0.00,0
2026-09-01 23:17:19,15.15,0,1,2,25.41,15.15,0,0.00,0,0.00,0
2026-09-01 23:17:31,11.05,0,1,2,25.41,11.05,0,0.00,0,0.00,0
2026-09-01 23:17:43,14.10,0,1,2,25.41,14.10,0,0.00,0,0.00,0
2026-09-01 23:17:56,19.15,0,1,2,28.84,19.15,0,0.00,0,0.00,0
2026-09-01 23:18:07,15.00,0,1,2,28.84,15.00,0,0.00,0,0.00,0
2026-09-01 23:18:19,10.00,0,1,2,31.38,10.00,0,0.00,0,0.00,0
2026-09-01 23:18:30,11.00,0,1,2,31.38,11.00,0,0.00,0,0.00,0
2026-09-01 23:18:42,13.50,0,1,2,31.38,13.50,0,0.00,0,0.00,0
2026-09-01 23:18:54,18.95,0,1,2,34.87,18.95,0,0.00,0,0.00,0
2026-09-01 23:19:06,20.95,1,0,2,34.87,20.95,1,0.00,0,0.00,0
2026-09-01 23:19:18,15.50,1,0,2,35.87,15.50,1,0.00,0,0.00,0
2026-09-01 23:19:30,26.10,1,0,2,35.87,26.10,1,0.00,0,0.00,0
2026-09-01 23:19:42,18.75,1,0,2,35.87,18.75,1,0.00,0,0.00,0
2026-09-01 23:19:54,21.70,1,0,2,38.04,21.70,1,0.00,0,0.00,0
2026-09-01 23:20:06,17.70,1,0,2,38.04,17.70,1,0.00,0,0.00,0
2026-09-01 23:20:17,18.10,1,0,2,38.04,18.10,2,0.00,0,0.00,0
2026-09-01 23:20:29,25.05,1,0,2,43.65,25.05,2,0.00,0,0.00,0
2026-09-01 23:20:41,29.30,1,0,2,43.65,29.30,2,0.00,0,0.00,0
2026-09-01 23:20:52,24.90,1,0,2,43.42,24.90,2,0.00,0,0.00,0
2026-09-01 23:21:04,23.20,1,0,2,43.42,23.20,2,0.00,0,0.00,0
2026-09-01 23:21:16,33.00,1,0,2,43.42,33.00,2,0.00,0,0.00,0
2026-09-01 23:21:28,33.10,1,0,2,47.60,33.10,2,0.00,0,0.00,0
2026-09-01 23:21:40,32.25,1,0,2,47.60,32.25,3,0.00,0,0.00,0
2026-09-01 23:21:52,30.15,1,0,2,47.60,30.15,3,0.00,0,0.00,0
2026-09-01 23:22:04,29.65,1,0,2,49.59,29.65,3,0.00,0,0.00,0
2026-09-01 23:22:16,39.70,1,0,2,49.59,39.70,3,0.00,0,0.00,0
2026-09-01 23:22:28,36.45,1,0,2,52.03,36.45,3,0.00,0,0.00,0
2026-09-01 23:22:40,30.30,1,0,2,52.03,30.30,3,0.00,0,0.00,0
2026-09-01 23:22:52,41.80,1,0,2,52.03,41.80,4,0.00,0,0.00,0
2026-09-01 23:23:04,40.65,1,0,2,55.02,40.65,4,0.00,0,0.00,0
2026-09-01 23:23:15,36.75,1,0,2,55.02,36.75,4,0.00,0,0.00,0
2026-09-01 23:23:27,41.70,1,0,2,57.90,41.70,4,0.00,0,0.00,0
2026-09-01 23:23:39,43.35,1,0,2,57.90,43.35,4,0.00,0,0.00,0
2026-09-01 23:23:52,37.65,1,0,2,57.90,37.65,4,0.00,0,0.00,0
2026-09-01 23:24:04,41.65,1,0,2,60.12,41.65,5,0.00,0,0.00,0
2026-09-01 23:24:16,48.30,1,0,2,60.12,48.30,5,0.00,0,0.00,0
2026-09-01 23:24:31,49.40,1,0,2,62.58,49.40,5,0.00,0,0.00,0
2026-09-01 23:24:43,48.40,1,0,2,62.58,48.40,5,0.00,0,0.00,0
2026-09-01 23:24:55,46.95,1,0,2,62.58,46.95,5,0.00,0,0.00,0
2026-09-01 23:25:08,48.40,1,0,2,64.93,48.40,5,0.00,0,0.00,0
2026-09-01 23:25:20,48.15,1,0,2,64.93,48.15,6,0.00,0,0.00,0
2026-09-01 23:25:33,50.60,1,0,2,68.96,50.60,6,0.00,0,0.00,0
2026-09-01 23:25:45,48.40,1,0,2,68.96,48.40,6,0.00,0,0.00,0
2026-09-01 23:25:57,56.45,1,0,2,68.96,56.45,6,0.00,0,0.00,0
2026-09-01 23:26:09,49.75,1,0,2,69.01,49.75,6,0.00,0,0.00,0
2026-09-01 23:26:21,53.75,1,0,2,69.01,53.75,6,0.00,0,0.00,0
2026-09-01 23:26:35,56.45,1,0,2,71.39,56.45,6,0.00,0,0.00,0
2026-09-01 23:26:46,55.05,1,0,2,71.39,55.05,7,0.00,0,0.00,0
2026-09-01 23:26:58,55.70,1,0,2,71.39,55.70,7,0.00,0,0.00,0
2026-09-01 23:27:10,53.30,1,0,2,73.52,53.30,7,0.00,0,0.00,0
2026-09-01 23:27:22,58.75,1,0,2,73.52,58.75,7,0.00,0,0.00,0
2026-09-01 23:27:34,63.40,1,0,2,73.52,63.40,7,0.00,0,0.00,0
2026-09-01 23:27:46,56.00,1,0,2,73.53,56.00,7,0.00,0,0.00,0
2026-09-01 23:27:58,63.90,1,0,2,73.53,63.90,8,0.00,0,0.00,0
2026-09-01 23:28:11,36.20,1,1,1,75.05,59.35,8,13.05,0,0.00,0
2026-09-01 23:28:23,39.30,1,1,1,75.05,64.05,8,14.55,0,0.00,0
2026-09-01 23:28:35,43.55,1,1,1,75.05,69.65,8,17.45,0,0.00,0
2026-09-01 23:28:49,36.48,1,1,1,74.86,62.50,8,10.45,0,0.00,0
2026-09-01 23:29:02,43.15,1,1,1,74.86,71.75,8,14.55,0,0.00,0
2026-09-01 23:29:16,41.42,2,0,1,72.63,69.85,8,13.00,1,0.00,0
2026-09-01 23:29:30,42.70,2,0,1,72.63,65.75,8,19.65,1,0.00,0
2026-09-01 23:29:43,44.85,2,0,1,72.18,63.95,8,25.75,1,0.00,0
2026-09-01 23:29:56,47.40,2,0,1,72.18,72.70,8,22.10,1,0.00,0
2026-09-01 23:30:09,45.65,2,0,1,72.18,65.80,8,25.50,1,0.00,0
2026-09-01 23:30:22,42.62,2,0,1,71.63,64.00,8,21.25,1,0.00,0
2026-09-01 23:30:36,46.35,2,0,1,71.63,64.75,8,27.95,2,0.00,0
2026-09-01 23:30:50,36.20,2,1,0,70.35,64.45,8,24.90,2,19.25,0
2026-09-01 23:31:04,35.93,2,1,0,70.35,68.30,8,23.00,2,16.50,0
2026-09-01 23:31:18,37.27,2,1,0,70.40,72.50,8,28.05,2,11.25,0
2026-09-01 23:31:32,35.57,2,1,0,70.40,63.85,8,32.75,2,10.10,0
2026-09-01 23:31:47,37.60,3,0,0,68.96,65.80,8,27.95,2,19.05,1
2026-09-01 23:32:01,35.62,3,0,0,68.96,65.30,8,23.75,2,17.80,1
2026-09-01 23:32:15,38.95,3,0,0,69.13,72.65,8,27.00,2,17.20,1
2026-09-01 23:32:30,37.90,3,0,0,69.13,64.10,8,32.75,2,16.85,1
2026-09-01 23:32:44,39.82,3,0,0,69.13,69.50,8,32.75,2,17.20,1
2026-09-01 23:32:59,41.17,3,0,0,70.88,67.15,8,32.85,2,23.50,2
2026-09-01 23:33:13,39.62,3,0,0,70.88,72.85,8,24.00,2,22.00,2
2026-09-01 23:33:27,39.55,3,0,0,68.80,63.85,8,32.45,2,22.35,2
2026-09-01 23:33:41,40.23,3,0,0,68.80,68.55,8,24.25,2,27.90,2
2026-09-01 23:33:55,44.90,3,0,0,67.68,70.00,8,32.35,2,32.35,2
2026-09-01 23:34:10,42.70,3,0,0,67.68,72.65,8,23.65,2,31.80,2
2026-09-01 23:34:24,41.53,3,0,0,69.04,63.85,8,32.20,2,28.55,3
2026-09-01 23:34:38,40.00,3,0,0,69.04,67.80,8,23.90,2,28.30,3
2026-09-01 23:34:52,47.77,3,0,0,70.57,72.85,8,31.95,2,38.50,3
2026-09-01 23:35:06,45.48,3,0,0,70.57,70.35,8,28.00,2,38.10,3
2026-09-01 23:35:20,42.65,3,0,0,70.57,68.30,8,26.05,2,33.60,3
2026-09-01 23:35:34,42.50,3,0,0,68.41,64.50,8,32.20,3,30.80,3
2026-09-01 23:35:49,45.50,3,0,0,68.41,72.60,8,33.90,3,30.00,3
2026-09-01 23:36:03,44.50,3,0,0,69.07,69.95,8,30.95,3,32.60,3
2026-09-01 23:36:17,47.42,3,0,0,69.07,68.30,8,34.90,3,39.05,3
2026-09-01 23:36:31,44.80,3,0,0,70.22,64.90,8,34.90,3,34.60,3
2026-09-01 23:36:47,47.55,3,0,0,70.22,73.00,8,31.40,3,38.25,3
2026-09-01 23:37:03,49.33,3,0,0,70.18,73.15,8,39.10,3,35.75,4
2026-09-01 23:37:17,45.05,3,0,0,70.18,64.35,8,34.90,3,35.90,4
2026-09-01 23:37:32,47.33,3,0,0,60.47,70.40,8,35.00,3,36.60,4
2026-09-01 23:37:46,46.40,3,0,0,60.47,63.25,8,29.80,3,46.15,4
2026-09-01 23:38:01,48.77,3,0,0,60.79,68.45,8,36.55,3,41.30,4
2026-09-01 23:38:15,45.92,3,0,0,59.43,64.35,8,36.10,4,37.30,4
2026-09-01 23:38:30,50.32,3,0,0,60.17,72.25,8,35.90,4,42.80,4
2026-09-01 23:38:44,50.52,3,0,0,63.24,68.40,8,37.50,4,45.65,4
2026-09-01 23:38:58,49.63,3,0,0,63.24,68.35,8,41.75,4,38.80,4
2026-09-01 23:39:13,51.97,3,0,0,62.72,64.25,8,45.65,4,46.00,4
2026-09-01 23:39:28,51.80,3,0,0,62.72,70.25,8,41.75,4,43.40,5
2026-09-01 23:39:42,52.17,3,0,0,62.56,68.30,8,37.80,4,50.40,5
2026-09-01 23:39:56,51.37,3,0,0,62.56,63.30,8,45.75,4,45.05,5
2026-09-01 23:40:11,49.58,3,0,0,62.36,64.30,8,40.30,4,44.15,5
2026-09-01 23:40:25,51.20,3,0,0,62.36,71.80,8,37.75,4,44.05,5
2026-09-01 23:40:40,53.90,3,0,0,59.22,68.40,8,46.55,5,46.75,5
2026-09-01 23:40:54,52.32,3,0,0,59.22,64.50,8,45.75,5,46.70,5
2026-09-01 23:41:09,53.58,3,0,0,57.74,64.65,8,43.55,5,52.55,5
2026-09-01 23:41:24,59.75,3,0,0,58.35,73.05,8,53.25,5,52.95,5
2026-09-01 23:41:39,55.13,3,0,0,58.02,64.25,8,53.00,5,48.15,5
2026-09-01 23:41:56,51.52,3,0,0,60.10,65.80,8,44.50,5,44.25,5
2026-09-01 23:42:11,52.95,3,0,0,60.70,66.70,8,46.40,5,45.75,6
2026-09-01 23:42:25,56.17,3,0,0,61.07,68.30,8,46.85,5,53.35,6
2026-09-01 23:42:40,58.17,3,0,0,61.03,64.70,8,50.30,5,59.50,6
2026-09-01 23:42:54,59.43,3,0,0,60.50,72.30,8,52.45,5,53.55,6
2026-09-01 23:43:11,57.73,3,0,0,61.62,72.60,8,43.50,5,57.10,6
2026-09-01 23:43:25,56.63,3,0,0,60.90,64.30,8,50.75,6,54.85,6
2026-09-01 23:43:40,58.08,3,0,0,60.90,70.40,8,52.95,6,50.90,6
2026-09-01 23:43:54,59.43,3,0,0,64.78,68.40,8,59.25,6,50.65,6
2026-09-01 23:44:08,61.55,3,0,0,64.78,73.10,8,56.70,6,54.85,6
2026-09-01 23:44:23,56.00,3,0,0,65.28,64.65,8,51.00,6,52.35,6
2026-09-01 23:44:38,61.38,3,0,0,65.28,72.65,8,53.15,6,58.35,7
2026-09-01 23:44:53,59.37,3,0,0,65.34,63.65,8,59.60,6,54.85,7
2026-09-01 23:45:08,60.05,3,0,0,65.34,63.20,8,51.00,6,65.95,7
2026-09-01 23:45:23,64.37,3,0,0,66.49,69.40,8,60.00,6,63.70,7
2026-09-01 23:45:38,63.60,3,0,0,66.49,68.40,8,58.70,6,63.70,7
2026-09-01 23:45:53,63.27,3,0,0,68.27,66.65,8,57.20,7,65.95,7
2026-09-01 23:46:08,65.60,3,0,0,68.27,66.30,8,64.15,7,66.35,7
2026-09-01 23:46:23,61.42,3,0,0,69.60,68.30,8,58.85,7,57.10,7
2026-09-01 23:46:38,61.33,3,0,0,69.60,65.45,8,61.85,7,56.70,7
2026-09-01 23:46:52,65.38,3,0,0,68.02,72.80,8,61.75,7,61.60,7
2026-09-01 23:47:07,64.18,3,0,0,67.95,72.90,8,57.70,7,61.95,8
2026-09-01 23:47:22,65.00,3,0,0,70.80,68.45,8,57.75,7,68.80,8
2026-09-01 23:47:37,66.12,3,0,0,70.51,69.00,8,58.00,7,71.35,8
2026-09-01 23:47:51,65.83,3,0,0,70.76,68.30,8,60.20,7,69.00,8
2026-09-01 23:48:06,65.37,3,0,0,70.23,68.50,8,59.15,7,68.45,8
2026-09-01 23:48:21,64.02,3,0,0,69.63,64.35,8,63.80,7,63.90,8
2026-09-01 23:48:36,66.23,3,0,0,68.94,72.55,8,60.70,8,65.45,8
2026-09-01 23:48:51,66.27,3,0,0,68.89,64.25,8,62.25,8,72.30,8
2026-09-01 23:49:05,66.10,3,0,0,70.65,64.40,8,68.60,8,65.30,8
2026-09-01 23:49:20,68.40,3,0,0,70.65,67.55,8,73.40,8,64.25,8
2026-09-01 23:49:35,68.20,3,0,0,70.94,68.30,8,66.50,8,69.80,8
2026-09-01 23:49:51,70.63,3,0,0,70.94,70.65,9,72.85,8,68.40,8
2026-09-01 23:50:05,73.27,3,0,0,70.01,78.05,9,68.65,8,73.10,8
2026-09-01 23:50:22,67.33,3,0,0,70.01,71.85,9,63.65,8,66.50,8
2026-09-01 23:50:37,72.25,3,0,0,70.87,70.95,9,72.85,8,72.95,8
2026-09-01 23:50:51,68.00,3,0,0,70.87,71.10,9,68.60,8,64.30,8
2026-09-01 23:51:06,69.57,3,0,0,73.25,71.20,9,67.00,8,70.50,9
2026-09-01 23:51:21,73.23,3,0,0,73.25,71.05,9,72.95,8,75.70,9
2026-09-01 23:51:35,72.98,3,0,0,72.80,73.40,9,73.15,8,72.40,9
2026-09-01 23:51:50,69.20,3,0,0,72.59,71.95,9,64.60,8,71.05,9
2026-09-01 23:52:04,72.98,3,0,0,75.25,71.15,9,72.90,8,74.90,9
2026-09-01 23:52:19,75.28,3,0,0,74.87,70.75,9,75.40,9,79.70,9
2026-09-01 23:52:35,72.23,3,0,0,72.18,75.95,9,69.90,9,70.85,9
2026-09-01 23:52:49,71.60,3,0,0,74.17,70.55,9,70.40,9,73.85,9
2026-09-01 23:53:04,72.77,3,0,0,73.89,71.80,9,75.50,9,71.00,9
2026-09-01 23:53:19,73.83,3,0,0,74.27,71.10,9,75.50,9,74.90,9
2026-09-01 23:53:33,76.73,3,0,0,74.74,79.10,9,80.15,9,70.95,9
2026-09-01 23:53:48,75.87,3,0,0,75.86,75.20,9,75.45,9,76.95,9
2026-09-01 23:54:02,71.18,3,0,0,75.86,72.50,9,64.60,8,76.45,9
2026-09-01 23:54:16,72.98,3,0,0,72.32,71.20,9,70.75,8,77.00,9
2026-09-01 23:54:31,74.33,3,0,0,72.32,75.35,9,72.65,8,75.00,9
2026-09-01 23:54:46,72.35,3,0,0,71.27,75.05,9,68.70,8,73.30,9
2026-09-01 23:55:01,73.62,3,0,0,71.27,73.35,9,70.15,8,77.35,9
2026-09-01 23:55:16,69.12,3,0,0,67.78,71.50,9,68.65,8,67.20,8
2026-09-01 23:55:30,69.65,3,0,0,67.78,76.60,9,64.05,8,68.30,8
2026-09-01 23:55:44,68.50,3,0,0,65.33,75.05,9,66.05,8,64.40,8
2026-09-01 23:55:59,71.72,3,0,0,65.79,72.05,9,73.30,8,69.80,8
2026-09-01 23:56:14,69.18,3,0,0,64.38,71.40,9,65.75,8,70.40,8
2026-09-01 23:56:29,66.35,3,0,0,64.71,67.60,8,67.95,8,63.50,8
2026-09-01 23:56:44,70.25,3,0,0,65.32,68.30,8,73.05,8,69.40,8
2026-09-01 23:56:58,67.98,3,0,0,65.07,66.35,8,64.60,8,73.00,8
2026-09-01 23:57:13,70.88,3,0,0,65.55,66.75,8,72.90,8,73.00,8
2026-09-01 23:57:28,68.48,3,0,0,65.59,72.55,8,68.70,8,64.20,8
2026-09-01 23:57:43,65.47,3,0,0,65.09,64.30,8,61.75,7,70.35,8
2026-09-01 23:57:58,67.18,3,0,0,64.63,72.25,8,60.80,7,68.50,8
2026-09-01 23:58:13,67.82,3,0,0,65.13,73.30,8,61.85,7,68.30,8
2026-09-01 23:58:28,63.92,3,0,0,64.55,68.30,8,58.45,7,65.00,8
2026-09-01 23:58:43,65.60,3,0,0,65.18,66.90,8,63.65,7,66.25,7
2026-09-01 23:58:58,61.18,3,0,0,63.85,68.30,8,57.55,7,57.70,7
2026-09-01 23:59:13,62.55,3,0,0,63.85,64.30,8,65.70,7,57.65,7
2026-09-01 23:59:27,63.03,3,0,0,62.20,64.35,8,61.75,7,63.00,7
2026-09-01 23:59:42,63.97,3,0,0,62.20,72.50,8,57.70,7,61.70,7
2026-09-01 23:59:57,59.70,3,0,0,58.95,63.90,8,56.05,6,59.15,7
2026-09-02 00:00:11,57.93,3,0,0,58.95,65.75,8,50.10,6,57.95,7
2026-09-02 00:00:26,61.65,3,0,0,57.13,65.60,8,53.80,6,65.55,7
2026-09-02 00:00:40,62.62,3,0,0,57.13,73.10,8,57.50,6,57.25,7
2026-09-02 00:00:56,60.95,3,0,0,55.57,65.45,8,51.70,6,65.70,7
2026-09-02 00:01:11,63.32,3,0,0,55.57,72.90,8,59.85,6,57.20,6
2026-09-02 00:01:26,59.47,3,0,0,53.16,72.20,8,51.25,6,54.95,6
2026-09-02 00:01:40,56.60,3,0,0,53.10,63.95,8,52.55,6,53.30,6
2026-09-02 00:01:54,59.25,3,0,0,52.79,67.80,8,55.05,6,54.90,6
2026-09-02 00:02:09,58.50,3,0,0,50.66,68.40,8,52.15,6,54.95,6
2026-09-02 00:02:24,58.30,3,0,0,51.72,73.10,8,48.55,5,53.25,6
2026-09-02 00:02:39,57.48,3,0,0,49.50,64.35,8,48.50,5,59.60,6
2026-09-02 00:02:53,58.38,3,0,0,49.09,72.95,8,50.60,5,51.60,6
2026-09-02 00:03:08,53.95,3,0,0,47.45,64.35,8,44.00,5,53.50,6
2026-09-02 00:03:23,56.32,3,0,0,47.45,63.65,8,52.80,5,52.50,6
2026-09-02 00:03:37,54.87,3,0,0,44.87,67.40,8,53.30,5,43.90,5
2026-09-02 00:03:52,55.87,3,0,0,44.87,68.30,8,47.05,5,52.25,5
2026-09-02 00:04:06,54.08,3,0,0,43.05,65.40,8,48.50,5,48.35,5
2026-09-02 00:04:22,53.80,3,0,0,43.05,65.45,8,50.20,5,45.75,5
2026-09-02 00:04:37,57.15,3,0,0,42.42,72.50,8,46.40,5,52.55,5
2026-09-02 00:04:51,48.65,3,0,0,42.42,63.85,8,37.90,4,44.20,5
2026-09-02 00:05:05,54.35,3,0,0,40.77,67.20,8,46.25,4,49.60,5
2026-09-02 00:05:20,52.60,3,0,0,40.77,67.65,8,37.90,4,52.25,5
2026-09-02 00:05:35,52.73,3,0,0,39.42,72.25,8,41.40,4,44.55,5
2026-09-02 00:05:49,48.88,3,0,0,39.42,64.20,8,37.55,4,44.90,4
2026-09-02 00:06:04,50.95,3,0,0,39.31,70.00,8,45.95,4,36.90,4
2026-09-02 00:06:17,49.32,3,0,0,37.28,72.65,8,37.85,4,37.45,4
2026-09-02 00:06:32,54.15,3,0,0,38.08,73.00,8,43.80,4,45.65,4
2026-09-02 00:06:46,47.85,3,0,0,37.22,64.35,8,41.85,4,37.35,4
2026-09-02 00:07:01,48.22,3,0,0,37.22,66.50,8,32.85,3,45.30,4
2026-09-02 00:07:15,51.35,3,0,0,35.76,72.80,8,35.00,3,46.25,4
2026-09-02 00:07:31,49.97,3,0,0,35.76,72.55,8,37.10,3,40.25,4
2026-09-02 00:07:45,46.90,3,0,0,33.20,64.30,8,35.00,3,41.40,4
2026-09-02 00:07:59,47.48,3,0,0,33.20,70.45,8,32.95,3,39.05,4
2026-09-02 00:08:14,45.67,3,0,0,32.47,68.45,8,35.00,3,33.55,3
2026-09-02 00:08:28,47.43,3,0,0,32.47,73.10,8,34.45,3,34.75,3
2026-09-02 00:08:42,45.58,3,0,0,32.13,64.30,8,39.60,3,32.85,3
2026-09-02 00:08:56,45.72,3,0,0,32.13,70.40,8,32.00,3,34.75,3
2026-09-02 00:09:11,45.27,3,0,0,33.17,68.30,8,35.00,3,32.50,3
2026-09-02 00:09:25,44.15,3,0,0,33.45,68.35,8,25.25,2,38.85,3
2026-09-02 00:09:40,42.65,3,0,0,32.48,64.30,8,32.85,2,30.80,3
2026-09-02 00:09:54,44.25,3,0,0,30.90,70.00,8,24.50,2,38.25,3
2026-09-02 00:10:08,42.27,3,0,0,30.90,68.35,8,28.10,2,30.35,3
2026-09-02 00:10:22,39.83,3,0,0,30.17,68.45,8,26.50,2,24.55,3
2026-09-02 00:10:38,41.42,3,0,0,30.17,64.00,8,28.10,2,32.15,2
2026-09-02 00:10:53,43.92,3,0,0,30.68,72.55,8,32.30,2,26.90,2
2026-09-02 00:11:08,38.90,3,0,0,30.68,64.25,8,24.35,2,28.10,2
2026-09-02 00:11:22,40.93,3,0,0,31.66,65.70,8,32.95,2,24.15,2
2026-09-02 00:11:36,38.40,3,0,0,31.66,65.20,8,24.20,2,25.80,1
2026-09-02 00:11:50,40.88,3,0,0,31.60,72.55,8,32.75,2,17.35,1
2026-09-02 00:12:04,38.30,3,0,0,31.60,63.90,8,25.25,2,25.75,1
2026-09-02 00:12:19,38.05,3,0,0,31.08,68.60,8,28.15,2,17.40,1
2026-09-02 00:12:34,40.23,3,0,0,31.08,67.25,8,32.10,2,21.35,1
2026-09-02 00:12:49,36.87,2,1,0,31.81,73.10,8,23.00,2,14.50,0
2026-09-02 00:13:02,32.22,2,1,0,31.81,64.55,8,32.10,2,0.00,0
2026-09-02 00:13:21,32.22,2,1,0,32.31,72.45,8,24.20,2,0.00,0
2026-09-02 00:13:34,46.80,2,0,1,41.77,68.45,8,25.15,2,0.00,0
2026-09-02 00:13:48,49.67,2,0,1,41.12,66.45,8,32.90,2,0.00,0
2026-09-02 00:14:00,45.25,2,0,1,41.14,73.00,8,17.50,1,0.00,0
2026-09-02 00:14:13,44.92,2,0,1,41.14,64.00,8,25.85,1,0.00,0
2026-09-02 00:14:26,40.93,2,0,1,40.21,64.40,8,17.45,1,0.00,0
2026-09-02 00:14:39,44.85,2,0,1,40.21,64.30,8,25.40,1,0.00,0
2026-09-02 00:14:52,41.48,2,0,1,38.74,66.20,8,16.75,1,0.00,0
2026-09-02 00:15:05,44.60,1,1,1,38.74,72.70,8,16.50,0,0.00,0
2026-09-02 00:15:22,31.72,1,1,1,39.17,63.45,8,0.00,0,0.00,0
2026-09-02 00:15:34,65.20,1,0,2,66.76,65.20,8,0.00,0,0.00,0
2026-09-02 00:15:46,70.50,1,0,2,66.76,70.50,8,0.00,0,0.00,0
2026-09-02 00:15:57,68.30,1,0,2,66.34,68.30,8,0.00,0,0.00,0
2026-09-02 00:16:10,57.85,1,0,2,66.34,57.85,8,0.00,0,0.00,0
2026-09-02 00:16:21,58.60,1,0,2,66.34,58.60,7,0.00,0,0.00,0
2026-09-02 00:16:34,57.15,1,0,2,57.44,57.15,7,0.00,0,0.00,0
2026-09-02 00:16:46,58.95,1,0,2,57.44,58.95,7,0.00,0,0.00,0
2026-09-02 00:16:58,63.80,1,0,2,52.80,63.80,7,0.00,0,0.00,0
2026-09-02 00:17:10,61.60,1,0,2,52.80,61.60,7,0.00,0,0.00,0
2026-09-02 00:17:21,55.15,1,0,2,52.80,55.15,6,0.00,0,0.00,0
2026-09-02 00:17:33,59.75,1,0,2,43.42,59.75,6,0.00,0,0.00,0
2026-09-02 00:17:45,50.55,1,0,2,43.42,50.55,6,0.00,0,0.00,0
2026-09-02 00:17:56,51.95,1,0,2,34.29,51.95,6,0.00,0,0.00,0
2026-09-02 00:18:08,57.30,1,0,2,34.29,57.30,6,0.00,0,0.00,0
2026-09-02 00:18:19,54.90,1,0,2,34.29,54.90,6,0.00,0,0.00,0
2026-09-02 00:18:31,52.60,1,0,2,32.00,52.60,6,0.00,0,0.00,0
2026-09-02 00:18:43,48.35,1,0,2,32.00,48.35,5,0.00,0,0.00,0
2026-09-02 00:18:55,44.85,1,0,2,32.00,44.85,5,0.00,0,0.00,0
2026-09-02 00:19:06,50.15,1,0,2,25.82,50.15,5,0.00,0,0.00,0
2026-09-02 00:19:18,48.20,1,0,2,25.82,48.20,5,0.00,0,0.00,0
2026-09-02 00:19:30,48.35,1,0,2,27.00,48.35,5,0.00,0,0.00,0
2026-09-02 00:19:41,41.50,1,0,2,27.00,41.50,4,0.00,0,0.00,0
2026-09-02 00:19:53,37.55,1,0,2,27.00,37.55,4,0.00,0,0.00,0
2026-09-02 00:20:04,40.45,1,0,2,26.60,40.45,4,0.00,0,0.00,0
2026-09-02 00:20:16,45.85,1,0,2,26.60,45.85,4,0.00,0,0.00,0
2026-09-02 00:20:27,41.55,1,0,2,26.60,41.55,4,0.00,0,0.00,0
2026-09-02 00:20:39,41.55,1,0,2,22.38,41.55,4,0.00,0,0.00,0
2026-09-02 00:20:51,30.85,1,0,2,22.38,30.85,3,0.00,0,0.00,0
2026-09-02 00:21:02,33.85,1,0,2,21.20,33.85,3,0.00,0,0.00,0
2026-09-02 00:21:14,39.65,1,0,2,21.20,39.65,3,0.00,0,0.00,0
2026-09-02 00:21:25,30.45,1,0,2,21.20,30.45,3,0.00,0,0.00,0
2026-09-02 00:21:37,30.85,1,0,2,13.91,30.85,3,0.00,0,0.00,0
2026-09-02 00:21:49,36.65,1,0,2,13.91,36.65,3,0.00,0,0.00,0
2026-09-02 00:22:01,33.00,1,0,2,13.91,33.00,2,0.00,0,0.00,0
2026-09-02 00:22:13,23.75,1,0,2,13.71,23.75,2,0.00,0,0.00,0
2026-09-02 00:22:24,27.35,1,0,2,13.71,27.35,2,0.00,0,0.00,0
2026-09-02 00:22:36,30.45,1,0,2,14.32,30.45,2,0.00,0,0.00,0
2026-09-02 00:22:47,28.25,1,0,2,14.32,28.25,2,0.00,0,0.00,0
2026-09-02 00:22:59,24.85,1,0,2,14.32,24.85,2,0.00,0,0.00,0
2026-09-02 00:23:11,23.00,1,0,2,19.63,23.00,1,0.00,0,0.00,0
2026-09-02 00:23:22,26.35,1,0,2,19.63,26.35,1,0.00,0,0.00,0
2026-09-02 00:23:34,22.80,1,0,2,19.63,22.80,1,0.00,0,0.00,0
2026-09-02 00:23:46,18.80,1,0,2,22.41,18.80,1,0.00,0,0.00,0
2026-09-02 00:23:58,26.50,1,0,2,22.41,26.50,1,0.00,0,0.00,0
2026-09-02 00:24:10,21.75,1,0,2,22.42,21.75,1,0.00,0,0.00,0
2026-09-02 00:24:21,11.60,0,1,2,22.42,11.60,0,0.00,0,0.00,0
2026-09-02 00:24:33,19.55,0,1,2,22.42,19.55,0,0.00,0,0.00,0
2026-09-02 00:24:44,11.05,0,1,2,27.57,11.05,0,0.00,0,0.00,0
2026-09-02 00:24:56,17.25,0,1,2,27.57,17.25,0,0.00,0,0.00,0
2026-09-02 00:25:08,19.70,0,1,2,29.30,19.70,0,0.00,0,0.00,0
2026-09-02 00:25:19,15.00,0,1,2,29.30,15.00,0,0.00,0,0.00,0
2026-09-02 00:25:31,10.95,0,1,2,29.30,10.95,0,0.00,0,0.00,0
2026-09-02 00:25:43,12.20,0,1,2,33.26,12.20,0,0.00,0,0.00,0
2026-09-02 00:25:55,16.95,0,1,2,33.26,16.95,0,0.00,0,0.00,0
2026-09-02 00:26:07,19.75,0,1,2,33.26,19.75,0,0.00,0,0.00,0
2026-09-02 00:26:19,17.00,1,0,2,36.16,17.00,1,0.00,0,0.00,0
2026-09-02 00:26:31,20.65,1,0,2,36.16,20.65,1,0.00,0,0.00,0
2026-09-02 00:26:43,22.20,1,0,2,35.72,22.20,1,0.00,0,0.00,0
2026-09-02 00:26:55,17.60,1,0,2,35.72,17.60,1,0.00,0,0.00,0
2026-09-02 00:27:06,21.65,1,0,2,35.72,21.65,1,0.00,0,0.00,0
2026-09-02 00:27:19,26.45,1,0,2,40.07,26.45,1,0.00,0,0.00,0
2026-09-02 00:27:30,25.95,1,0,2,40.07,25.95,2,0.00,0,0.00,0
2026-09-02 00:27:43,21.10,1,0,2,40.07,21.10,2,0.00,0,0.00,0
2026-09-02 00:27:55,31.05,1,0,2,41.35,31.05,2,0.00,0,0.00,0
2026-09-02 00:28:06,25.00,1,0,2,41.35,25.00,2,0.00,0,0.00,0
2026-09-02 00:28:18,28.35,1,0,2,44.13,28.35,2,0.00,0,0.00,0
2026-09-02 00:28:30,32.85,1,0,2,44.13,32.85,2,0.00,0,0.00,0
2026-09-02 00:28:43,24.55,1,0,2,44.13,24.55,2,0.00,0,0.00,0
2026-09-02 00:28:55,30.75,1,0,2,48.29,30.75,3,0.00,0,0.00,0
2026-09-02 00:29:06,37.70,1,0,2,48.29,37.70,3,0.00,0,0.00,0
2026-09-02 00:29:18,34.65,1,0,2,48.51,34.65,3,0.00,0,0.00,0
2026-09-02 00:29:30,31.00,1,0,2,48.51,31.00,3,0.00,0,0.00,0
2026-09-02 00:29:42,39.80,1,0,2,48.51,39.80,3,0.00,0,0.00,0
2026-09-02 00:29:54,36.40,1,0,2,52.08,36.40,3,0.00,0,0.00,0
2026-09-02 00:30:05,32.15,1,0,2,52.08,32.15,4,0.00,0,0.00,0
2026-09-02 00:30:17,43.30,1,0,2,52.08,43.30,4,0.00,0,0.00,0
2026-09-02 00:30:29,42.35,1,0,2,55.07,42.35,4,0.00,0,0.00,0
2026-09-02 00:30:41,37.35,1,0,2,55.07,37.35,4,0.00,0,0.00,0
2026-09-02 00:30:52,46.15,1,0,2,57.19,46.15,4,0.00,0,0.00,0
2026-09-02 00:31:04,42.50,1,0,2,57.19,42.50,4,0.00,0,0.00,0
2026-09-02 00:31:16,37.60,1,0,2,57.19,37.60,4,0.00,0,0.00,0
2026-09-02 00:31:28,43.90,1,0,2,62.33,43.90,5,0.00,0,0.00,0
2026-09-02 00:31:39,48.00,1,0,2,62.33,48.00,5,0.00,0,0.00,0
2026-09-02 00:31:52,44.30,1,0,2,62.33,44.30,5,0.00,0,0.00,0
2026-09-02 00:32:03,53.30,1,0,2,61.33,53.30,5,0.00,0,0.00,0
2026-09-02 00:32:15,50.60,1,0,2,61.33,50.60,5,0.00,0,0.00,0
2026-09-02 00:32:29,46.50,1,0,2,65.91,46.50,5,0.00,0,0.00,0
2026-09-02 00:32:41,50.45,1,0,2,65.91,50.45,6,0.00,0,0.00,0
2026-09-02 00:32:53,48.55,1,0,2,65.91,48.55,6,0.00,0,0.00,0
2026-09-02 00:33:05,48.85,1,0,2,68.35,48.85,6,0.00,0,0.00,0
2026-09-02 00:33:17,57.95,1,0,2,68.35,57.95,6,0.00,0,0.00,0
2026-09-02 00:33:29,57.15,1,0,2,71.15,57.15,6,0.00,0,0.00,0
2026-09-02 00:33:41,51.00,1,0,2,71.15,51.00,6,0.00,0,0.00,0
2026-09-02 00:33:54,59.20,1,0,2,71.15,59.20,7,0.00,0,0.00,0
2026-09-02 00:34:05,53.20,1,0,2,75.99,53.20,7,0.00,0,0.00,0
2026-09-02 00:34:17,58.60,1,0,2,75.99,58.60,7,0.00,0,0.00,0
2026-09-02 00:34:29,64.70,1,0,2,76.00,64.70,7,0.00,0,0.00,0
2026-09-02 00:34:41,58.70,1,0,2,76.00,58.70,7,0.00,0,0.00,0
2026-09-02 00:34:53,66.65,1,0,2,76.00,66.65,7,0.00,0,0.00,0
2026-09-02 00:35:06,59.65,1,0,2,74.26,59.65,7,0.00,0,0.00,0
2026-09-02 00:35:18,40.67,1,1,1,74.26,63.95,8,17.40,0,0.00,0
2026-09-02 00:35:31,39.45,1,1,1,74.26,68.50,8,10.40,0,0.00,0
2026-09-02 00:35:44,41.88,1,1,1,76.23,64.15,8,19.60,0,0.00,0
2026-09-02 00:35:56,40.30,1,1,1,76.23,67.50,8,13.10,0,0.00,0
2026-09-02 00:36:09,41.10,1,1,1,75.73,67.70,8,14.50,0,0.00,0
2026-09-02 00:36:22,41.98,1,1,1,75.73,65.25,8,18.70,0,0.00,0
2026-09-02 00:36:36,42.05,2,0,1,73.94,63.95,8,20.15,1,0.00,0
2026-09-02 00:36:49,45.22,2,0,1,73.94,73.05,8,17.40,1,0.00,0
2026-09-02 00:37:02,43.38,2,0,1,73.94,65.50,8,21.25,1,0.00,0
2026-09-02 00:37:14,44.40,2,0,1,74.06,67.55,8,21.25,1,0.00,0
2026-09-02 00:37:27,45.00,2,0,1,74.06,72.45,8,17.55,1,0.00,0
2026-09-02 00:37:40,47.55,2,0,1,71.86,72.55,8,22.55,2,0.00,0
2026-09-02 00:37:53,42.55,2,0,1,71.86,64.60,8,20.50,2,0.00,0
2026-09-02 00:38:07,38.23,2,1,0,71.86,73.25,8,26.30,2,15.15,0
2026-09-02 00:38:21,38.45,2,1,0,70.82,64.40,8,32.20,2,18.75,0
2026-09-02 00:38:35,38.38,2,1,0,70.82,69.90,8,31.85,2,13.40,0
2026-09-02 00:38:51,37.78,2,1,0,68.30,72.70,8,30.20,2,10.45,0
2026-09-02 00:39:05,39.48,3,0,0,68.30,72.75,8,32.40,2,13.30,1
2026-09-02 00:39:19,39.03,3,0,0,68.31,68.65,8,28.15,2,20.30,1
2026-09-02 00:39:33,39.22,3,0,0,68.31,66.35,8,24.85,2,26.45,1
2026-09-02 00:39:49,40.62,3,0,0,68.82,72.45,8,27.95,2,21.45,1
2026-09-02 00:40:03,40.93,3,0,0,68.82,72.80,8,32.55,2,17.45,1
2026-09-02 00:40:17,37.23,3,0,0,70.98,64.15,8,28.05,2,19.50,2
2026-09-02 00:40:31,39.00,3,0,0,70.98,67.85,8,29.20,2,19.95,2
2026-09-02 00:40:45,41.35,3,0,0,71.70,73.40,8,23.95,2,26.70,2
2026-09-02 00:40:59,45.60,3,0,0,71.70,72.60,8,32.15,2,32.05,2
2026-09-02 00:41:14,38.10,3,0,0,71.70,63.40,8,23.50,2,27.40,2
2026-09-02 00:41:28,41.38,3,0,0,68.77,66.85,8,32.05,2,25.25,2
2026-09-02 00:41:42,41.20,3,0,0,68.77,73.15,8,24.00,2,26.45,3
2026-09-02 00:41:56,46.25,3,0,0,67.84,73.30,8,32.75,2,32.70,3
2026-09-02 00:42:10,43.07,3,0,0,67.84,68.40,8,23.95,2,36.85,3
2026-09-02 00:42:24,43.32,3,0,0,70.93,64.45,8,32.45,2,33.05,3
2026-09-02 00:42:38,42.62,3,0,0,70.93,72.30,8,24.45,2,31.10,3
2026-09-02 00:42:53,44.37,3,0,0,71.44,68.40,8,34.20,3,30.50,3
2026-09-02 00:43:07,46.70,3,0,0,71.44,73.25,8,32.05,3,34.80,3
2026-09-02 00:43:21,42.35,3,0,0,68.36,64.85,8,30.90,3,31.30,3
2026-09-02 00:43:35,48.00,3,0,0,68.36,70.55,8,35.00,3,38.45,3
2026-09-02 00:43:49,46.07,3,0,0,68.36,68.45,8,30.90,3,38.85,3
2026-09-02 00:44:04,46.92,3,0,0,67.50,68.55,8,38.40,3,33.80,4
2026-09-02 00:44:18,46.05,3,0,0,67.50,64.45,8,39.60,3,34.10,4
2026-09-02 00:44:33,45.82,3,0,0,58.91,70.55,8,30.85,3,36.05,4
2026-09-02 00:44:47,47.02,3,0,0,58.91,68.55,8,30.85,3,41.65,4
2026-09-02 00:45:02,49.13,3,0,0,56.96,68.65,8,32.70,3,46.05,4
2026-09-02 00:45:19,47.80,3,0,0,56.96,66.60,8,35.00,3,41.80,4
2026-09-02 00:45:33,47.93,3,0,0,56.24,68.40,8,37.45,4,37.95,4
2026-09-02 00:45:48,52.15,3,0,0,56.24,65.35,8,45.25,4,45.85,4
2026-09-02 00:46:02,53.10,3,0,0,55.89,67.20,8,45.95,4,46.15,4
2026-09-02 00:46:16,50.47,3,0,0,58.68,70.35,8,40.10,4,40.95,4
2026-09-02 00:46:31,52.07,3,0,0,60.36,68.45,8,46.10,4,41.65,4
2026-09-02 00:46:45,47.70,3,0,0,63.21,65.95,8,37.25,4,39.90,5
2026-09-02 00:47:00,54.18,3,0,0,63.38,72.85,8,43.60,4,46.10,5
2026-09-02 00:47:15,54.27,3,0,0,59.78,70.45,8,45.60,4,46.75,5
2026-09-02 00:47:29,52.45,3,0,0,59.78,68.40,8,43.65,4,45.30,5
2026-09-02 00:47:43,49.23,3,0,0,55.08,64.60,8,37.15,4,45.95,5
2026-09-02 00:47:58,56.00,3,0,0,55.08,72.75,8,42.70,5,52.55,5
2026-09-02 00:48:13,55.92,3,0,0,58.24,72.30,8,43.15,5,52.30,5
2026-09-02 00:48:27,55.03,3,0,0,58.24,68.50,8,48.30,5,48.30,5
2026-09-02 00:48:41,55.52,3,0,0,60.58,65.70,8,52.60,5,48.25,5
2026-09-02 00:48:55,56.62,3,0,0,60.58,72.90,8,52.75,5,44.20,5
2026-09-02 00:49:10,53.95,3,0,0,60.48,73.20,8,44.20,5,44.45,6
2026-09-02 00:49:25,52.95,3,0,0,60.48,68.50,8,44.05,5,46.30,6
2026-09-02 00:49:39,55.72,3,0,0,59.67,66.25,8,47.45,5,53.45,6
2026-09-02 00:49:54,60.30,3,0,0,59.15,71.55,8,49.65,5,59.70,6
2026-09-02 00:50:09,58.62,3,0,0,59.93,68.90,8,50.65,5,56.30,6
2026-09-02 00:50:26,56.63,3,0,0,59.60,64.50,8,48.30,5,57.10,6
2026-09-02 00:50:40,59.37,3,0,0,60.03,72.50,8,50.70,6,54.90,6
2026-09-02 00:50:55,57.82,3,0,0,63.27,64.40,8,58.15,6,50.90,6
2026-09-02 00:51:10,58.43,3,0,0,62.15,64.85,8,59.25,6,51.20,6
2026-09-02 00:51:24,59.25,3,0,0,64.41,66.85,8,51.20,6,59.70,6
2026-09-02 00:51:38,57.38,3,0,0,64.41,68.40,8,52.45,6,51.30,6
2026-09-02 00:51:52,58.77,3,0,0,64.38,64.45,8,58.45,6,53.40,7
2026-09-02 00:52:07,60.60,3,0,0,64.38,67.35,8,54.95,6,59.50,7
2026-09-02 00:52:21,60.87,3,0,0,65.02,67.15,8,55.05,6,60.40,7
2026-09-02 00:52:35,61.90,3,0,0,65.02,68.40,8,59.70,6,57.60,7
2026-09-02 00:52:50,57.63,3,0,0,66.56,64.45,8,50.95,6,57.50,7
2026-09-02 00:53:05,63.00,3,0,0,66.56,72.60,8,56.85,7,59.55,7
2026-09-02 00:53:19,60.92,3,0,0,66.95,70.55,8,54.70,7,57.50,7
2026-09-02 00:53:34,65.10,3,0,0,66.95,68.45,8,65.90,7,60.95,7
2026-09-02 00:53:48,64.17,3,0,0,65.40,65.60,8,65.95,7,60.95,7
2026-09-02 00:54:02,66.60,3,0,0,66.69,73.05,8,64.10,7,62.65,7
2026-09-02 00:54:17,67.15,3,0,0,67.48,73.65,8,66.50,7,61.30,8
2026-09-02 00:54:32,65.48,3,0,0,67.54,68.50,8,66.35,7,61.60,8
2026-09-02 00:54:46,62.32,3,0,0,67.54,67.30,8,57.40,7,62.25,8
2026-09-02 00:55:00,66.40,3,0,0,68.27,73.25,8,57.75,7,68.20,8
2026-09-02 00:55:15,66.50,3,0,0,68.27,68.90,8,57.95,7,72.65,8
2026-09-02 00:55:32,64.42,3,0,0,68.44,64.50,8,60.85,7,67.90,8
2026-09-02 00:55:47,70.55,3,0,0,68.44,73.10,8,65.65,8,72.90,8
2026-09-02 00:56:01,65.53,3,0,0,68.21,64.40,8,63.95,8,68.25,8
2026-09-02 00:56:16,65.77,3,0,0,68.21,64.60,8,64.40,8,68.30,8
2026-09-02 00:56:30,70.52,3,0,0,70.22,66.45,8,72.90,8,72.20,8
2026-09-02 00:56:45,71.20,3,0,0,70.22,68.40,8,72.55,8,72.65,8
2026-09-02 00:56:59,67.43,3,0,0,71.13,70.60,9,68.35,8,63.35,8
2026-09-02 00:57:14,69.25,3,0,0,71.13,77.70,9,64.50,8,65.55,8
2026-09-02 00:57:28,66.92,3,0,0,71.00,72.15,9,63.95,8,64.65,8
2026-09-02 00:57:43,70.50,3,0,0,71.00,70.50,9,68.45,8,72.55,8
2026-09-02 00:57:57,70.58,3,0,0,70.58,75.05,9,68.40,8,68.30,8
2026-09-02 00:58:12,69.07,3,0,0,70.23,75.20,9,65.65,8,66.35,9
2026-09-02 00:58:28,72.73,3,0,0,73.30,75.00,9,66.35,8,76.85,9
2026-09-02 00:58:43,70.72,3,0,0,73.55,71.35,9,68.35,8,72.45,9
2026-09-02 00:58:58,69.73,3,0,0,73.05,71.60,9,66.50,8,71.10,9
2026-09-02 00:59:13,70.28,3,0,0,72.21,71.30,9,68.45,8,71.10,9
2026-09-02 00:59:28,71.68,3,0,0,71.84,71.00,9,69.05,9,75.00,9
2026-09-02 00:59:44,74.68,3,0,0,74.11,78.65,9,75.25,9,70.15,9
2026-09-02 00:59:59,73.83,3,0,0,74.06,70.80,9,77.80,9,72.90,9
2026-09-02 01:00:14,74.40,3,0,0,74.80,72.90,9,77.25,9,73.05,9
2026-09-02 01:00:29,72.90,3,0,0,74.80,72.30,9,71.20,9,75.20,9
2026-09-02 01:00:44,73.48,3,0,0,74.60,79.30,9,70.20,9,70.95,9
2026-09-02 01:00:58,73.73,3,0,0,74.60,70.95,9,73.35,9,76.90,9
2026-09-02 01:01:13,73.65,3,0,0,70.93,73.40,9,72.40,8,75.15,9
2026-09-02 01:01:28,74.97,3,0,0,70.93,72.45,9,72.85,8,79.60,9
2026-09-02 01:01:42,74.32,3,0,0,70.39,79.35,9,68.45,8,75.15,9
2026-09-02 01:01:57,71.27,3,0,0,70.39,71.00,9,69.90,8,72.90,9
2026-09-02 01:02:12,75.08,3,0,0,70.49,77.10,9,68.50,8,79.65,9
2026-09-02 01:02:27,71.07,3,0,0,70.49,76.40,9,64.10,8,72.70,8
2026-09-02 01:02:42,71.50,3,0,0,66.98,79.70,9,66.55,8,68.25,8
2026-09-02 01:02:57,68.33,3,0,0,66.98,71.50,9,68.50,8,65.00,8
2026-09-02 01:03:13,73.80,3,0,0,65.68,79.05,9,69.35,8,73.00,8
2026-09-02 01:03:28,75.00,3,0,0,65.68,79.45,9,72.90,8,72.65,8
2026-09-02 01:03:43,66.72,3,0,0,63.42,68.40,8,68.40,8,63.35,8
2026-09-02 01:03:57,67.62,3,0,0,63.42,66.10,8,67.20,8,69.55,8
2026-09-02 01:04:12,69.80,3,0,0,63.52,72.80,8,68.40,8,68.20,8
2026-09-02 01:04:27,68.48,3,0,0,63.46,73.10,8,63.95,8,68.40,8
2026-09-02 01:04:42,63.62,3,0,0,64.39,68.50,8,58.10,8,64.25,8
2026-09-02 01:04:56,68.70,3,0,0,62.88,69.95,8,66.05,7,70.10,8
2026-09-02 01:05:10,64.83,3,0,0,62.90,68.50,8,57.75,7,68.25,8
2026-09-02 01:05:25,66.55,3,0,0,62.88,68.55,8,62.80,7,68.30,8
2026-09-02 01:05:39,65.30,3,0,0,62.88,64.30,8,63.20,7,68.40,8
2026-09-02 01:05:54,63.18,3,0,0,62.66,69.90,8,61.80,7,57.85,7
2026-09-02 01:06:08,65.13,3,0,0,62.66,68.50,8,61.00,7,65.90,7
2026-09-02 01:06:23,62.50,3,0,0,61.67,64.05,8,61.75,7,61.70,7
2026-09-02 01:06:38,61.05,3,0,0,61.67,64.85,8,61.80,7,56.50,7
2026-09-02 01:06:53,65.48,3,0,0,60.75,72.85,8,60.80,7,62.80,7
2026-09-02 01:07:08,60.35,3,0,0,60.75,64.45,8,55.00,6,61.60,7
2026-09-02 01:07:23,59.43,3,0,0,57.85,67.20,8,53.35,6,57.75,7
2026-09-02 01:07:37,60.83,3,0,0,57.85,68.60,8,56.25,6,57.65,7
2026-09-02 01:07:52,61.37,3,0,0,56.36,68.40,8,49.95,6,65.75,7
2026-09-02 01:08:07,60.95,3,0,0,56.36,66.35,8,58.90,6,57.60,7
2026-09-02 01:08:22,60.00,3,0,0,54.78,72.80,8,51.00,6,56.20,6
2026-09-02 01:08:37,60.37,3,0,0,54.31,72.75,8,51.25,6,57.10,6
2026-09-02 01:08:52,57.13,3,0,0,54.33,64.30,8,56.25,6,50.85,6
2026-09-02 01:09:06,59.67,3,0,0,51.83,72.30,8,51.95,6,54.75,6
2026-09-02 01:09:21,57.33,3,0,0,51.69,68.55,8,48.45,6,55.00,6
2026-09-02 01:09:36,57.27,3,0,0,48.00,68.45,8,48.40,5,54.95,6
2026-09-02 01:09:51,56.08,3,0,0,47.68,65.40,8,49.75,5,53.10,6
2026-09-02 01:10:05,60.22,3,0,0,46.77,72.70,8,48.45,5,59.50,6
2026-09-02 01:10:21,56.55,3,0,0,46.39,64.40,8,52.45,5,52.80,6
2026-09-02 01:10:36,52.27,3,0,0,45.50,63.50,8,48.50,5,44.80,6
2026-09-02 01:10:50,55.63,3,0,0,45.50,67.90,8,46.30,5,52.70,5
2026-09-02 01:11:04,53.68,3,0,0,44.65,68.40,8,48.40,5,44.25,5
2026-09-02 01:11:19,54.83,3,0,0,44.65,65.30,8,47.00,5,52.20,5
2026-09-02 01:11:34,57.00,3,0,0,43.35,64.70,8,53.30,5,53.00,5
2026-09-02 01:11:48,52.13,3,0,0,43.35,70.25,8,41.85,5,44.30,5
2026-09-02 01:12:02,53.25,3,0,0,41.64,68.45,8,41.25,4,50.05,5
2026-09-02 01:12:17,48.80,3,0,0,41.64,65.95,8,37.10,4,43.35,5
2026-09-02 01:12:31,53.42,3,0,0,39.61,69.70,8,45.85,4,44.70,5
2026-09-02 01:12:46,55.65,3,0,0,39.61,72.75,8,41.70,4,52.50,5
2026-09-02 01:13:01,48.22,3,0,0,40.10,64.00,8,43.75,4,36.90,4
2026-09-02 01:13:15,49.85,3,0,0,39.18,70.50,8,37.60,4,41.45,4
2026-09-02 01:13:29,55.30,3,0,0,39.68,73.20,8,46.10,4,46.60,4
2026-09-02 01:13:45,51.07,3,0,0,37.76,73.30,8,41.80,4,38.10,4
2026-09-02 01:14:00,52.48,3,0,0,37.05,65.35,8,45.70,4,46.40,4
2026-09-02 01:14:15,47.12,3,0,0,35.79,72.95,8,30.65,3,37.75,4
2026-09-02 01:14:29,51.10,3,0,0,35.79,68.60,8,39.35,3,45.35,4
2026-09-02 01:14:43,48.43,3,0,0,32.97,68.45,8,35.15,3,41.70,4
2026-09-02 01:14:57,47.63,3,0,0,32.97,66.80,8,36.85,3,39.25,4
2026-09-02 01:15:12,51.55,3,0,0,33.08,73.05,8,35.20,3,46.40,4
2026-09-02 01:15:26,44.65,3,0,0,33.08,64.45,8,38.60,3,30.90,3
2026-09-02 01:15:41,45.52,3,0,0,32.90,68.55,8,35.00,3,33.00,3
2026-09-02 01:15:55,45.37,3,0,0,32.90,66.50,8,34.75,3,34.85,3
2026-09-02 01:16:10,45.70,3,0,0,32.22,73.20,8,30.15,3,33.75,3
2026-09-02 01:16:24,43.95,3,0,0,32.22,64.65,8,32.35,3,34.85,3
2026-09-02 01:16:39,39.70,3,0,0,31.55,64.60,8,23.20,2,31.30,3
2026-09-02 01:16:53,47.00,3,0,0,31.91,69.65,8,32.00,2,39.35,3
2026-09-02 01:17:08,41.33,3,0,0,32.24,68.50,8,24.20,2,31.30,3
2026-09-02 01:17:22,44.25,3,0,0,31.31,65.15,8,28.05,2,39.55,3
2026-09-02 01:17:36,38.92,3,0,0,31.31,67.25,8,25.20,2,24.30,3
2026-09-02 01:17:51,41.60,3,0,0,31.82,69.65,8,28.05,2,27.10,2
2026-09-02 01:18:05,41.28,3,0,0,31.82,68.45,8,27.15,2,28.25,2
2026-09-02 01:18:19,37.93,3,0,0,31.29,65.05,8,22.95,2,25.80,2
2026-09-02 01:18:33,44.28,3,0,0,31.29,72.40,8,32.10,2,28.35,2
2026-09-02 01:18:49,37.30,3,0,0,31.65,70.10,8,24.00,2,17.80,1
2026-09-02 01:19:03,41.00,3,0,0,31.65,63.65,8,32.90,2,26.45,1
2026-09-02 01:19:17,37.10,3,0,0,31.42,67.00,8,25.60,2,18.70,1
2026-09-02 01:19:32,41.02,3,0,0,31.42,73.30,8,28.10,2,21.65,1
2026-09-02 01:19:46,39.13,3,0,0,31.35,72.60,8,25.10,2,19.70,1
2026-09-02 01:20:02,29.27,2,1,0,31.35,64.15,8,23.65,2,0.00,0
2026-09-02 01:20:22,33.55,2,1,0,31.58,72.50,8,28.15,2,0.00,0
2026-09-02 01:20:35,47.15,2,0,1,41.37,70.70,8,23.60,2,0.00,0
2026-09-02 01:20:48,46.35,2,0,1,40.58,66.85,8,25.85,2,0.00,0
2026-09-02 01:21:01,50.60,2,0,1,40.58,73.10,8,28.10,2,0.00,0
2026-09-02 01:21:14,41.58,2,0,1,40.58,64.40,8,18.75,1,0.00,0
2026-09-02 01:21:26,46.85,2,0,1,39.52,67.45,8,26.25,1,0.00,0
2026-09-02 01:21:39,44.00,2,0,1,39.52,70.30,8,17.70,1,0.00,0
2026-09-02 01:21:52,46.85,2,0,1,39.37,67.90,8,25.80,1,0.00,0
2026-09-02 01:22:05,45.35,2,0,1,39.37,73.25,8,17.45,1,0.00,0
2026-09-02 01:22:18,41.98,1,1,1,38.35,64.60,8,19.35,0,0.00,0
2026-09-02 01:22:35,33.75,1,1,1,38.35,67.50,8,0.00,0,0.00,0
2026-09-02 01:22:47,73.00,1,0,2,65.94,73.00,8,0.00,0,0.00,0
2026-09-02 01:22:59,68.50,1,0,2,67.72,68.50,8,0.00,0,0.00,0
2026-09-02 01:23:11,65.90,1,0,2,67.72,65.90,8,0.00,0,0.00,0
2026-09-02 01:23:22,63.70,1,0,2,58.51,63.70,8,0.00,0,0.00,0
2026-09-02 01:23:35,66.55,1,0,2,58.51,66.55,7,0.00,0,0.00,0
2026-09-02 01:23:47,65.40,1,0,2,58.51,65.40,7,0.00,0,0.00,0
2026-09-02 01:24:00,65.90,1,0,2,52.43,65.90,7,0.00,0,0.00,0
2026-09-02 01:24:13,66.00,1,0,2,52.43,66.00,7,0.00,0,0.00,0
2026-09-02 01:24:25,65.70,1,0,2,49.47,65.70,7,0.00,0,0.00,0
2026-09-02 01:24:40,59.65,1,0,2,49.47,59.65,6,0.00,0,0.00,0
2026-09-02 01:24:52,52.75,1,0,2,49.47,52.75,6,0.00,0,0.00,0
2026-09-02 01:25:04,51.50,1,0,2,43.07,51.50,6,0.00,0,0.00,0
2026-09-02 01:25:16,51.45,1,0,2,43.07,51.45,6,0.00,0,0.00,0
2026-09-02 01:25:28,51.15,1,0,2,34.70,51.15,6,0.00,0,0.00,0
2026-09-02 01:25:40,50.75,1,0,2,34.70,50.75,6,0.00,0,0.00,0
2026-09-02 01:25:52,53.00,1,0,2,34.70,53.00,5,0.00,0,0.00,0
2026-09-02 01:26:04,52.65,1,0,2,30.23,52.65,5,0.00,0,0.00,0
2026-09-02 01:26:16,52.65,1,0,2,30.23,52.65,5,0.00,0,0.00,0
2026-09-02 01:26:28,52.50,1,0,2,26.51,52.50,5,0.00,0,0.00,0
2026-09-02 01:26:40,50.60,1,0,2,26.51,50.60,5,0.00,0,0.00,0
2026-09-02 01:26:52,45.40,1,0,2,26.51,45.40,5,0.00,0,0.00,0
2026-09-02 01:27:04,37.60,1,0,2,26.09,37.60,4,0.00,0,0.00,0
2026-09-02 01:27:15,37.55,1,0,2,26.09,37.55,4,0.00,0,0.00,0
2026-09-02 01:27:27,37.60,1,0,2,26.09,37.60,4,0.00,0,0.00,0
2026-09-02 01:27:39,37.65,1,0,2,22.65,37.65,4,0.00,0,0.00,0
2026-09-02 01:27:51,41.55,1,0,2,22.65,41.55,4,0.00,0,0.00,0
2026-09-02 01:28:05,37.00,1,0,2,22.29,37.00,4,0.00,0,0.00,0
2026-09-02 01:28:17,30.30,1,0,2,22.29,30.30,3,0.00,0,0.00,0
2026-09-02 01:28:29,29.75,1,0,2,22.29,29.75,3,0.00,0,0.00,0
2026-09-02 01:28:41,34.95,1,0,2,16.50,34.95,3,0.00,0,0.00,0
2026-09-02 01:28:53,39.70,1,0,2,16.50,39.70,3,0.00,0,0.00,0
2026-09-02 01:29:05,39.65,1,0,2,16.76,39.65,3,0.00,0,0.00,0
2026-09-02 01:29:17,34.85,1,0,2,16.76,34.85,3,0.00,0,0.00,0
2026-09-02 01:29:29,33.10,1,0,2,16.76,33.10,2,0.00,0,0.00,0
2026-09-02 01:29:41,28.45,1,0,2,17.47,28.45,2,0.00,0,0.00,0
2026-09-02 01:29:53,33.30,1,0,2,17.47,33.30,2,0.00,0,0.00,0
2026-09-02 01:30:05,28.40,1,0,2,17.47,28.40,2,0.00,0,0.00,0
2026-09-02 01:30:16,24.30,1,0,2,15.36,24.30,2,0.00,0,0.00,0
2026-09-02 01:30:28,29.80,1,0,2,15.36,29.80,2,0.00,0,0.00,0
2026-09-02 01:30:40,26.50,1,0,2,21.00,26.50,1,0.00,0,0.00,0
2026-09-02 01:30:52,17.05,1,0,2,21.00,17.05,1,0.00,0,0.00,0
2026-09-02 01:31:04,20.80,1,0,2,21.00,20.80,1,0.00,0,0.00,0
2026-09-02 01:31:16,26.25,1,0,2,21.88,26.25,1,0.00,0,0.00,0
2026-09-02 01:31:27,17.65,1,0,2,21.88,17.65,1,0.00,0,0.00,0
2026-09-02 01:31:39,14.95,1,0,2,23.24,14.95,1,0.00,0,0.00,0
2026-09-02 01:31:51,19.80,0,1,2,23.24,19.80,0,0.00,0,0.00,0
2026-09-02 01:32:02,12.30,0,1,2,23.24,12.30,0,0.00,0,0.00,0
2026-09-02 01:32:14,19.75,0,1,2,26.65,19.75,0,0.00,0,0.00,0
2026-09-02 01:32:25,12.00,0,1,2,26.65,12.00,0,0.00,0,0.00,0
2026-09-02 01:32:37,14.95,0,1,2,26.65,14.95,0,0.00,0,0.00,0
2026-09-02 01:32:49,10.45,0,1,2,27.67,10.45,0,0.00,0,0.00,0
2026-09-02 01:33:01,12.00,0,1,2,27.67,12.00,0,0.00,0,0.00,0
2026-09-02 01:33:12,14.50,0,1,2,33.14,14.50,0,0.00,0,0.00,0
2026-09-02 01:33:25,19.80,0,1,2,33.14,19.80,0,0.00,0,0.00,0
2026-09-02 01:33:37,21.85,1,0,2,33.14,21.85,1,0.00,0,0.00,0
2026-09-02 01:33:50,16.40,1,0,2,35.39,16.40,1,0.00,0,0.00,0
2026-09-02 01:34:01,26.55,1,0,2,35.39,26.55,1,0.00,0,0.00,0
2026-09-02 01:34:14,20.30,1,0,2,38.70,20.30,1,0.00,0,0.00,0
2026-09-02 01:34:26,17.75,1,0,2,38.70,17.75,1,0.00,0,0.00,0
2026-09-02 01:34:38,17.75,1,0,2,38.70,17.75,1,0.00,0,0.00,0
2026-09-02 01:34:50,24.00,1,0,2,41.81,24.00,2,0.00,0,0.00,0
2026-09-02 01:35:02,30.30,1,0,2,41.81,30.30,2,0.00,0,0.00,0
2026-09-02 01:35:13,26.60,1,0,2,41.81,26.60,2,0.00,0,0.00,0
2026-09-02 01:35:25,24.50,1,0,2,42.87,24.50,2,0.00,0,0.00,0
2026-09-02 01:35:37,28.65,1,0,2,42.87,28.65,2,0.00,0,0.00,0
2026-09-02 01:35:49,30.65,1,0,2,47.25,30.65,2,0.00,0,0.00,0
2026-09-02 01:36:00,26.45,1,0,2,47.25,26.45,3,0.00,0,0.00,0
2026-09-02 01:36:12,26.70,1,0,2,47.25,26.70,3,0.00,0,0.00,0
2026-09-02 01:36:24,38.85,1,0,2,49.29,38.85,3,0.00,0,0.00,0
2026-09-02 01:36:35,37.65,1,0,2,49.29,37.65,3,0.00,0,0.00,0
2026-09-02 01:36:47,32.15,1,0,2,49.29,32.15,3,0.00,0,0.00,0
2026-09-02 01:36:59,40.60,1,0,2,52.48,40.60,3,0.00,0,0.00,0
2026-09-02 01:37:12,38.00,1,0,2,52.48,38.00,3,0.00,0,0.00,0
2026-09-02 01:37:25,35.40,1,0,2,54.93,35.40,4,0.00,0,0.00,0
2026-09-02 01:37:38,36.20,1,0,2,53.38,36.20,4,0.00,0,0.00,0
2026-09-02 01:37:51,42.25,1,0,2,54.93,42.25,4,0.00,0,0.00,0
2026-09-02 01:38:02,41.65,1,0,2,55.52,41.65,4,0.00,0,0.00,0
2026-09-02 01:38:14,38.35,1,0,2,55.52,38.35,4,0.00,0,0.00,0
2026-09-02 01:38:26,42.30,1,0,2,60.35,42.30,4,0.00,0,0.00,0
2026-09-02 01:38:38,44.70,1,0,2,60.35,44.70,5,0.00,0,0.00,0
2026-09-02 01:38:50,42.55,1,0,2,60.35,42.55,5,0.00,0,0.00,0
2026-09-02 01:39:01,52.35,1,0,2,63.48,52.35,5,0.00,0,0.00,0
2026-09-02 01:39:13,46.95,1,0,2,63.48,46.95,5,0.00,0,0.00,0
2026-09-02 01:39:25,44.70,1,0,2,64.72,44.70,5,0.00,0,0.00,0
2026-09-02 01:39:37,53.65,1,0,2,64.72,53.65,5,0.00,0,0.00,0
2026-09-02 01:39:49,47.15,1,0,2,64.72,47.15,5,0.00,0,0.00,0
2026-09-02 01:40:01,51.05,1,0,2,68.52,51.05,6,0.00,0,0.00,0
2026-09-02 01:40:13,50.95,1,0,2,68.52,50.95,6,0.00,0,0.00,0
2026-09-02 01:40:25,50.60,1,0,2,68.52,50.60,6,0.00,0,0.00,0
2026-09-02 01:40:36,55.50,1,0,2,69.94,55.50,6,0.00,0,0.00,0
2026-09-02 01:40:48,59.45,1,0,2,69.94,59.45,6,0.00,0,0.00,0
2026-09-02 01:41:00,51.65,1,0,2,71.67,51.65,6,0.00,0,0.00,0
2026-09-02 01:41:11,60.20,1,0,2,71.67,60.20,7,0.00,0,0.00,0
2026-09-02 01:41:23,53.80,1,0,2,71.67,53.80,7,0.00,0,0.00,0
2026-09-02 01:41:35,59.85,1,0,2,75.10,59.85,7,0.00,0,0.00,0
2026-09-02 01:41:47,65.45,1,0,2,75.10,65.45,7,0.00,0,0.00,0
2026-09-02 01:41:58,59.35,1,0,2,75.10,59.35,7,0.00,0,0.00,0
2026-09-02 01:42:10,67.00,1,0,2,76.02,67.00,7,0.00,0,0.00,0
2026-09-02 01:42:23,60.05,1,0,2,76.02,60.05,8,0.00,0,0.00,0
2026-09-02 01:42:35,38.30,1,1,1,78.20,64.20,8,12.40,0,0.00,0
2026-09-02 01:42:48,41.85,1,1,1,78.20,69.10,8,14.60,0,0.00,0
2026-09-02 01:43:01,42.70,1,1,1,78.20,66.85,8,18.55,0,0.00,0
2026-09-02 01:43:14,39.40,1,1,1,77.35,68.30,8,10.50,0,0.00,0
2026-09-02 01:43:27,43.30,1,1,1,77.35,72.10,8,14.50,0,0.00,0
2026-09-02 01:43:41,40.60,2,0,1,75.49,67.60,8,13.60,1,0.00,0
2026-09-02 01:43:55,40.02,2,0,1,75.49,65.00,8,15.05,1,0.00,0
2026-09-02 01:44:08,44.95,2,0,1,74.55,68.85,8,21.05,1,0.00,0
2026-09-02 01:44:21,49.25,2,0,1,74.55,73.05,8,25.45,1,0.00,0
2026-09-02 01:44:34,46.95,2,0,1,74.55,68.70,8,25.20,1,0.00,0
2026-09-02 01:44:47,45.02,2,0,1,72.66,68.90,8,21.15,1,0.00,0
2026-09-02 01:45:00,48.45,2,0,1,72.66,73.65,8,23.25,2,0.00,0
2026-09-02 01:45:15,36.68,2,1,0,71.50,66.60,8,29.05,2,14.40,0
2026-09-02 01:45:29,37.63,2,1,0,71.50,72.65,8,23.70,2,16.55,0
2026-09-02 01:45:42,34.32,2,1,0,71.96,68.75,8,23.75,2,10.45,0
2026-09-02 01:45:56,35.72,2,1,0,71.96,64.85,8,27.85,2,14.45,0
2026-09-02 01:46:11,38.52,3,0,0,69.52,66.15,8,32.70,2,16.70,1
2026-09-02 01:46:25,36.93,3,0,0,69.52,67.40,8,27.85,2,15.55,1
2026-09-02 01:46:39,38.12,3,0,0,68.27,73.55,8,23.90,2,16.90,1
2026-09-02 01:46:53,37.05,3,0,0,68.27,64.75,8,30.00,2,16.40,1
2026-09-02 01:47:07,40.60,3,0,0,68.27,67.90,8,32.65,2,21.25,1
2026-09-02 01:47:21,38.62,3,0,0,71.65,66.45,8,32.10,2,17.30,1
2026-09-02 01:47:35,40.28,3,0,0,71.65,73.25,8,27.90,2,19.70,2
2026-09-02 01:47:49,39.30,3,0,0,71.61,63.95,8,28.10,2,25.85,2
2026-09-02 01:48:03,42.55,3,0,0,71.61,67.25,8,27.90,2,32.50,2
2026-09-02 01:48:17,41.27,3,0,0,68.86,66.25,8,28.05,2,29.50,2
2026-09-02 01:48:30,43.22,3,0,0,68.86,70.85,8,32.50,2,26.30,2
2026-09-02 01:48:44,39.07,3,0,0,69.54,68.70,8,23.95,2,24.55,3
2026-09-02 01:48:58,42.43,3,0,0,69.54,64.75,8,32.05,2,30.50,3
2026-09-02 01:49:11,42.08,3,0,0,69.54,65.40,8,23.85,2,37.00,3
2026-09-02 01:49:26,42.82,3,0,0,71.03,65.10,8,30.35,2,33.00,3
2026-09-02 01:49:39,44.13,3,0,0,71.03,73.10,8,28.00,2,31.30,3
2026-09-02 01:49:57,43.40,3,0,0,70.99,64.85,8,32.65,2,32.70,3
2026-09-02 01:50:11,46.13,3,0,0,70.99,72.70,8,35.10,3,30.60,3
2026-09-02 01:50:26,48.92,3,0,0,68.43,71.80,8,38.25,3,36.70,3
2026-09-02 01:50:40,43.22,3,0,0,68.43,63.80,8,31.20,3,34.65,3
2026-09-02 01:50:54,41.82,3,0,0,67.49,65.25,8,30.65,3,29.55,3
2026-09-02 01:51:08,46.83,3,0,0,67.49,73.10,8,32.60,3,34.80,3
2026-09-02 01:51:28,46.38,3,0,0,71.01,73.50,8,30.40,3,35.25,4
2026-09-02 01:51:52,24.50,3,0,0,71.66,0.00,8,32.10,3,41.40,4
2026-09-02 01:52:07,48.52,3,0,0,61.50,68.80,8,30.75,3,46.00,4
2026-09-02 01:52:21,51.07,3,0,0,61.50,68.80,8,39.05,3,45.35,4
2026-09-02 01:52:36,45.58,3,0,0,58.22,65.05,8,34.80,3,36.90,4
2026-09-02 01:52:50,52.27,3,0,0,58.22,73.10,8,42.10,4,41.60,4
2026-09-02 01:53:10,48.72,3,0,0,59.16,66.70,8,41.75,4,37.70,4
2026-09-02 01:53:26,51.52,3,0,0,60.80,70.50,8,46.55,4,37.50,4
2026-09-02 01:53:40,53.02,3,0,0,64.03,68.90,8,44.60,4,45.55,4
2026-09-02 01:53:54,48.52,3,0,0,64.03,67.15,8,41.70,4,36.70,5
2026-09-02 01:54:20,36.30,3,0,0,65.09,64.75,8,0.00,4,44.15,5
2026-09-02 01:54:36,51.33,3,0,0,64.22,68.70,8,41.15,4,44.15,5
2026-09-02 01:55:01,52.92,3,0,0,61.80,72.65,8,41.70,4,44.40,5
2026-09-02 01:55:20,54.05,3,0,0,62.37,68.95,8,40.50,5,52.70,5
2026-09-02 01:55:36,50.77,3,0,0,61.47,65.40,8,42.80,5,44.10,5
2026-09-02 01:55:50,55.42,3,0,0,61.48,68.70,8,53.10,5,44.45,5
2026-09-02 01:56:05,56.10,3,0,0,61.27,65.90,8,52.75,5,49.65,5
2026-09-02 01:56:21,53.47,3,0,0,61.26,68.25,8,43.95,5,48.20,5
2026-09-02 01:56:35,55.98,3,0,0,62.84,73.05,8,44.50,5,50.40,6
2026-09-02 01:56:50,54.30,3,0,0,62.84,64.55,8,45.90,5,52.45,6
2026-09-02 01:57:04,60.12,3,0,0,61.87,70.70,8,50.30,5,59.35,6
2026-09-02 01:57:18,58.98,3,0,0,61.87,73.10,8,47.30,5,56.55,6
2026-09-02 01:57:32,57.55,3,0,0,61.17,73.40,8,48.45,5,50.80,6
2026-09-02 01:57:47,56.20,3,0,0,59.61,64.50,8,48.50,6,55.60,6
2026-09-02 01:58:01,60.03,3,0,0,62.86,70.10,8,55.25,6,54.75,6
2026-09-02 01:58:15,60.22,3,0,0,62.58,73.65,8,56.20,6,50.80,6
2026-09-02 01:58:30,60.35,3,0,0,64.22,73.40,8,52.80,6,54.85,6
2026-09-02 01:58:45,58.42,3,0,0,65.79,64.70,8,55.65,6,54.90,6
2026-09-02 01:59:02,61.53,3,0,0,66.04,73.60,8,51.65,6,59.35,7
2026-09-02 01:59:16,60.98,3,0,0,66.36,64.80,8,59.35,6,58.80,7
2026-09-02 01:59:30,60.22,3,0,0,65.42,64.45,8,55.50,6,60.70,7
2026-09-02 01:59:47,64.73,3,0,0,66.37,67.95,8,59.90,6,66.35,7
2026-09-02 02:00:03,60.80,3,0,0,65.86,65.25,8,55.50,6,61.65,7
2026-09-02 02:00:19,61.95,3,0,0,66.65,73.25,8,54.65,7,57.95,7
2026-09-02 02:00:33,61.65,3,0,0,68.31,73.05,8,54.30,7,57.60,7
2026-09-02 02:00:48,63.78,3,0,0,67.86,64.35,8,65.95,7,61.05,7
2026-09-02 02:01:02,65.25,3,0,0,69.14,70.55,8,61.50,7,63.70,7
2026-09-02 02:01:17,64.07,3,0,0,67.65,68.90,8,59.90,7,63.40,7
2026-09-02 02:01:34,67.27,3,0,0,67.75,68.80,8,66.65,7,66.35,7
2026-09-02 02:01:49,65.17,3,0,0,68.29,65.80,8,61.60,7,68.10,8
2026-09-02 02:02:03,69.55,3,0,0,68.29,73.55,8,66.95,7,68.15,8
2026-09-02 02:02:18,63.02,3,0,0,68.57,64.90,8,57.95,7,66.20,8
2026-09-02 02:02:32,63.38,3,0,0,68.57,64.45,8,57.30,7,68.40,8
2026-09-02 02:02:47,64.78,3,0,0,70.60,68.40,8,57.70,7,68.25,8
2026-09-02 02:03:01,64.45,3,0,0,70.60,68.75,8,60.35,8,64.25,8
2026-09-02 02:03:15,66.35,3,0,0,72.67,65.45,8,66.50,8,67.10,8
2026-09-02 02:03:30,66.57,3,0,0,71.86,65.00,8,68.80,8,65.90,8
2026-09-02 02:03:45,68.40,3,0,0,72.61,70.70,8,70.95,8,63.55,8
2026-09-02 02:03:59,65.97,3,0,0,69.97,68.75,8,64.85,8,64.30,8
2026-09-02 02:04:13,67.70,3,0,0,69.59,65.00,9,67.55,8,70.55,8
2026-09-02 02:04:27,72.85,3,0,0,71.41,72.05,9,73.60,8,72.90,8
2026-09-02 02:04:41,71.93,3,0,0,71.04,73.75,9,68.95,8,73.10,8
2026-09-02 02:04:56,69.58,3,0,0,71.60,71.45,9,72.95,8,64.35,8
2026-09-02 02:05:10,73.77,3,0,0,71.52,75.55,9,73.15,8,72.60,8
2026-09-02 02:05:25,69.65,3,0,0,70.44,75.70,9,64.85,8,68.40,8
2026-09-02 02:05:40,74.13,3,0,0,70.44,75.45,9,71.65,8,75.30,9
2026-09-02 02:05:55,71.20,3,0,0,71.88,71.05,9,70.30,8,72.25,9
2026-09-02 02:06:09,71.10,3,0,0,71.88,71.65,9,68.95,8,72.70,9
2026-09-02 02:06:26,71.35,3,0,0,71.80,71.55,9,70.75,8,71.75,9
2026-09-02 02:06:41,70.37,3,0,0,71.80,71.00,9,64.95,8,75.15,9
2026-09-02 02:06:56,72.80,3,0,0,71.96,76.40,9,71.15,9,70.85,9
2026-09-02 02:07:11,75.70,3,0,0,71.96,75.50,9,77.45,9,74.15,9
2026-09-02 02:07:25,76.05,3,0,0,73.72,71.95,9,76.90,9,79.30,9
2026-09-02 02:07:40,72.12,3,0,0,76.12,71.45,9,73.80,9,71.10,9
2026-09-02 02:07:54,74.22,3,0,0,77.16,75.95,9,75.75,9,70.95,9
2026-09-02 02:08:08,76.78,3,0,0,75.71,80.30,9,75.50,9,74.55,9
2026-09-02 02:08:22,72.72,3,0,0,74.52,71.55,9,71.55,9,75.05,9
2026-09-02 02:08:37,73.57,3,0,0,73.70,71.25,9,69.50,8,79.95,9
2026-09-02 02:08:52,72.13,3,0,0,72.25,72.40,9,73.05,8,70.95,9
2026-09-02 02:09:06,75.02,3,0,0,73.20,79.95,9,68.85,8,76.25,9
2026-09-02 02:09:20,70.52,3,0,0,71.75,71.05,9,65.45,8,75.05,9
2026-09-02 02:09:35,70.88,3,0,0,69.81,70.55,9,73.65,8,68.45,9
2026-09-02 02:09:50,68.35,3,0,0,69.81,71.70,9,69.00,8,64.35,8
2026-09-02 02:10:04,70.22,3,0,0,67.39,74.00,9,64.40,8,72.25,8
2026-09-02 02:10:18,71.45,3,0,0,67.39,80.15,9,70.35,8,63.85,8
2026-09-02 02:10:35,68.97,3,0,0,66.22,75.60,9,64.95,8,66.35,8
2026-09-02 02:10:51,69.48,3,0,0,66.22,64.90,9,70.80,8,72.75,8
2026-09-02 02:11:05,69.22,3,0,0,64.94,70.55,8,72.80,8,64.30,8
2026-09-02 02:11:20,68.60,3,0,0,64.94,68.75,8,64.80,8,72.25,8
2026-09-02 02:11:34,70.92,3,0,0,65.25,68.85,8,70.75,8,73.15,8
2026-09-02 02:11:49,67.35,3,0,0,64.84,64.65,8,69.05,8,68.35,8
2026-09-02 02:12:03,67.78,3,0,0,63.48,70.85,8,67.05,8,65.45,8
2026-09-02 02:12:17,66.67,3,0,0,65.29,68.75,8,58.35,7,72.90,8
2026-09-02 02:12:32,64.88,3,0,0,63.49,64.80,8,66.45,7,63.40,8
2026-09-02 02:12:46,63.80,3,0,0,63.97,64.70,8,58.20,7,68.50,8
2026-09-02 02:13:00,65.43,3,0,0,63.83,70.85,8,57.75,7,67.70,8
2026-09-02 02:13:14,66.10,3,0,0,62.83,68.75,8,63.40,7,66.15,7
2026-09-02 02:13:29,61.72,3,0,0,63.40,65.00,8,62.40,7,57.75,7
2026-09-02 02:13:43,61.25,3,0,0,60.78,64.75,8,61.35,7,57.65,7
2026-09-02 02:13:57,67.40,3,0,0,60.78,72.65,8,63.95,7,65.60,7
2026-09-02 02:14:12,61.22,3,0,0,60.85,64.15,8,62.20,7,57.30,7
2026-09-02 02:14:26,60.75,3,0,0,60.85,67.40,8,51.80,6,63.05,7
2026-09-02 02:14:41,63.27,3,0,0,59.38,66.60,8,60.00,6,63.20,7
2026-09-02 02:14:55,63.45,3,0,0,60.76,72.95,8,55.70,6,61.70,7
2026-09-02 02:15:09,58.58,3,0,0,59.54,64.45,8,51.85,6,59.45,7
2026-09-02 02:15:23,64.68,3,0,0,60.27,67.60,8,60.20,6,66.25,7
2026-09-02 02:15:37,58.43,3,0,0,59.49,68.80,8,51.55,6,54.95,6
2026-09-02 02:15:51,60.68,3,0,0,55.80,70.20,8,56.95,6,54.90,6
2026-09-02 02:16:05,59.95,3,0,0,54.85,68.70,8,57.65,6,53.50,6
2026-09-02 02:16:19,57.12,3,0,0,52.77,65.30,8,51.20,6,54.85,6
2026-09-02 02:16:33,60.80,3,0,0,52.77,70.35,8,59.45,6,52.60,6
2026-09-02 02:16:47,56.30,3,0,0,50.72,68.05,8,48.50,5,52.35,6
2026-09-02 02:17:02,57.52,3,0,0,51.68,68.70,8,44.20,5,59.65,6
2026-09-02 02:17:15,55.27,3,0,0,49.54,64.80,8,49.95,5,51.05,6
2026-09-02 02:17:29,59.38,3,0,0,49.47,70.60,8,48.60,5,58.95,6
2026-09-02 02:17:43,58.28,3,0,0,48.28,67.25,8,47.80,5,59.80,6
2026-09-02 02:17:58,58.17,3,0,0,46.12,73.05,8,53.15,5,48.30,5
2026-09-02 02:18:12,53.70,3,0,0,45.72,64.70,8,44.35,5,52.05,5
2026-09-02 02:18:27,55.83,3,0,0,43.89,70.50,8,52.85,5,44.15,5
2026-09-02 02:18:41,54.63,3,0,0,43.43,72.30,8,44.50,5,47.10,5
2026-09-02 02:18:56,59.53,3,0,0,43.46,73.40,8,52.50,5,52.70,5
2026-09-02 02:19:11,51.60,3,0,0,43.03,66.05,8,41.80,4,46.95,5
2026-09-02 02:19:28,52.98,3,0,0,43.44,68.80,8,46.00,4,44.15,5
2026-09-02 02:19:42,50.92,3,0,0,41.68,68.85,8,37.85,4,46.05,5
2026-09-02 02:19:56,54.72,3,0,0,40.55,65.15,8,46.30,4,52.70,5
2026-09-02 02:20:14,52.08,3,0,0,39.80,73.50,8,38.85,4,43.90,5
2026-09-02 02:20:29,47.33,3,0,0,38.69,67.25,8,37.00,4,37.75,4
2026-09-02 02:20:43,51.10,3,0,0,38.70,67.95,8,45.05,4,40.30,4
2026-09-02 02:20:57,52.25,3,0,0,38.62,73.20,8,42.00,4,41.55,4
2026-09-02 02:21:11,48.25,3,0,0,38.62,68.85,8,37.85,4,38.05,4
2026-09-02 02:21:25,49.12,3,0,0,38.57,66.70,8,38.85,3,41.80,4
2026-09-02 02:21:39,46.53,3,0,0,38.72,70.50,8,31.00,3,38.10,4
2026-09-02 02:21:52,50.37,3,0,0,37.29,70.05,8,39.10,3,41.95,4
2026-09-02 02:22:06,50.00,3,0,0,36.47,73.55,8,34.90,3,41.55,4
2026-09-02 02:22:19,45.05,3,0,0,36.38,64.70,8,31.10,3,39.35,4
2026-09-02 02:22:33,48.40,3,0,0,35.10,66.85,8,39.35,3,39.00,3
2026-09-02 02:22:47,43.72,3,0,0,34.34,65.45,8,30.95,3,34.75,3
2026-09-02 02:23:00,45.48,3,0,0,32.63,69.80,8,34.40,3,32.25,3
2026-09-02 02:23:14,49.32,3,0,0,33.56,73.45,8,34.90,3,39.60,3
2026-09-02 02:23:27,42.85,3,0,0,33.51,64.55,8,32.25,3,31.75,3
2026-09-02 02:23:41,45.72,3,0,0,33.07,64.90,8,32.90,3,39.35,3
2026-09-02 02:23:55,39.73,3,0,0,32.24,64.90,8,24.55,2,29.75,3
2026-09-02 02:24:09,45.87,3,0,0,31.33,69.40,8,32.15,2,36.05,3
2026-09-02 02:24:22,42.55,3,0,0,29.79,68.75,8,24.00,2,34.90,3
2026-09-02 02:24:36,43.62,3,0,0,29.88,64.70,8,32.30,2,33.85,3
2026-09-02 02:24:50,42.60,3,0,0,31.00,64.40,8,24.05,2,39.35,3
2026-09-02 02:25:03,40.90,3,0,0,30.72,65.00,8,29.50,2,28.20,2
2026-09-02 02:25:17,42.02,3,0,0,31.35,70.35,8,28.10,2,27.60,2
2026-09-02 02:25:31,42.08,3,0,0,30.95,68.75,8,29.30,2,28.20,2
2026-09-02 02:25:44,39.28,3,0,0,30.52,68.95,8,22.90,2,26.00,2
2026-09-02 02:25:58,41.57,3,0,0,31.07,68.80,8,27.80,2,28.10,2
2026-09-02 02:26:12,37.18,3,0,0,29.88,65.80,8,28.00,2,17.75,1
2026-09-02 02:26:26,41.87,3,0,0,29.88,73.00,8,26.35,2,26.25,1
2026-09-02 02:26:40,37.00,3,0,0,30.52,63.85,8,28.05,2,19.10,1
2026-09-02 02:26:53,41.53,3,0,0,30.75,68.85,8,29.45,2,26.30,1
2026-09-02 02:27:07,37.22,3,0,0,30.94,64.70,8,28.00,2,18.95,1
2026-09-02 02:27:21,36.20,2,1,0,31.70,67.85,8,25.95,2,14.80,0
2026-09-02 02:27:40,32.43,2,1,0,32.00,68.80,8,28.50,2,0.00,0
2026-09-02 02:27:53,45.35,2,0,1,41.44,66.65,8,24.05,2,0.00,0
2026-09-02 02:28:05,50.10,2,0,1,41.68,72.75,8,27.45,2,0.00,0
2026-09-02 02:28:18,48.42,2,0,1,40.94,68.75,8,28.10,2,0.00,0
2026-09-02 02:28:31,42.25,2,0,1,40.95,65.35,8,19.15,1,0.00,0
2026-09-02 02:28:44,46.15,2,0,1,41.23,70.95,8,21.35,1,0.00,0
2026-09-02 02:28:57,43.78,2,0,1,39.46,67.45,8,20.10,1,0.00,0
2026-09-02 02:29:09,49.58,2,0,1,39.46,73.00,8,26.15,1,0.00,0
2026-09-02 02:29:22,43.30,2,0,1,38.80,68.75,8,17.85,1,0.00,0
2026-09-02 02:29:35,42.15,2,0,1,38.17,65.15,8,19.15,1,0.00,0
2026-09-02 02:29:47,33.60,1,1,1,38.48,67.20,8,0.00,0,0.00,0
2026-09-02 02:29:59,65.00,1,0,2,66.94,65.00,8,0.00,0,0.00,0
2026-09-02 02:30:11,70.85,1,0,2,66.94,70.85,8,0.00,0,0.00,0
2026-09-02 02:30:22,73.55,1,0,2,66.92,73.55,8,0.00,0,0.00,0
2026-09-02 02:30:34,64.40,1,0,2,66.92,64.40,8,0.00,0,0.00,0
2026-09-02 02:30:46,58.25,1,0,2,66.92,58.25,8,0.00,0,0.00,0
2026-09-02 02:30:58,57.45,1,0,2,57.25,57.45,7,0.00,0,0.00,0
2026-09-02 02:31:10,60.05,1,0,2,57.25,60.05,7,0.00,0,0.00,0
2026-09-02 02:31:21,64.25,1,0,2,52.27,64.25,7,0.00,0,0.00,0
2026-09-02 02:31:33,62.10,1,0,2,52.27,62.10,7,0.00,0,0.00,0
2026-09-02 02:31:45,57.95,1,0,2,52.27,57.95,7,0.00,0,0.00,0
2026-09-02 02:31:57,55.65,1,0,2,46.89,55.65,7,0.00,0,0.00,0
2026-09-02 02:32:09,55.55,1,0,2,46.89,55.55,6,0.00,0,0.00,0
2026-09-02 02:32:20,51.90,1,0,2,37.07,51.90,6,0.00,0,0.00,0
2026-09-02 02:32:32,57.60,1,0,2,37.07,57.60,6,0.00,0,0.00,0
2026-09-02 02:32:44,55.45,1,0,2,37.07,55.45,6,0.00,0,0.00,0
2026-09-02 02:32:56,60.25,1,0,2,32.87,60.25,6,0.00,0,0.00,0
2026-09-02 02:33:07,53.55,1,0,2,32.87,53.55,5,0.00,0,0.00,0
2026-09-02 02:33:19,44.35,1,0,2,32.87,44.35,5,0.00,0,0.00,0
2026-09-02 02:33:30,46.65,1,0,2,30.52,46.65,5,0.00,0,0.00,0
2026-09-02 02:33:42,53.00,1,0,2,30.52,53.00,5,0.00,0,0.00,0
2026-09-02 02:33:54,53.10,1,0,2,26.40,53.10,5,0.00,0,0.00,0
2026-09-02 02:34:06,48.95,1,0,2,26.40,48.95,5,0.00,0,0.00,0
2026-09-02 02:34:18,38.20,1,0,2,26.40,38.20,4,0.00,0,0.00,0
2026-09-02 02:34:30,41.50,1,0,2,25.31,41.50,4,0.00,0,0.00,0
2026-09-02 02:34:42,47.05,1,0,2,25.31,47.05,4,0.00,0,0.00,0
2026-09-02 02:34:53,42.25,1,0,2,25.31,42.25,4,0.00,0,0.00,0
2026-09-02 02:35:05,38.20,1,0,2,21.24,38.20,4,0.00,0,0.00,0
2026-09-02 02:35:17,42.65,1,0,2,21.24,42.65,4,0.00,0,0.00,0
2026-09-02 02:35:29,39.80,1,0,2,23.48,39.80,3,0.00,0,0.00,0
2026-09-02 02:35:40,30.45,1,0,2,23.48,30.45,3,0.00,0,0.00,0
2026-09-02 02:35:52,31.50,1,0,2,23.48,31.50,3,0.00,0,0.00,0
2026-09-02 02:36:04,34.15,1,0,2,16.64,34.15,3,0.00,0,0.00,0
2026-09-02 02:36:15,40.10,1,0,2,16.64,40.10,3,0.00,0,0.00,0
2026-09-02 02:36:28,31.55,1,0,2,14.88,31.55,3,0.00,0,0.00,0
2026-09-02 02:36:40,27.30,1,0,2,14.88,27.30,2,0.00,0,0.00,0
2026-09-02 02:36:51,32.65,1,0,2,14.88,32.65,2,0.00,0,0.00,0
2026-09-02 02:37:03,28.65,1,0,2,13.21,28.65,2,0.00,0,0.00,0
2026-09-02 02:37:14,25.10,1,0,2,13.21,25.10,2,0.00,0,0.00,0
2026-09-02 02:37:26,32.80,1,0,2,13.21,32.80,2,0.00,0,0.00,0
2026-09-02 02:37:38,22.05,1,0,2,16.28,22.05,2,0.00,0,0.00,0
2026-09-02 02:37:50,17.80,1,0,2,16.28,17.80,1,0.00,0,0.00,0
2026-09-02 02:38:02,23.80,1,0,2,21.94,23.80,1,0.00,0,0.00,0
2026-09-02 02:38:14,26.30,1,0,2,21.94,26.30,1,0.00,0,0.00,0
2026-09-02 02:38:26,26.90,1,0,2,21.94,26.90,1,0.00,0,0.00,0
2026-09-02 02:38:38,21.75,1,0,2,22.19,21.75,1,0.00,0,0.00,0
2026-09-02 02:38:50,15.30,1,0,2,22.19,15.30,1,0.00,0,0.00,0
2026-09-02 02:39:03,12.45,0,1,2,25.43,12.45,0,0.00,0,0.00,0
2026-09-02 02:39:14,16.95,0,1,2,25.43,16.95,0,0.00,0,0.00,0
2026-09-02 02:39:26,19.70,0,1,2,25.43,19.70,0,0.00,0,0.00,0
2026-09-02 02:39:38,15.00,0,1,2,29.34,15.00,0,0.00,0,0.00,0
2026-09-02 02:39:50,11.00,0,1,2,29.34,11.00,0,0.00,0,0.00,0
2026-09-02 02:40:02,16.90,0,1,2,29.34,16.90,0,0.00,0,0.00,0
2026-09-02 02:40:13,15.05,0,1,2,31.70,15.05,0,0.00,0,0.00,0
2026-09-02 02:40:25,16.85,0,1,2,31.70,16.85,0,0.00,0,0.00,0
2026-09-02 02:40:37,9.85,0,1,2,34.43,9.85,0,0.00,0,0.00,0
2026-09-02 02:40:49,19.15,1,0,2,34.43,19.15,1,0.00,0,0.00,0
2026-09-02 02:41:00,23.05,1,0,2,34.43,23.05,1,0.00,0,0.00,0
2026-09-02 02:41:12,17.95,1,0,2,36.02,17.95,1,0.00,0,0.00,0
2026-09-02 02:41:24,17.70,1,0,2,36.02,17.70,1,0.00,0,0.00,0
2026-09-02 02:41:35,20.65,1,0,2,36.02,20.65,1,0.00,0,0.00,0
2026-09-02 02:41:49,26.15,1,0,2,40.31,26.15,1,0.00,0,0.00,0
2026-09-02 02:42:00,25.55,1,0,2,40.31,25.55,2,0.00,0,0.00,0
2026-09-02 02:42:12,22.65,1,0,2,43.39,22.65,2,0.00,0,0.00,0
2026-09-02 02:42:24,28.25,1,0,2,43.39,28.25,2,0.00,0,0.00,0
2026-09-02 02:42:35,33.10,1,0,2,43.39,33.10,2,0.00,0,0.00,0
2026-09-02 02:42:47,29.75,1,0,2,43.51,29.75,2,0.00,0,0.00,0
2026-09-02 02:43:00,24.75,1,0,2,43.51,24.75,2,0.00,0,0.00,0
2026-09-02 02:43:13,26.60,1,0,2,47.71,26.60,3,0.00,0,0.00,0
2026-09-02 02:43:25,32.95,1,0,2,47.71,32.95,3,0.00,0,0.00,0
2026-09-02 02:43:37,39.05,1,0,2,47.71,39.05,3,0.00,0,0.00,0
2026-09-02 02:43:49,34.15,1,0,2,48.41,34.15,3,0.00,0,0.00,0
2026-09-02 02:44:01,35.20,1,0,2,48.41,35.20,3,0.00,0,0.00,0
2026-09-02 02:44:13,39.70,1,0,2,52.24,39.70,3,0.00,0,0.00,0
2026-09-02 02:44:25,34.15,1,0,2,52.24,34.15,4,0.00,0,0.00,0
2026-09-02 02:44:37,33.60,1,0,2,52.24,33.60,4,0.00,0,0.00,0
2026-09-02 02:44:49,40.45,1,0,2,56.39,40.45,4,0.00,0,0.00,0
2026-09-02 02:45:01,43.30,1,0,2,56.39,43.30,4,0.00,0,0.00,0
2026-09-02 02:45:13,38.00,1,0,2,56.39,38.00,4,0.00,0,0.00,0
2026-09-02 02:45:24,42.00,1,0,2,58.49,42.00,4,0.00,0,0.00,0
2026-09-02 02:45:37,46.05,1,0,2,58.49,46.05,4,0.00,0,0.00,0
2026-09-02 02:45:49,40.45,1,0,2,60.97,40.45,5,0.00,0,0.00,0
2026-09-02 02:46:00,51.35,1,0,2,60.97,51.35,5,0.00,0,0.00,0
2026-09-02 02:46:12,47.00,1,0,2,60.97,47.00,5,0.00,0,0.00,0
2026-09-02 02:46:24,44.65,1,0,2,62.07,44.65,5,0.00,0,0.00,0
2026-09-02 02:46:36,48.65,1,0,2,62.07,48.65,5,0.00,0,0.00,0
2026-09-02 02:46:48,52.95,1,0,2,68.02,52.95,5,0.00,0,0.00,0
2026-09-02 02:47:00,46.65,1,0,2,68.02,46.65,6,0.00,0,0.00,0
2026-09-02 02:47:12,56.30,1,0,2,68.02,56.30,6,0.00,0,0.00,0
2026-09-02 02:47:24,53.00,1,0,2,69.94,53.00,6,0.00,0,0.00,0
2026-09-02 02:47:35,51.65,1,0,2,69.94,51.65,6,0.00,0,0.00,0
2026-09-02 02:47:47,55.85,1,0,2,69.94,55.85,6,0.00,0,0.00,0
2026-09-02 02:48:00,60.10,1,0,2,70.97,60.10,6,0.00,0,0.00,0
2026-09-02 02:48:13,52.10,1,0,2,70.97,52.10,7,0.00,0,0.00,0
2026-09-02 02:48:25,57.75,1,0,2,76.21,57.75,7,0.00,0,0.00,0
2026-09-02 02:48:37,63.80,1,0,2,76.21,63.80,7,0.00,0,0.00,0
2026-09-02 02:48:49,58.70,1,0,2,76.21,58.70,7,0.00,0,0.00,0
2026-09-02 02:49:01,62.40,1,0,2,77.24,62.40,7,0.00,0,0.00,0
2026-09-02 02:49:13,61.35,1,0,2,77.24,61.35,7,0.00,0,0.00,0
2026-09-02 02:49:27,36.80,2,0,1,76.52,57.75,7,15.85,1,0.00,0
2026-09-02 02:49:40,38.65,2,0,1,76.52,62.20,7,15.10,1,0.00,0
2026-09-02 02:49:53,44.12,2,0,1,76.52,67.00,7,21.25,1,0.00,0
2026-09-02 02:50:06,46.00,2,0,1,74.15,66.15,7,25.85,1,0.00,0
2026-09-02 02:50:19,42.72,2,0,1,74.15,60.10,7,25.35,1,0.00,0
2026-09-02 02:50:32,40.95,2,0,1,72.35,60.60,7,21.30,1,0.00,0
2026-09-02 02:50:45,37.40,2,0,1,72.35,58.20,7,16.60,2,0.00,0
2026-09-02 02:51:00,33.93,2,1,0,68.49,58.15,7,29.05,2,14.60,0
2026-09-02 02:51:14,34.12,2,1,0,68.49,58.25,7,25.20,2,18.90,0
2026-09-02 02:51:27,32.55,2,1,0,69.35,60.90,7,24.00,2,12.75,0
2026-09-02 02:51:41,35.13,2,1,0,69.35,66.95,7,28.10,2,10.35,0
2026-09-02 02:51:56,35.13,2,1,0,69.35,58.20,7,32.75,2,14.45,0
2026-09-02 02:52:10,36.80,3,0,0,68.51,60.65,7,28.10,2,21.65,1
2026-09-02 02:52:24,36.80,3,0,0,68.51,63.80,7,24.10,2,22.50,1
2026-09-02 02:52:38,37.03,3,0,0,63.76,62.20,7,30.20,2,18.70,1
2026-09-02 02:52:52,34.73,3,0,0,63.76,58.75,7,28.20,2,17.25,1
2026-09-02 02:53:06,41.55,3,0,0,62.95,66.55,7,32.55,2,25.55,1
2026-09-02 02:53:22,37.78,3,0,0,62.95,66.30,7,23.45,2,23.60,2
2026-09-02 02:53:36,40.23,3,0,0,64.27,58.15,7,32.30,2,30.25,2
2026-09-02 02:53:51,39.88,3,0,0,64.27,65.70,7,24.70,2,29.25,2
2026-09-02 02:54:05,38.72,3,0,0,64.24,57.85,7,32.90,2,25.40,2
2026-09-02 02:54:19,35.30,3,0,0,64.24,57.85,7,24.05,2,24.00,2
2026-09-02 02:54:33,38.27,3,0,0,65.25,60.65,7,30.25,2,23.90,3
2026-09-02 02:54:48,40.52,3,0,0,65.25,66.95,7,24.00,2,30.60,3
2026-09-02 02:55:02,40.97,3,0,0,65.25,58.25,7,31.95,2,32.70,3
2026-09-02 02:55:16,40.05,3,0,0,66.11,60.65,7,28.10,2,31.40,3
2026-09-02 02:55:30,40.50,3,0,0,66.11,63.75,7,27.20,2,30.55,3
2026-09-02 02:55:44,41.63,3,0,0,62.91,62.20,7,28.10,2,34.60,3
2026-09-02 02:55:58,41.03,3,0,0,62.91,59.15,7,25.40,3,38.55,3
2026-09-02 02:56:12,46.37,3,0,0,62.77,66.35,7,38.00,3,34.75,3
2026-09-02 02:56:27,44.42,3,0,0,62.77,66.45,7,34.30,3,32.50,3
2026-09-02 02:56:41,42.97,3,0,0,61.42,58.10,7,32.60,3,38.20,3
2026-09-02 02:56:56,45.95,3,0,0,61.42,66.35,7,39.05,3,32.45,3
2026-09-02 02:57:10,42.88,3,0,0,60.89,57.85,7,34.80,3,36.00,4
2026-09-02 02:57:25,42.78,3,0,0,60.89,62.35,7,30.50,3,35.50,4
2026-09-02 02:57:39,43.50,3,0,0,60.89,61.10,7,32.60,3,36.80,4
2026-09-02 02:57:53,46.47,3,0,0,66.08,62.15,7,30.95,3,46.30,4
2026-09-02 02:58:07,47.78,3,0,0,66.08,58.75,7,39.10,3,45.50,4
2026-09-02 02:58:22,45.82,3,0,0,63.90,60.80,7,34.95,4,41.70,4
2026-09-02 02:58:36,48.33,3,0,0,63.90,64.40,7,42.75,4,37.85,4
2026-09-02 02:58:50,49.70,3,0,0,55.82,62.25,7,43.05,4,43.80,4
2026-09-02 02:59:05,47.33,3,0,0,55.82,63.55,7,40.55,4,37.90,4
2026-09-02 02:59:19,48.10,3,0,0,58.69,62.35,7,36.70,4,45.25,4
2026-09-02 02:59:36,46.73,3,0,0,58.69,62.20,7,40.05,4,37.95,4
2026-09-02 02:59:50,49.27,3,0,0,60.38,61.45,7,46.20,4,40.15,5
2026-09-02 03:00:05,50.40,3,0,0,60.38,62.20,7,37.40,4,51.60,5
2026-09-02 03:00:19,49.97,3,0,0,57.44,58.70,7,41.50,4,49.70,5
2026-09-02 03:00:33,50.40,3,0,0,57.44,58.75,7,46.05,4,46.40,5
2026-09-02 03:00:48,51.65,3,0,0,55.83,66.95,7,37.45,4,50.55,5
2026-09-02 03:01:02,50.20,3,0,0,55.83,58.20,7,42.40,5,50.00,5
2026-09-02 03:01:16,53.70,3,0,0,57.63,66.05,7,42.05,5,53.00,5
2026-09-02 03:01:31,53.78,3,0,0,57.87,64.15,7,52.85,5,44.35,5
2026-09-02 03:01:47,51.25,3,0,0,59.54,57.45,7,52.15,5,44.15,5
2026-09-02 03:02:01,53.83,3,0,0,60.04,64.40,7,52.55,5,44.55,5
2026-09-02 03:02:16,51.52,3,0,0,60.04,57.35,7,48.40,5,48.80,6
2026-09-02 03:02:30,53.13,3,0,0,60.26,62.30,7,48.30,5,48.80,6
2026-09-02 03:02:44,54.15,3,0,0,60.26,61.10,7,46.30,5,55.05,6
2026-09-02 03:02:59,56.08,3,0,0,58.03,62.15,7,45.85,5,60.25,6
2026-09-02 03:03:14,55.83,3,0,0,58.03,59.75,7,52.55,5,55.20,6
2026-09-02 03:03:29,58.07,3,0,0,56.61,60.95,7,53.15,6,60.10,6
2026-09-02 03:03:43,57.08,3,0,0,56.61,67.00,7,52.90,6,51.35,6
2026-09-02 03:03:59,55.50,3,0,0,59.38,58.35,7,53.20,6,54.95,6
2026-09-02 03:04:14,55.68,3,0,0,59.38,62.20,7,53.30,6,51.55,6
2026-09-02 03:04:29,57.32,3,0,0,62.83,62.35,7,55.10,6,54.50,6
2026-09-02 03:04:45,55.83,3,0,0,62.83,60.30,7,51.50,6,55.70,7
2026-09-02 03:05:01,61.65,3,0,0,63.57,62.50,7,59.15,6,63.30,7
2026-09-02 03:05:16,57.02,3,0,0,63.57,61.80,7,50.90,6,58.35,7
2026-09-02 03:05:32,61.65,3,0,0,64.98,66.90,7,60.10,6,57.95,7
2026-09-02 03:05:48,55.98,3,0,0,65.60,58.30,7,51.30,6,58.35,7
2026-09-02 03:06:04,62.67,3,0,0,64.45,66.85,7,59.60,7,61.55,7
2026-09-02 03:06:19,62.70,3,0,0,64.45,59.65,7,62.65,7,65.80,7
2026-09-02 03:06:34,59.77,3,0,0,66.63,60.25,7,57.15,7,61.90,7
2026-09-02 03:06:49,63.55,3,0,0,66.63,66.95,7,61.80,7,61.90,7
2026-09-02 03:07:05,62.57,3,0,0,64.70,59.15,7,66.60,7,61.95,7
2026-09-02 03:07:20,60.82,3,0,0,64.70,66.95,8,57.55,7,57.95,7
2026-09-02 03:07:35,64.08,3,0,0,67.65,64.55,8,61.85,7,65.85,7
2026-09-02 03:07:50,61.50,3,0,0,67.65,68.55,8,58.35,7,57.60,7
2026-09-02 03:08:05,62.68,3,0,0,67.03,68.95,8,60.65,7,58.45,7
2026-09-02 03:08:19,63.08,3,0,0,67.03,68.85,8,59.30,7,61.10,7
2026-09-02 03:08:35,65.13,3,0,0,64.41,69.05,8,59.20,7,67.15,8
2026-09-02 03:08:50,68.17,3,0,0,64.41,69.05,8,66.65,7,68.80,8
2026-09-02 03:09:04,63.73,3,0,0,66.25,66.50,8,58.35,7,66.35,8
2026-09-02 03:09:19,67.12,3,0,0,65.99,66.40,8,66.20,7,68.75,8
2026-09-02 03:09:34,69.35,3,0,0,68.03,69.05,8,66.00,7,73.00,8
2026-09-02 03:09:49,63.50,3,0,0,67.43,64.85,8,56.80,8,68.85,8
2026-09-02 03:10:04,67.33,3,0,0,66.30,72.95,8,64.25,8,64.80,8
2026-09-02 03:10:20,67.00,3,0,0,67.46,64.45,8,72.10,8,64.45,8
2026-09-02 03:10:35,66.20,3,0,0,67.58,66.55,8,65.85,8,66.20,8
2026-09-02 03:10:50,68.07,3,0,0,70.00,70.85,8,68.60,8,64.75,8
2026-09-02 03:11:06,68.32,3,0,0,71.28,65.10,8,67.00,8,72.85,8
2026-09-02 03:11:21,70.77,3,0,0,72.28,66.95,9,72.75,8,72.60,8
2026-09-02 03:11:36,68.73,3,0,0,70.53,74.10,9,67.60,8,64.50,8
2026-09-02 03:11:51,70.83,3,0,0,70.77,73.90,9,68.05,8,70.55,8
2026-09-02 03:12:05,69.15,3,0,0,70.77,71.60,9,67.00,8,68.85,8
2026-09-02 03:12:21,73.35,3,0,0,71.16,73.05,9,73.40,8,73.60,9
2026-09-02 03:12:36,74.03,3,0,0,71.16,74.00,9,72.95,8,75.15,9
2026-09-02 03:12:51,70.63,3,0,0,73.75,72.35,9,64.15,8,75.40,9
2026-09-02 03:13:05,74.20,3,0,0,73.75,79.45,9,69.90,8,73.25,9
2026-09-02 03:13:20,72.92,3,0,0,74.19,74.70,9,68.45,8,75.60,9
2026-09-02 03:13:36,74.87,3,0,0,74.19,80.20,9,68.65,8,75.75,9
2026-09-02 03:13:52,75.67,3,0,0,74.61,79.85,9,75.60,9,71.55,9
2026-09-02 03:14:07,75.47,3,0,0,74.61,71.60,9,77.80,9,77.00,9
2026-09-02 03:14:22,76.30,3,0,0,76.01,79.85,9,76.85,9,72.20,9
2026-09-02 03:14:37,72.28,3,0,0,76.01,75.65,9,70.75,9,70.45,9
2026-09-02 03:14:51,75.38,3,0,0,76.74,75.55,9,75.10,9,75.50,9
2026-09-02 03:15:06,72.52,3,0,0,76.74,73.75,9,71.15,9,72.65,9
2026-09-02 03:15:22,75.43,3,0,0,75.23,80.40,9,74.20,9,71.70,9
2026-09-02 03:15:36,73.25,3,0,0,75.23,70.65,9,72.75,8,76.35,9
2026-09-02 03:15:52,70.50,3,0,0,72.16,71.55,9,64.45,8,75.50,9
2026-09-02 03:16:06,73.83,3,0,0,72.16,77.45,9,70.85,8,73.20,9
2026-09-02 03:16:21,70.17,3,0,0,70.41,75.60,9,63.35,8,71.55,9
2026-09-02 03:16:36,68.87,3,0,0,70.41,71.40,9,68.60,8,66.60,8
2026-09-02 03:16:50,69.73,3,0,0,69.19,71.40,9,64.55,8,73.25,8
2026-09-02 03:17:05,70.35,3,0,0,70.10,75.25,9,71.10,8,64.70,8
2026-09-02 03:17:20,68.60,3,0,0,68.93,75.60,9,63.80,8,66.40,8
2026-09-02 03:17:36,70.22,3,0,0,68.99,73.80,9,64.00,8,72.85,8
2026-09-02 03:17:51,65.95,3,0,0,68.99,65.70,8,67.45,8,64.70,8
2026-09-02 03:18:06,70.48,3,0,0,65.61,72.80,8,68.50,8,70.15,8
2026-09-02 03:18:21,67.87,3,0,0,65.61,64.80,8,65.70,8,73.10,8
2026-09-02 03:18:35,68.77,3,0,0,67.80,68.00,8,64.80,8,73.50,8
2026-09-02 03:18:51,68.27,3,0,0,67.80,68.30,8,70.70,8,65.80,8
2026-09-02 03:19:05,67.88,3,0,0,66.38,68.90,8,61.90,7,72.85,8
2026-09-02 03:19:20,65.42,3,0,0,66.38,67.60,8,59.85,7,68.80,8
2026-09-02 03:19:34,66.07,3,0,0,63.49,68.95,8,60.55,7,68.70,8
2026-09-02 03:19:49,68.92,3,0,0,63.49,73.55,8,66.30,7,66.90,8
2026-09-02 03:20:05,63.18,3,0,0,62.89,64.90,8,57.85,7,66.80,8
2026-09-02 03:20:19,65.52,3,0,0,62.89,73.35,8,66.20,7,57.00,7
2026-09-02 03:20:34,63.17,3,0,0,63.56,64.80,8,66.70,7,58.00,7
2026-09-02 03:20:49,62.85,3,0,0,63.56,64.65,8,57.60,7,66.30,7
2026-09-02 03:21:04,63.93,3,0,0,64.03,70.35,8,63.70,7,57.75,7
2026-09-02 03:21:19,61.53,3,0,0,64.03,62.15,7,62.00,7,60.45,7
2026-09-02 03:21:34,59.00,3,0,0,59.40,59.20,7,58.05,7,59.75,7
2026-09-02 03:21:50,60.13,3,0,0,59.11,59.15,7,59.20,7,62.05,7
2026-09-02 03:22:04,60.75,3,0,0,57.54,62.15,7,61.90,7,58.20,7
2026-09-02 03:22:19,60.97,3,0,0,57.16,58.75,7,58.05,7,66.10,7
2026-09-02 03:22:33,61.92,3,0,0,57.83,66.90,7,53.00,6,65.85,7
2026-09-02 03:22:48,58.62,3,0,0,54.93,62.20,7,56.65,6,57.00,7
2026-09-02 03:23:02,58.83,3,0,0,54.93,58.15,7,55.15,6,63.20,7
2026-09-02 03:23:16,61.32,3,0,0,54.72,64.25,7,52.90,6,66.80,7
2026-09-02 03:23:31,62.83,3,0,0,54.72,62.25,7,59.60,6,66.65,7
2026-09-02 03:23:46,56.22,3,0,0,51.48,58.35,7,59.85,6,50.45,6
2026-09-02 03:24:00,56.25,3,0,0,51.48,60.70,7,51.25,6,56.80,6
2026-09-02 03:24:14,60.43,3,0,0,46.97,67.00,7,58.95,6,55.35,6
2026-09-02 03:24:30,54.67,3,0,0,46.97,58.40,7,50.10,6,55.50,6
2026-09-02 03:24:49,57.80,3,0,0,46.71,66.80,7,51.15,6,55.45,6
2026-09-02 03:25:03,53.13,3,0,0,46.71,58.65,7,44.10,5,56.65,6
2026-09-02 03:25:18,57.45,3,0,0,43.92,66.55,7,50.40,5,55.40,6
2026-09-02 03:25:34,52.77,3,0,0,43.92,58.30,7,48.70,5,51.30,6
2026-09-02 03:25:49,54.67,3,0,0,43.58,61.90,7,44.60,5,57.50,6
2026-09-02 03:26:03,56.25,3,0,0,43.58,67.25,7,52.95,5,48.55,5
2026-09-02 03:26:17,50.65,3,0,0,43.35,62.50,7,44.25,5,45.20,5
2026-09-02 03:26:32,52.82,3,0,0,43.35,61.45,7,49.70,5,47.30,5
2026-09-02 03:26:47,56.22,3,0,0,41.95,66.95,7,53.20,5,48.50,5
2026-09-02 03:27:01,51.32,3,0,0,41.95,62.30,7,44.30,5,47.35,5
2026-09-02 03:27:16,51.47,3,0,0,40.76,60.45,7,45.45,4,48.50,5
2026-09-02 03:27:30,52.42,3,0,0,40.37,67.05,7,41.65,4,48.55,5
2026-09-02 03:27:45,47.60,3,0,0,39.84,58.45,7,37.55,4,46.80,5
2026-09-02 03:27:59,50.85,3,0,0,38.19,58.30,7,45.75,4,48.50,5
2026-09-02 03:28:14,50.22,3,0,0,38.19,66.35,7,37.55,4,46.75,5
2026-09-02 03:28:29,49.43,3,0,0,37.00,58.00,7,46.00,4,44.30,4
2026-09-02 03:28:43,48.20,3,0,0,37.00,64.50,7,41.60,4,38.50,4
2026-09-02 03:28:59,46.58,3,0,0,36.15,61.00,7,38.20,4,40.55,4
2026-09-02 03:29:13,49.78,3,0,0,36.15,62.30,7,45.40,4,41.65,4
2026-09-02 03:29:28,43.57,3,0,0,35.52,58.35,7,34.90,4,37.45,4
2026-09-02 03:29:44,45.13,3,0,0,35.52,58.35,7,39.70,3,37.35,4
2026-09-02 03:29:58,44.62,3,0,0,35.03,58.30,7,31.95,3,43.60,4
2026-09-02 03:30:12,47.02,3,0,0,35.03,64.50,7,39.70,3,36.85,4
2026-09-02 03:30:27,44.90,3,0,0,34.60,62.40,7,31.35,3,40.95,4
2026-09-02 03:30:41,45.60,3,0,0,34.60,61.40,7,36.80,3,38.60,3
2026-09-02 03:30:57,40.80,3,0,0,32.11,61.70,7,30.75,3,29.95,3
2026-09-02 03:31:11,46.82,3,0,0,32.11,62.40,7,39.20,3,38.85,3
2026-09-02 03:31:25,40.02,3,0,0,30.57,58.40,7,31.00,3,30.65,3
2026-09-02 03:31:40,45.73,3,0,0,30.37,66.60,7,36.45,3,34.15,3
2026-09-02 03:31:54,43.38,3,0,0,30.57,67.20,7,28.25,2,34.70,3
2026-09-02 03:32:10,42.45,3,0,0,30.63,62.80,7,27.65,2,36.90,3
2026-09-02 03:32:25,42.80,3,0,0,29.91,69.65,7,28.30,2,30.45,3
2026-09-02 03:32:39,41.05,3,0,0,28.96,62.20,7,27.20,2,33.75,3
2026-09-02 03:32:53,38.70,3,0,0,28.96,58.20,7,28.25,2,29.65,3
2026-09-02 03:33:08,37.70,3,0,0,28.56,58.70,7,26.80,2,27.60,2
2026-09-02 03:33:22,39.72,3,0,0,28.56,66.90,7,28.25,2,24.00,2
2026-09-02 03:33:36,37.63,3,0,0,28.97,58.20,7,25.10,2,29.60,2
2026-09-02 03:33:51,38.88,3,0,0,28.97,64.30,7,28.20,2,24.15,2
2026-09-02 03:34:06,37.50,3,0,0,29.80,64.30,7,26.90,2,21.30,2
2026-09-02 03:34:21,33.60,3,0,0,29.80,57.85,7,23.15,2,19.80,1
2026-09-02 03:34:35,38.08,3,0,0,28.74,63.25,7,29.60,2,21.40,1
2026-09-02 03:34:49,37.77,3,0,0,28.74,62.30,7,28.20,2,22.80,1
2026-09-02 03:35:04,37.02,3,0,0,29.82,67.00,7,26.90,2,17.15,1
2026-09-02 03:35:18,35.32,3,0,0,29.82,58.50,7,28.25,2,19.20,1
2026-09-02 03:35:37,31.38,2,1,0,30.22,66.60,7,27.55,2,0.00,0
2026-09-02 03:35:50,46.25,2,0,1,39.27,66.35,7,26.15,2,0.00,0
2026-09-02 03:36:03,46.25,2,0,1,39.06,64.30,7,28.20,2,0.00,0
2026-09-02 03:36:15,43.48,2,0,1,39.43,62.25,7,24.70,2,0.00,0
2026-09-02 03:36:29,42.62,2,0,1,39.43,59.15,7,26.10,1,0.00,0
2026-09-02 03:36:42,40.83,2,0,1,38.98,64.45,7,17.20,1,0.00,0
2026-09-02 03:36:55,43.08,2,0,1,38.98,62.40,7,23.75,1,0.00,0
2026-09-02 03:37:08,41.97,2,0,1,35.82,66.85,7,17.10,1,0.00,0
2026-09-02 03:37:21,41.80,2,0,1,35.82,58.20,7,25.40,1,0.00,0
2026-09-02 03:37:34,36.33,2,0,1,35.82,61.65,7,11.00,1,0.00,0
2026-09-02 03:37:47,42.90,1,1,1,37.58,66.95,7,18.85,0,0.00,0
2026-09-02 03:37:59,31.13,1,1,1,37.58,62.25,7,0.00,0,0.00,0
2026-09-02 03:38:16,31.10,1,1,1,36.70,62.20,7,0.00,0,0.00,0
2026-09-02 03:38:28,62.15,1,0,2,62.15,62.15,7,0.00,0,0.00,0
2026-09-02 03:38:40,58.10,1,0,2,52.75,58.10,7,0.00,0,0.00,0
2026-09-02 03:38:51,52.45,1,0,2,52.75,52.45,6,0.00,0,0.00,0
2026-09-02 03:39:03,51.50,1,0,2,52.75,51.50,6,0.00,0,0.00,0
2026-09-02 03:39:14,53.05,1,0,2,44.84,53.05,6,0.00,0,0.00,0
2026-09-02 03:39:26,59.45,1,0,2,44.84,59.45,6,0.00,0,0.00,0
2026-09-02 03:39:38,55.55,1,0,2,44.84,55.55,6,0.00,0,0.00,0
2026-09-02 03:39:51,51.55,1,0,2,40.98,51.55,6,0.00,0,0.00,0
2026-09-02 03:40:03,44.60,1,0,2,40.98,44.60,5,0.00,0,0.00,0
2026-09-02 03:40:14,47.30,1,0,2,34.29,47.30,5,0.00,0,0.00,0
2026-09-02 03:40:26,53.20,1,0,2,34.29,53.20,5,0.00,0,0.00,0
2026-09-02 03:40:38,43.70,1,0,2,34.29,43.70,5,0.00,0,0.00,0
2026-09-02 03:40:49,45.40,1,0,2,27.05,45.40,5,0.00,0,0.00,0
2026-09-02 03:41:01,45.30,1,0,2,27.05,45.30,5,0.00,0,0.00,0
2026-09-02 03:41:13,40.15,1,0,2,26.54,40.15,4,0.00,0,0.00,0
2026-09-02 03:41:24,46.35,1,0,2,26.54,46.35,4,0.00,0,0.00,0
2026-09-02 03:41:36,42.05,1,0,2,26.54,42.05,4,0.00,0,0.00,0
2026-09-02 03:41:48,37.95,1,0,2,22.36,37.95,4,0.00,0,0.00,0
2026-09-02 03:42:00,42.05,1,0,2,22.36,42.05,4,0.00,0,0.00,0
2026-09-02 03:42:12,42.00,1,0,2,22.36,42.00,4,0.00,0,0.00,0
2026-09-02 03:42:24,35.25,1,0,2,19.03,35.25,3,0.00,0,0.00,0
2026-09-02 03:42:35,32.60,1,0,2,19.03,32.60,3,0.00,0,0.00,0
2026-09-02 03:42:47,39.05,1,0,2,14.12,39.05,3,0.00,0,0.00,0
2026-09-02 03:42:59,40.00,1,0,2,14.12,40.00,3,0.00,0,0.00,0
2026-09-02 03:43:10,30.80,1,0,2,14.12,30.80,3,0.00,0,0.00,0
2026-09-02 03:43:22,26.80,1,0,2,13.87,26.80,3,0.00,0,0.00,0
2026-09-02 03:43:33,32.55,1,0,2,13.87,32.55,2,0.00,0,0.00,0
2026-09-02 03:43:45,28.50,1,0,2,13.87,28.50,2,0.00,0,0.00,0
2026-09-02 03:43:57,24.80,1,0,2,11.62,24.80,2,0.00,0,0.00,0
2026-09-02 03:44:08,27.85,1,0,2,11.62,27.85,2,0.00,0,0.00,0
2026-09-02 03:44:20,33.35,1,0,2,16.39,33.35,2,0.00,0,0.00,0
2026-09-02 03:44:32,17.75,1,0,2,16.39,17.75,2,0.00,0,0.00,0
2026-09-02 03:44:43,20.85,1,0,2,16.39,20.85,1,0.00,0,0.00,0
2026-09-02 03:44:55,26.40,1,0,2,22.02,26.40,1,0.00,0,0.00,0
2026-09-02 03:45:06,16.80,1,0,2,22.02,16.80,1,0.00,0,0.00,0
2026-09-02 03:45:18,20.05,1,0,2,22.02,20.05,1,0.00,0,0.00,0
2026-09-02 03:45:29,26.10,1,0,2,23.13,26.10,1,0.00,0,0.00,0
2026-09-02 03:45:41,15.10,1,0,2,23.13,15.10,1,0.00,0,0.00,0
2026-09-02 03:45:52,13.55,0,1,2,25.41,13.55,0,0.00,0,0.00,0
2026-09-02 03:46:03,14.95,0,1,2,25.41,14.95,0,0.00,0,0.00,0
2026-09-02 03:46:15,13.30,0,1,2,25.41,13.30,0,0.00,0,0.00,0
2026-09-02 03:46:26,14.95,0,1,2,28.57,14.95,0,0.00,0,0.00,0
2026-09-02 03:46:38,12.80,0,1,2,28.57,12.80,0,0.00,0,0.00,0
2026-09-02 03:46:49,15.00,0,1,2,28.57,15.00,0,0.00,0,0.00,0
2026-09-02 03:47:00,11.95,0,1,2,31.73,11.95,0,0.00,0,0.00,0
2026-09-02 03:47:12,15.00,0,1,2,31.73,15.00,0,0.00,0,0.00,0
2026-09-02 03:47:24,12.80,0,1,2,33.93,12.80,0,0.00,0,0.00,0
2026-09-02 03:47:36,14.60,1,0,2,33.93,14.60,1,0.00,0,0.00,0
2026-09-02 03:47:47,21.60,1,0,2,33.93,21.60,1,0.00,0,0.00,0
2026-09-02 03:47:59,26.10,1,0,2,35.50,26.10,1,0.00,0,0.00,0
2026-09-02 03:48:10,21.15,1,0,2,35.50,21.15,1,0.00,0,0.00,0
2026-09-02 03:48:22,26.30,1,0,2,35.50,26.30,1,0.00,0,0.00,0
2026-09-02 03:48:34,21.80,1,0,2,40.27,21.80,1,0.00,0,0.00,0
2026-09-02 03:48:46,24.05,1,0,2,40.27,24.05,2,0.00,0,0.00,0
2026-09-02 03:48:57,28.45,1,0,2,42.66,28.45,2,0.00,0,0.00,0
2026-09-02 03:49:09,24.00,1,0,2,42.66,24.00,2,0.00,0,0.00,0
2026-09-02 03:49:21,28.75,1,0,2,42.66,28.75,2,0.00,0,0.00,0
2026-09-02 03:49:33,32.75,1,0,2,44.23,32.75,2,0.00,0,0.00,0
2026-09-02 03:49:45,24.95,1,0,2,44.23,24.95,2,0.00,0,0.00,0
2026-09-02 03:49:59,25.90,1,0,2,47.41,25.90,2,0.00,0,0.00,0
2026-09-02 03:50:11,31.30,1,0,2,47.41,31.30,3,0.00,0,0.00,0
2026-09-02 03:50:23,31.05,1,0,2,47.41,31.05,3,0.00,0,0.00,0
2026-09-02 03:50:36,34.75,1,0,2,46.58,34.75,3,0.00,0,0.00,0
2026-09-02 03:50:49,38.45,1,0,2,46.58,38.45,3,0.00,0,0.00,0
2026-09-02 03:51:02,31.65,1,0,2,53.38,31.65,3,0.00,0,0.00,0
2026-09-02 03:51:16,39.70,1,0,2,53.38,39.70,3,0.00,0,0.00,0
2026-09-02 03:51:28,33.70,1,0,2,53.38,33.70,4,0.00,0,0.00,0
2026-09-02 03:51:40,42.25,1,0,2,54.67,42.25,4,0.00,0,0.00,0
2026-09-02 03:51:53,35.85,1,0,2,54.67,35.85,4,0.00,0,0.00,0
2026-09-02 03:52:05,40.90,1,0,2,56.93,40.90,4,0.00,0,0.00,0
2026-09-02 03:52:17,37.90,1,0,2,56.93,37.90,4,0.00,0,0.00,0
2026-09-02 03:52:30,42.30,1,0,2,56.93,42.30,4,0.00,0,0.00,0
2026-09-02 03:52:42,46.50,1,0,2,60.95,46.50,5,0.00,0,0.00,0
2026-09-02 03:52:55,42.85,1,0,2,60.95,42.85,5,0.00,0,0.00,0
2026-09-02 03:53:07,43.05,1,0,2,60.95,43.05,5,0.00,0,0.00,0
2026-09-02 03:53:19,51.50,1,0,2,61.42,51.50,5,0.00,0,0.00,0
2026-09-02 03:53:31,46.00,1,0,2,61.42,46.00,5,0.00,0,0.00,0
2026-09-02 03:53:43,44.80,1,0,2,64.84,44.80,5,0.00,0,0.00,0
2026-09-02 03:53:54,53.80,1,0,2,64.84,53.80,6,0.00,0,0.00,0
2026-09-02 03:54:06,49.80,1,0,2,64.84,49.80,6,0.00,0,0.00,0
2026-09-02 03:54:19,51.75,1,0,2,69.53,51.75,6,0.00,0,0.00,0
2026-09-02 03:54:31,54.95,1,0,2,69.53,54.95,6,0.00,0,0.00,0
2026-09-02 03:54:43,50.70,1,0,2,70.11,50.70,6,0.00,0,0.00,0
2026-09-02 03:54:55,55.75,1,0,2,70.11,55.75,6,0.00,0,0.00,0
2026-09-02 03:55:07,60.30,1,0,2,70.11,60.30,7,0.00,0,0.00,0
2026-09-02 03:55:18,53.45,1,0,2,74.32,53.45,7,0.00,0,0.00,0
2026-09-02 03:55:30,61.90,1,0,2,74.32,61.90,7,0.00,0,0.00,0
2026-09-02 03:55:42,56.75,1,0,2,74.32,56.75,7,0.00,0,0.00,0
2026-09-02 03:55:54,55.15,1,0,2,74.53,55.15,7,0.00,0,0.00,0
2026-09-02 03:56:06,38.40,1,1,1,74.53,66.35,7,10.45,0,0.00,0
2026-09-02 03:56:20,36.67,1,1,1,74.29,58.90,7,14.45,0,0.00,0
2026-09-02 03:56:33,42.02,2,0,1,74.29,62.60,7,21.45,1,0.00,0
2026-09-02 03:56:47,44.98,2,0,1,74.85,67.40,7,22.55,1,0.00,0
2026-09-02 03:57:00,41.20,2,0,1,74.85,64.65,7,17.75,1,0.00,0
2026-09-02 03:57:13,41.88,2,0,1,74.85,66.80,7,16.95,1,0.00,0
2026-09-02 03:57:26,40.40,2,0,1,72.59,61.75,7,19.05,1,0.00,0
2026-09-02 03:57:39,44.33,2,0,1,72.59,65.00,7,23.65,1,0.00,0
2026-09-02 03:57:53,41.90,2,0,1,68.36,61.55,7,22.25,2,0.00,0
2026-09-02 03:58:07,34.95,2,1,0,68.36,64.45,7,26.60,2,13.80,0
2026-09-02 03:58:21,36.07,2,1,0,68.69,64.30,7,33.20,2,10.70,0
2026-09-02 03:58:34,38.37,2,1,0,68.69,67.45,7,32.85,2,14.80,0
2026-09-02 03:58:49,36.65,2,1,0,68.69,58.70,7,32.00,2,19.25,0
2026-09-02 03:59:04,38.85,3,0,0,67.76,66.60,7,32.80,2,17.15,1
2026-09-02 03:59:19,38.83,3,0,0,67.76,62.60,7,28.80,2,25.10,1
2026-09-02 03:59:34,37.28,3,0,0,63.55,58.25,7,27.75,2,25.85,1
2026-09-02 03:59:48,39.27,3,0,0,63.55,64.80,7,28.80,2,24.20,1
2026-09-02 04:00:02,37.60,3,0,0,62.30,62.60,7,28.80,2,21.40,1
2026-09-02 04:00:16,37.12,3,0,0,62.30,58.80,7,28.95,2,23.60,2
2026-09-02 04:00:30,39.40,3,0,0,64.27,58.55,7,29.90,2,29.75,2
2026-09-02 04:00:44,40.07,3,0,0,64.27,64.65,7,24.65,2,30.90,2
2026-09-02 04:00:58,40.10,3,0,0,64.45,62.60,7,33.15,2,24.55,2
2026-09-02 04:01:12,35.70,3,0,0,64.45,59.60,7,23.70,2,23.80,2
2026-09-02 04:01:26,39.95,3,0,0,64.45,58.95,7,32.85,2,28.05,2
2026-09-02 04:01:40,41.53,3,0,0,63.15,64.95,7,24.75,2,34.90,3
2026-09-02 04:01:54,42.37,3,0,0,63.15,62.65,7,33.40,2,31.05,3
2026-09-02 04:02:08,38.10,3,0,0,64.60,60.05,7,24.35,2,29.90,3
2026-09-02 04:02:22,43.85,3,0,0,64.60,64.15,7,32.80,2,34.60,3
2026-09-02 04:02:36,42.88,3,0,0,61.71,64.75,7,24.75,2,39.15,3
2026-09-02 04:02:50,43.40,3,0,0,61.71,62.60,7,31.20,3,36.40,3
2026-09-02 04:03:04,41.63,3,0,0,61.00,59.85,7,31.60,3,33.45,3
2026-09-02 04:03:18,45.85,3,0,0,61.00,67.25,7,31.20,3,39.10,3
2026-09-02 04:03:32,44.48,3,0,0,65.95,67.30,7,35.65,3,30.50,3
2026-09-02 04:03:46,41.70,3,0,0,65.95,58.50,7,35.75,3,30.85,3
2026-09-02 04:04:01,44.62,3,0,0,65.95,64.65,7,34.55,3,34.65,3
2026-09-02 04:04:15,47.37,3,0,0,64.14,62.60,7,37.65,3,41.85,4
2026-09-02 04:04:29,47.25,3,0,0,64.14,62.70,7,35.60,3,43.45,4
2026-09-02 04:04:43,44.68,3,0,0,62.75,58.60,7,35.65,3,39.80,4
2026-09-02 04:04:58,45.47,3,0,0,62.75,66.75,7,31.60,3,38.05,4
2026-09-02 04:05:13,43.97,3,0,0,63.13,57.95,7,34.75,3,39.20,4
2026-09-02 04:05:27,49.07,3,0,0,63.13,59.00,7,42.70,4,45.50,4
2026-09-02 04:05:42,49.90,3,0,0,56.65,63.85,7,44.35,4,41.50,4
2026-09-02 04:05:56,48.07,3,0,0,56.65,62.65,7,44.30,4,37.25,4
2026-09-02 04:06:12,47.57,3,0,0,57.48,61.40,7,39.75,4,41.55,4
2026-09-02 04:06:27,50.30,3,0,0,57.48,67.25,7,43.05,4,40.60,4
2026-09-02 04:06:41,53.58,3,0,0,59.80,67.40,7,47.00,4,46.35,5
2026-09-02 04:06:55,47.52,3,0,0,59.22,58.60,7,38.15,4,45.80,5
2026-09-02 04:07:09,50.73,3,0,0,59.50,66.60,7,38.25,4,47.35,5
2026-09-02 04:07:23,49.62,3,0,0,56.05,62.60,7,38.10,4,48.15,5
2026-09-02 04:07:38,52.97,3,0,0,56.05,62.60,7,43.80,4,52.50,5
2026-09-02 04:07:52,47.35,3,0,0,52.19,60.45,7,37.85,4,43.75,5
2026-09-02 04:08:07,51.85,3,0,0,52.19,62.55,7,44.80,5,48.20,5
2026-09-02 04:08:21,50.82,3,0,0,55.32,58.65,7,49.05,5,44.75,5
2026-09-02 04:08:35,50.77,3,0,0,55.32,58.55,7,47.55,5,46.20,5
2026-09-02 04:08:50,52.15,3,0,0,58.72,64.60,7,45.70,5,46.15,5
2026-09-02 04:09:05,53.63,3,0,0,58.72,58.10,7,53.05,5,49.75,5
2026-09-02 04:09:27,31.03,3,0,0,57.62,0.00,7,46.20,5,46.90,6
2026-09-02 04:09:48,53.98,3,0,0,58.65,66.15,7,44.90,5,50.90,6
2026-09-02 04:10:06,55.32,3,0,0,58.65,67.15,7,47.75,5,51.05,6
2026-09-02 04:10:20,54.42,3,0,0,57.67,59.25,7,53.15,5,50.85,6
2026-09-02 04:10:34,56.12,3,0,0,61.47,58.90,7,55.80,6,53.65,6
2026-09-02 04:10:48,60.28,3,0,0,65.32,64.60,7,57.35,6,58.90,6
2026-09-02 04:11:02,59.63,3,0,0,65.32,62.60,7,56.85,6,59.45,6
2026-09-02 04:11:15,54.35,3,0,0,65.32,59.80,7,51.50,6,51.75,6
2026-09-02 04:11:29,58.77,3,0,0,66.06,64.05,7,55.85,6,56.40,6
2026-09-02 04:11:44,57.95,3,0,0,66.06,66.55,7,51.85,6,55.45,7
2026-09-02 04:11:58,60.13,3,0,0,62.57,62.60,7,57.20,6,60.60,7
2026-09-02 04:12:11,57.83,3,0,0,62.57,60.40,7,57.85,6,55.25,7
2026-09-02 04:12:25,61.95,3,0,0,61.53,62.00,7,57.95,6,65.90,7
2026-09-02 04:12:39,59.83,3,0,0,61.53,62.20,7,54.30,6,63.00,7
2026-09-02 04:12:53,62.08,3,0,0,68.49,67.30,7,55.80,6,63.15,7
2026-09-02 04:13:07,59.27,3,0,0,68.49,58.25,7,58.05,7,61.50,7
2026-09-02 04:13:21,62.55,3,0,0,69.03,63.80,7,63.55,7,60.30,7
2026-09-02 04:13:35,62.37,3,0,0,68.30,62.20,7,58.50,7,66.40,7
2026-09-02 04:13:49,63.85,3,0,0,64.47,67.45,7,58.40,7,65.70,7
2026-09-02 04:14:03,62.38,3,0,0,64.19,58.60,7,62.55,7,66.00,7
2026-09-02 04:14:17,63.77,3,0,0,63.47,64.15,7,62.55,7,64.60,7
2026-09-02 04:14:30,61.98,3,0,0,65.23,61.70,8,62.65,7,61.60,7
2026-09-02 04:14:45,63.47,3,0,0,64.01,73.00,8,58.70,7,58.70,7
2026-09-02 04:15:01,64.88,3,0,0,65.55,67.70,8,64.95,7,62.00,7
2026-09-02 04:15:16,62.50,3,0,0,65.30,65.50,8,60.40,7,61.60,7
2026-09-02 04:15:31,64.82,3,0,0,66.03,68.70,8,66.75,7,59.00,7
2026-09-02 04:15:45,61.30,3,0,0,66.03,65.60,8,58.45,7,59.85,8
2026-09-02 04:15:59,67.03,3,0,0,67.74,70.05,8,64.60,7,66.45,8
2026-09-02 04:16:13,71.17,3,0,0,67.74,73.45,8,67.40,7,72.65,8
2026-09-02 04:16:28,65.93,3,0,0,71.22,70.85,8,62.50,7,64.45,8
2026-09-02 04:16:42,64.53,3,0,0,71.02,68.45,8,60.65,7,64.50,8
2026-09-02 04:16:56,68.58,3,0,0,71.27,73.65,8,66.70,8,65.40,8
2026-09-02 04:17:11,65.83,3,0,0,70.75,64.95,8,65.45,8,67.10,8
2026-09-02 04:17:25,68.08,3,0,0,70.74,70.85,8,68.80,8,64.60,8
2026-09-02 04:17:39,70.42,3,0,0,70.70,73.65,8,73.05,8,64.55,8
2026-09-02 04:17:53,69.63,3,0,0,68.76,73.75,8,70.60,8,64.55,8
2026-09-02 04:18:08,67.75,3,0,0,68.88,64.30,9,69.10,8,69.85,8
2026-09-02 04:18:22,70.72,3,0,0,68.88,71.50,9,73.70,8,66.95,8
2026-09-02 04:18:36,73.57,3,0,0,72.84,78.70,9,69.10,8,72.90,8
2026-09-02 04:18:51,68.62,3,0,0,72.84,72.10,9,69.20,8,64.55,8
2026-09-02 04:19:05,72.37,3,0,0,72.28,80.60,9,69.15,8,67.35,8
2026-09-02 04:19:20,68.87,3,0,0,72.61,76.00,9,64.80,8,65.80,8
2026-09-02 04:19:34,69.38,3,0,0,75.17,76.25,9,65.15,8,66.75,9
2026-09-02 04:19:48,75.78,3,0,0,75.20,80.95,9,73.40,8,73.00,9
2026-09-02 04:20:03,73.67,3,0,0,77.17,76.00,9,65.10,8,79.90,9
2026-09-02 04:20:19,74.57,3,0,0,75.11,76.05,9,71.80,8,75.85,9
2026-09-02 04:20:36,73.00,3,0,0,75.02,73.60,9,73.95,8,71.45,9
2026-09-02 04:20:50,73.40,3,0,0,76.16,72.15,9,71.45,9,76.60,9
2026-09-02 04:21:07,75.25,3,0,0,76.41,77.00,9,73.55,9,75.20,9
2026-09-02 04:21:23,77.53,3,0,0,77.28,72.00,9,80.50,9,80.10,9
2026-09-02 04:21:38,77.28,3,0,0,75.96,80.15,9,73.00,9,78.70,9
2026-09-02 04:21:53,76.37,3,0,0,75.38,76.50,9,73.00,9,79.60,9
2026-09-02 04:22:07,75.33,3,0,0,76.87,76.00,9,79.85,9,70.15,9
2026-09-02 04:22:22,76.05,3,0,0,77.32,72.30,9,80.50,9,75.35,9
2026-09-02 04:22:37,75.10,3,0,0,75.33,80.55,9,73.60,8,71.15,9
2026-09-02 04:22:53,74.98,3,0,0,75.12,80.05,9,65.55,8,79.35,9
2026-09-02 04:23:10,73.62,3,0,0,72.55,76.20,9,73.85,8,70.80,9
2026-09-02 04:23:24,72.30,3,0,0,72.31,80.35,9,65.20,8,71.35,9
2026-09-02 04:23:39,68.25,3,0,0,68.73,71.60,9,67.35,8,65.80,9
2026-09-02 04:23:56,68.47,3,0,0,69.18,71.05,9,65.35,8,69.00,8
2026-09-02 04:24:11,73.47,3,0,0,68.58,79.90,9,73.35,8,67.15,8
2026-09-02 04:24:25,71.95,3,0,0,68.55,76.15,9,74.10,8,65.60,8
2026-09-02 04:24:41,71.22,3,0,0,69.64,75.05,9,65.20,8,73.40,8
2026-09-02 04:24:59,70.38,3,0,0,67.24,71.05,8,69.20,8,70.90,8
2026-09-02 04:25:14,68.62,3,0,0,67.19,69.40,8,67.80,8,68.65,8
2026-09-02 04:25:29,68.03,3,0,0,66.65,67.20,8,68.05,8,68.85,8
2026-09-02 04:25:44,70.93,3,0,0,65.03,73.80,8,74.00,8,65.00,8
2026-09-02 04:25:58,68.42,3,0,0,65.26,73.30,8,59.10,8,72.85,8
2026-09-02 04:26:13,66.47,3,0,0,64.52,64.30,8,66.45,7,68.65,8
2026-09-02 04:26:27,68.10,3,0,0,64.22,68.50,8,67.30,7,68.50,8
2026-09-02 04:26:42,64.53,3,0,0,62.65,69.40,8,58.15,7,66.05,8
2026-09-02 04:26:56,70.52,3,0,0,63.98,73.95,8,64.75,7,72.85,8
2026-09-02 04:27:11,63.17,3,0,0,63.42,65.25,8,62.65,7,61.60,7
2026-09-02 04:27:26,63.83,3,0,0,61.50,71.10,8,58.65,7,61.75,7
2026-09-02 04:27:40,63.95,3,0,0,62.20,69.45,8,63.85,7,58.55,7
2026-09-02 04:27:54,65.87,3,0,0,62.60,69.45,8,62.55,7,65.60,7
2026-09-02 04:28:08,60.77,3,0,0,61.86,65.35,8,60.45,7,56.50,7
2026-09-02 04:28:22,63.40,3,0,0,61.55,61.45,7,66.90,7,61.85,7
2026-09-02 04:28:37,64.22,3,0,0,59.67,67.40,7,67.45,7,57.80,7
2026-09-02 04:28:51,62.73,3,0,0,59.22,62.70,7,59.65,7,65.85,7
2026-09-02 04:29:05,61.10,3,0,0,58.77,58.60,7,67.30,7,57.40,7
2026-09-02 04:29:20,61.53,3,0,0,59.03,66.55,7,58.60,7,59.45,7
2026-09-02 04:29:35,56.92,3,0,0,59.52,58.35,7,51.95,6,60.45,7
2026-09-02 04:29:49,60.60,3,0,0,56.77,60.05,7,60.20,6,61.55,7
2026-09-02 04:30:04,57.25,3,0,0,56.09,62.00,7,52.00,6,57.75,7
2026-09-02 04:30:19,63.12,3,0,0,54.31,62.60,7,60.35,6,66.40,7
2026-09-02 04:30:34,62.58,3,0,0,54.46,61.05,7,60.70,6,66.00,7
2026-09-02 04:30:48,58.35,3,0,0,53.49,67.50,7,52.45,6,55.10,6
2026-09-02 04:31:02,59.87,3,0,0,53.73,67.25,7,60.55,6,51.80,6
2026-09-02 04:31:16,56.62,3,0,0,53.06,58.50,7,51.90,6,59.45,6
2026-09-02 04:31:30,58.50,3,0,0,52.73,64.45,7,51.95,6,59.10,6
2026-09-02 04:31:44,57.78,3,0,0,51.62,62.60,7,60.00,6,50.75,6
2026-09-02 04:31:58,53.42,3,0,0,50.92,62.55,7,44.05,5,53.65,6
2026-09-02 04:32:12,54.83,3,0,0,48.74,58.60,7,50.95,5,54.95,6
2026-09-02 04:32:26,58.45,3,0,0,48.74,66.15,7,53.90,5,55.30,6
2026-09-02 04:32:40,52.80,3,0,0,48.39,62.60,7,44.80,5,51.00,6
2026-09-02 04:32:54,57.58,3,0,0,47.86,62.80,7,51.10,5,58.85,6
2026-09-02 04:33:09,50.43,3,0,0,46.25,58.65,7,44.40,5,48.25,5
2026-09-02 04:33:23,54.45,3,0,0,45.88,66.85,7,50.75,5,45.75,5
2026-09-02 04:33:38,54.17,3,0,0,44.92,59.00,7,53.80,5,49.70,5
2026-09-02 04:33:52,51.87,3,0,0,44.81,61.40,7,45.85,5,48.35,5
2026-09-02 04:34:07,53.87,3,0,0,44.62,65.60,7,49.00,5,47.00,5
2026-09-02 04:34:22,49.93,3,0,0,45.66,62.65,7,38.90,4,48.25,5
2026-09-02 04:34:36,51.27,3,0,0,45.60,61.85,7,43.70,4,48.25,5
2026-09-02 04:34:51,51.90,3,0,0,43.56,67.10,7,42.45,4,46.15,5
2026-09-02 04:35:05,52.45,3,0,0,43.72,62.60,7,46.50,4,48.25,5
2026-09-02 04:35:20,48.10,3,0,0,42.94,59.20,7,38.35,4,46.75,5
2026-09-02 04:35:34,49.57,3,0,0,42.94,66.95,7,40.70,4,41.05,4
2026-09-02 04:35:47,47.13,3,0,0,41.51,57.55,7,42.30,4,41.55,4
2026-09-02 04:36:01,46.65,3,0,0,40.89,62.60,7,38.85,4,38.50,4
2026-09-02 04:36:15,50.82,3,0,0,40.13,59.40,7,47.10,4,45.95,4
2026-09-02 04:36:30,47.42,3,0,0,40.05,67.10,7,38.50,4,36.65,4
2026-09-02 04:36:44,43.87,3,0,0,39.27,58.55,7,34.35,3,38.70,4
2026-09-02 04:36:58,46.48,3,0,0,38.07,57.65,7,35.70,3,46.10,4
2026-09-02 04:37:11,43.82,3,0,0,37.84,60.05,7,34.05,3,37.35,4
2026-09-02 04:37:25,48.82,3,0,0,38.07,67.05,7,35.70,3,43.70,4
2026-09-02 04:37:40,45.32,3,0,0,37.56,58.45,7,31.70,3,45.80,4
2026-09-02 04:37:54,44.63,3,0,0,38.42,58.80,7,40.35,3,34.75,3
2026-09-02 04:38:08,42.75,3,0,0,38.42,61.20,7,32.80,3,34.25,3
2026-09-02 04:38:22,45.92,3,0,0,35.85,67.30,7,35.70,3,34.75,3
2026-09-02 04:38:37,40.40,3,0,0,35.42,58.65,7,31.70,3,30.85,3
2026-09-02 04:38:52,47.95,3,0,0,35.42,64.30,7,40.35,3,39.20,3
2026-09-02 04:39:07,40.10,3,0,0,34.82,64.50,7,25.00,2,30.80,3
2026-09-02 04:39:21,44.90,3,0,0,35.19,62.55,7,33.55,2,38.60,3
2026-09-02 04:39:35,39.90,3,0,0,33.23,60.05,7,24.90,2,34.75,3
2026-09-02 04:39:50,43.90,3,0,0,33.04,67.10,7,33.35,2,31.25,3
2026-09-02 04:40:05,43.43,3,0,0,33.40,67.45,7,27.95,2,34.90,3
2026-09-02 04:40:19,37.47,3,0,0,32.39,58.55,7,29.05,2,24.80,2
2026-09-02 04:40:33,41.37,3,0,0,32.18,64.55,7,27.20,2,32.35,2
2026-09-02 04:40:47,38.48,3,0,0,31.20,62.60,7,28.90,2,23.95,2
2026-09-02 04:41:01,40.37,3,0,0,31.54,62.70,7,27.85,2,30.55,2
2026-09-02 04:41:15,37.22,3,0,0,31.54,58.60,7,29.00,2,24.05,2
2026-09-02 04:41:29,39.47,3,0,0,30.69,64.60,7,32.80,2,21.00,1
2026-09-02 04:41:43,37.68,3,0,0,30.94,62.60,7,28.90,2,21.55,1
2026-09-02 04:41:57,36.07,3,0,0,29.00,58.70,7,29.60,2,19.90,1
2026-09-02 04:42:10,36.42,3,0,0,29.54,58.60,7,29.10,2,21.55,1
2026-09-02 04:42:25,40.15,3,0,0,29.37,66.75,7,32.40,2,21.30,1
2026-09-02 04:42:39,35.50,2,1,0,29.49,62.65,7,28.95,2,14.90,0
2026-09-02 04:42:52,30.42,2,1,0,29.49,60.80,7,30.45,2,0.00,0
2026-09-02 04:43:11,27.90,2,1,0,29.83,59.00,7,24.70,2,0.00,0
2026-09-02 04:43:24,41.92,2,0,1,40.48,58.85,7,25.00,2,0.00,0
2026-09-02 04:43:37,49.30,2,0,1,40.51,66.00,7,32.60,2,0.00,0
2026-09-02 04:43:51,37.77,2,0,1,40.51,57.60,7,17.95,1,0.00,0
2026-09-02 04:44:04,42.50,2,0,1,39.04,58.20,7,26.80,1,0.00,0
2026-09-02 04:44:17,38.85,2,0,1,39.04,59.70,7,18.00,1,0.00,0
2026-09-02 04:44:29,45.88,2,0,1,38.71,65.65,7,26.10,1,0.00,0
2026-09-02 04:44:42,42.30,2,0,1,39.12,62.60,7,22.00,1,0.00,0
2026-09-02 04:44:54,35.97,1,1,1,39.12,58.60,7,13.35,0,0.00,0
2026-09-02 04:45:12,29.10,1,1,1,39.17,58.20,7,0.00,0,0.00,0
2026-09-02 04:45:24,62.60,1,0,2,63.47,62.60,7,0.00,0,0.00,0
2026-09-02 04:45:35,58.60,1,0,2,62.71,58.60,7,0.00,0,0.00,0
2026-09-02 04:45:47,62.75,1,0,2,62.71,62.75,7,0.00,0,0.00,0
2026-09-02 04:45:59,59.55,1,0,2,62.71,59.55,7,0.00,0,0.00,0
2026-09-02 04:46:11,56.85,1,0,2,52.48,56.85,6,0.00,0,0.00,0
2026-09-02 04:46:23,55.60,1,0,2,52.48,55.60,6,0.00,0,0.00,0
2026-09-02 04:46:34,51.30,1,0,2,45.70,51.30,6,0.00,0,0.00,0
2026-09-02 04:46:46,53.45,1,0,2,45.70,53.45,6,0.00,0,0.00,0
2026-09-02 04:46:58,57.95,1,0,2,45.70,57.95,6,0.00,0,0.00,0
2026-09-02 04:47:09,46.55,1,0,2,39.65,46.55,6,0.00,0,0.00,0
2026-09-02 04:47:21,53.20,1,0,2,39.65,53.20,5,0.00,0,0.00,0
2026-09-02 04:47:33,49.15,1,0,2,29.33,49.15,5,0.00,0,0.00,0
2026-09-02 04:47:45,45.45,1,0,2,29.33,45.45,5,0.00,0,0.00,0
2026-09-02 04:47:57,50.90,1,0,2,29.33,50.90,5,0.00,0,0.00,0
2026-09-02 04:48:10,47.60,1,0,2,28.90,47.60,5,0.00,0,0.00,0
2026-09-02 04:48:22,47.05,1,0,2,28.90,47.05,4,0.00,0,0.00,0
2026-09-02 04:48:34,37.50,1,0,2,28.90,37.50,4,0.00,0,0.00,0
2026-09-02 04:48:45,37.20,1,0,2,27.62,37.20,4,0.00,0,0.00,0
2026-09-02 04:48:57,42.30,1,0,2,27.62,42.30,4,0.00,0,0.00,0
2026-09-02 04:49:09,46.55,1,0,2,21.00,46.55,4,0.00,0,0.00,0
2026-09-02 04:49:21,46.65,1,0,2,21.00,46.65,4,0.00,0,0.00,0
2026-09-02 04:49:32,40.15,1,0,2,21.00,40.15,3,0.00,0,0.00,0
2026-09-02 04:49:44,39.95,1,0,2,19.37,39.95,3,0.00,0,0.00,0
2026-09-02 04:49:56,40.10,1,0,2,19.37,40.10,3,0.00,0,0.00,0
2026-09-02 04:50:08,37.25,1,0,2,14.83,37.25,3,0.00,0,0.00,0
2026-09-02 04:50:20,37.65,1,0,2,14.83,37.65,3,0.00,0,0.00,0
2026-09-02 04:50:32,39.50,1,0,2,14.83,39.50,3,0.00,0,0.00,0
2026-09-02 04:50:44,29.80,1,0,2,16.60,29.80,2,0.00,0,0.00,0
2026-09-02 04:50:55,30.65,1,0,2,16.60,30.65,2,0.00,0,0.00,0
2026-09-02 04:51:07,27.10,1,0,2,16.60,27.10,2,0.00,0,0.00,0
2026-09-02 04:51:19,26.85,1,0,2,14.36,26.85,2,0.00,0,0.00,0
2026-09-02 04:51:30,27.25,1,0,2,14.36,27.25,2,0.00,0,0.00,0
2026-09-02 04:51:42,27.50,1,0,2,16.35,27.50,2,0.00,0,0.00,0
2026-09-02 04:51:54,20.50,1,0,2,16.35,20.50,1,0.00,0,0.00,0
2026-09-02 04:52:06,19.50,1,0,2,16.35,19.50,1,0.00,0,0.00,0
2026-09-02 04:52:17,19.45,1,0,2,19.66,19.45,1,0.00,0,0.00,0
2026-09-02 04:52:28,20.25,1,0,2,19.66,20.25,1,0.00,0,0.00,0
2026-09-02 04:52:40,26.45,1,0,2,19.66,26.45,1,0.00,0,0.00,0
2026-09-02 04:52:51,17.35,1,0,2,20.80,17.35,1,0.00,0,0.00,0
2026-09-02 04:53:03,11.35,1,0,2,20.80,11.35,1,0.00,0,0.00,0
2026-09-02 04:53:14,19.50,0,1,2,27.53,19.50,0,0.00,0,0.00,0
2026-09-02 04:53:26,11.05,0,1,2,27.53,11.05,0,0.00,0,0.00,0
2026-09-02 04:53:37,19.35,0,1,2,27.53,19.35,0,0.00,0,0.00,0
2026-09-02 04:53:49,11.00,0,1,2,29.58,11.00,0,0.00,0,0.00,0
2026-09-02 04:54:00,19.25,0,1,2,29.58,19.25,0,0.00,0,0.00,0
2026-09-02 04:54:11,10.95,0,1,2,29.58,10.95,0,0.00,0,0.00,0
2026-09-02 04:54:23,17.30,0,1,2,31.31,17.30,0,0.00,0,0.00,0
2026-09-02 04:54:35,11.10,0,1,2,31.31,11.10,0,0.00,0,0.00,0
2026-09-02 04:54:47,19.70,1,0,2,34.86,19.70,1,0.00,0,0.00,0
2026-09-02 04:54:59,19.40,1,0,2,34.86,19.40,1,0.00,0,0.00,0
2026-09-02 04:55:10,17.60,1,0,2,34.86,17.60,1,0.00,0,0.00,0
2026-09-02 04:55:22,21.65,1,0,2,36.04,21.65,1,0.00,0,0.00,0
2026-09-02 04:55:33,26.50,1,0,2,36.04,26.50,1,0.00,0,0.00,0
2026-09-02 04:55:45,17.05,1,0,2,36.04,17.05,1,0.00,0,0.00,0
2026-09-02 04:55:57,18.40,1,0,2,39.36,18.40,1,0.00,0,0.00,0
2026-09-02 04:56:08,24.05,1,0,2,39.36,24.05,2,0.00,0,0.00,0
2026-09-02 04:56:20,30.75,1,0,2,41.31,30.75,2,0.00,0,0.00,0
2026-09-02 04:56:31,26.75,1,0,2,41.31,26.75,2,0.00,0,0.00,0
2026-09-02 04:56:43,24.40,1,0,2,41.31,24.40,2,0.00,0,0.00,0
2026-09-02 04:56:54,28.35,1,0,2,45.14,28.35,2,0.00,0,0.00,0
2026-09-02 04:57:06,32.40,1,0,2,45.14,32.40,2,0.00,0,0.00,0
2026-09-02 04:57:18,33.75,1,0,2,45.14,33.75,3,0.00,0,0.00,0
2026-09-02 04:57:29,29.55,1,0,2,49.86,29.55,3,0.00,0,0.00,0
2026-09-02 04:57:41,29.75,1,0,2,49.86,29.75,3,0.00,0,0.00,0
2026-09-02 04:57:52,35.00,1,0,2,49.98,35.00,3,0.00,0,0.00,0
2026-09-02 04:58:04,37.20,1,0,2,49.98,37.20,3,0.00,0,0.00,0
2026-09-02 04:58:16,30.75,1,0,2,49.98,30.75,3,0.00,0,0.00,0
2026-09-02 04:58:28,38.15,1,0,2,55.75,38.15,3,0.00,0,0.00,0
2026-09-02 04:58:39,39.00,1,0,2,55.75,39.00,4,0.00,0,0.00,0
2026-09-02 04:58:51,36.50,1,0,2,55.75,36.50,4,0.00,0,0.00,0
2026-09-02 04:59:03,42.15,1,0,2,56.21,42.15,4,0.00,0,0.00,0
2026-09-02 04:59:15,43.85,1,0,2,56.21,43.85,4,0.00,0,0.00,0
2026-09-02 04:59:26,38.05,1,0,2,59.52,38.05,4,0.00,0,0.00,0
2026-09-02 04:59:38,42.00,1,0,2,59.52,42.00,4,0.00,0,0.00,0
2026-09-02 04:59:49,44.40,1,0,2,59.52,44.40,5,0.00,0,0.00,0
2026-09-02 05:00:01,40.50,1,0,2,62.89,40.50,5,0.00,0,0.00,0
2026-09-02 05:00:13,51.30,1,0,2,62.89,51.30,5,0.00,0,0.00,0
2026-09-02 05:00:24,46.05,1,0,2,62.89,46.05,5,0.00,0,0.00,0
2026-09-02 05:00:36,44.50,1,0,2,64.55,44.50,5,0.00,0,0.00,0
2026-09-02 05:00:48,48.65,1,0,2,64.55,48.65,5,0.00,0,0.00,0
2026-09-02 05:01:00,50.90,1,0,2,68.79,50.90,6,0.00,0,0.00,0
2026-09-02 05:01:12,51.15,1,0,2,68.79,51.15,6,0.00,0,0.00,0
2026-09-02 05:01:23,54.60,1,0,2,68.79,54.60,6,0.00,0,0.00,0
2026-09-02 05:01:35,50.70,1,0,2,69.63,50.70,6,0.00,0,0.00,0
2026-09-02 05:01:47,55.70,1,0,2,69.63,55.70,6,0.00,0,0.00,0
2026-09-02 05:01:59,60.20,1,0,2,69.63,60.20,6,0.00,0,0.00,0
2026-09-02 05:02:11,54.85,1,0,2,73.01,54.85,6,0.00,0,0.00,0
2026-09-02 05:02:23,55.80,1,0,2,73.01,55.80,7,0.00,0,0.00,0
2026-09-02 05:02:35,56.25,1,0,2,74.94,56.25,7,0.00,0,0.00,0
2026-09-02 05:02:46,55.25,1,0,2,74.94,55.25,7,0.00,0,0.00,0
2026-09-02 05:02:58,60.95,1,0,2,74.94,60.95,7,0.00,0,0.00,0
2026-09-02 05:03:09,64.45,1,0,2,74.18,64.45,7,0.00,0,0.00,0
2026-09-02 05:03:21,62.75,1,0,2,74.18,62.75,7,0.00,0,0.00,0
2026-09-02 05:03:33,64.15,1,0,2,74.18,64.15,8,0.00,0,0.00,0
2026-09-02 05:03:46,37.30,1,1,1,77.87,60.15,8,14.45,0,0.00,0
2026-09-02 05:03:58,39.00,1,1,1,77.87,64.60,8,13.40,0,0.00,0
2026-09-02 05:04:11,40.02,1,1,1,77.37,70.80,8,9.25,0,0.00,0
2026-09-02 05:04:23,40.78,1,1,1,77.37,64.45,8,17.10,0,0.00,0
2026-09-02 05:04:35,41.70,1,1,1,77.37,72.90,8,10.50,0,0.00,0
2026-09-02 05:04:49,41.38,2,0,1,77.32,67.90,8,14.85,1,0.00,0
2026-09-02 05:05:03,45.38,2,0,1,77.32,67.45,8,23.30,1,0.00,0
2026-09-02 05:05:17,44.85,2,0,1,75.33,65.00,8,24.70,1,0.00,0
2026-09-02 05:05:30,43.30,2,0,1,75.33,69.05,8,17.55,1,0.00,0
2026-09-02 05:05:42,46.00,2,0,1,73.59,73.80,8,18.20,1,0.00,0
2026-09-02 05:05:56,47.20,2,0,1,73.59,69.10,8,25.30,1,0.00,0
2026-09-02 05:06:09,50.75,2,0,1,73.59,73.80,8,27.70,2,0.00,0
2026-09-02 05:06:24,37.70,2,1,0,72.36,73.45,8,26.90,2,12.75,0
2026-09-02 05:06:38,35.80,2,1,0,72.36,73.80,8,23.60,2,10.00,0
2026-09-02 05:06:52,35.52,2,1,0,70.09,65.00,8,24.10,2,17.45,0
2026-09-02 05:07:05,37.23,2,1,0,70.09,70.20,8,28.15,2,13.35,0
2026-09-02 05:07:19,36.25,2,1,0,69.02,71.25,8,28.10,2,9.40,0
2026-09-02 05:07:33,36.25,3,0,0,69.02,68.45,8,23.25,2,17.05,1
2026-09-02 05:07:47,41.25,3,0,0,71.72,68.95,8,29.50,2,25.30,1
2026-09-02 05:08:01,38.05,3,0,0,71.72,65.55,8,28.10,2,20.50,1
2026-09-02 05:08:15,38.95,3,0,0,72.24,73.35,8,23.85,2,19.65,1
2026-09-02 05:08:29,41.58,3,0,0,72.24,70.60,8,28.20,2,25.95,1
2026-09-02 05:08:44,39.92,3,0,0,72.24,69.00,8,27.30,2,23.45,2
2026-09-02 05:08:59,39.45,3,0,0,69.05,65.05,8,23.10,2,30.20,2
2026-09-02 05:09:13,43.57,3,0,0,69.05,73.35,8,32.35,2,25.00,2
2026-09-02 05:09:26,40.60,3,0,0,68.16,73.40,8,24.15,2,24.25,2
2026-09-02 05:09:40,42.93,3,0,0,68.16,70.20,8,30.20,2,28.40,2
2026-09-02 05:09:55,40.73,3,0,0,71.44,65.00,8,24.10,2,33.10,2
2026-09-02 05:10:08,44.22,3,0,0,71.44,70.95,8,32.40,2,29.30,3
2026-09-02 05:10:23,42.10,3,0,0,71.85,73.55,8,24.60,2,28.15,3
2026-09-02 05:10:37,46.90,3,0,0,71.85,73.40,8,32.30,2,35.00,3
2026-09-02 05:10:51,43.43,3,0,0,69.25,65.05,8,25.65,2,39.60,3
2026-09-02 05:11:05,45.95,3,0,0,69.25,70.90,8,28.10,2,38.85,3
2026-09-02 05:11:19,42.07,3,0,0,69.25,69.00,8,26.25,3,30.95,3
2026-09-02 05:11:33,48.43,3,0,0,68.11,73.85,8,38.00,3,33.45,3
2026-09-02 05:11:47,46.68,3,0,0,68.11,64.75,8,36.35,3,38.95,3
2026-09-02 05:12:01,45.27,3,0,0,71.49,67.55,8,33.25,3,35.00,3
2026-09-02 05:12:14,49.50,3,0,0,71.49,73.80,8,36.65,3,38.05,3
2026-09-02 05:12:28,49.38,3,0,0,71.68,73.90,8,34.90,3,39.35,4
2026-09-02 05:12:44,47.13,3,0,0,71.68,69.35,8,30.30,3,41.75,4
2026-09-02 05:12:59,49.58,3,0,0,69.56,67.45,8,38.95,3,42.35,4
2026-09-02 05:13:13,47.83,3,0,0,60.36,68.95,8,36.65,3,37.90,4
2026-09-02 05:13:27,50.05,3,0,0,60.47,69.15,8,39.30,3,41.70,4
2026-09-02 05:13:41,44.02,3,0,0,58.57,64.60,8,29.70,3,37.75,4
2026-09-02 05:13:55,47.33,3,0,0,58.57,68.35,8,32.85,4,40.80,4
2026-09-02 05:14:09,51.62,3,0,0,61.20,68.95,8,39.65,4,46.25,4
2026-09-02 05:14:24,51.65,3,0,0,61.20,65.00,8,46.35,4,43.60,4
2026-09-02 05:14:38,49.32,3,0,0,61.12,63.90,8,43.70,4,40.35,4
2026-09-02 05:14:52,51.43,3,0,0,62.34,67.55,8,45.05,4,41.70,4
2026-09-02 05:15:06,53.03,3,0,0,61.65,73.70,8,41.55,4,43.85,5
2026-09-02 05:15:20,50.25,3,0,0,63.64,64.90,8,37.65,4,48.20,5
2026-09-02 05:15:34,51.03,3,0,0,62.74,65.10,8,43.85,4,44.15,5
2026-09-02 05:15:48,49.98,3,0,0,59.23,66.75,8,39.00,4,44.20,5
2026-09-02 05:16:02,56.13,3,0,0,60.17,73.75,8,46.15,4,48.50,5
2026-09-02 05:16:17,50.38,3,0,0,57.96,64.95,8,37.55,4,48.65,5
2026-09-02 05:16:30,49.75,3,0,0,57.96,65.40,8,40.05,5,43.80,5
2026-09-02 05:16:46,54.93,3,0,0,60.65,65.75,8,51.75,5,47.30,5
2026-09-02 05:17:00,58.78,3,0,0,60.65,73.75,8,52.50,5,50.10,5
2026-09-02 05:17:14,53.40,3,0,0,59.96,64.95,8,50.00,5,45.25,5
2026-09-02 05:17:29,55.93,3,0,0,62.06,67.95,8,53.25,5,46.60,5
2026-09-02 05:17:43,56.18,3,0,0,62.20,66.95,8,53.25,5,48.35,6
2026-09-02 05:17:57,55.65,3,0,0,62.45,73.80,8,44.30,5,48.85,6
2026-09-02 05:18:11,55.72,3,0,0,62.69,65.00,8,46.95,5,55.20,6
2026-09-02 05:18:25,57.10,3,0,0,62.25,71.70,8,44.80,5,54.80,6
2026-09-02 05:18:40,58.05,3,0,0,62.10,70.15,8,49.95,5,54.05,6
2026-09-02 05:18:53,62.13,3,0,0,61.60,73.75,8,53.25,6,59.40,6
2026-09-02 05:19:07,58.67,3,0,0,61.60,65.00,8,55.80,6,55.20,6
2026-09-02 05:19:21,60.20,3,0,0,64.99,70.95,8,54.45,6,55.20,6
2026-09-02 05:19:35,61.20,3,0,0,64.99,72.55,8,51.65,6,59.40,6
2026-09-02 05:19:49,62.73,3,0,0,66.67,73.40,8,55.20,6,59.60,6
2026-09-02 05:20:04,55.72,3,0,0,66.67,64.90,8,51.15,6,51.10,6
2026-09-02 05:20:18,61.35,3,0,0,66.64,70.55,8,54.60,6,58.90,7
2026-09-02 05:20:32,63.45,3,0,0,66.64,73.70,8,59.95,6,56.70,7
2026-09-02 05:20:46,63.30,3,0,0,66.64,73.50,8,59.25,6,57.15,7
2026-09-02 05:21:01,60.72,3,0,0,65.93,64.95,8,55.15,6,62.05,7
2026-09-02 05:21:16,63.35,3,0,0,66.06,71.10,8,56.80,6,62.15,7
2026-09-02 05:21:30,66.05,3,0,0,64.71,69.25,8,61.80,7,67.10,7
2026-09-02 05:21:44,62.93,3,0,0,64.83,69.00,8,57.70,7,62.10,7
2026-09-02 05:22:00,62.43,3,0,0,68.18,65.15,8,62.05,7,60.10,7
2026-09-02 05:22:15,64.63,3,0,0,67.90,73.50,8,62.00,7,58.40,7
2026-09-02 05:22:30,61.50,3,0,0,69.43,64.85,8,62.00,7,57.65,7
2026-09-02 05:22:44,61.78,3,0,0,69.43,64.55,8,62.15,7,58.65,8
2026-09-02 05:22:58,63.07,3,0,0,68.62,66.45,8,62.10,7,60.65,8
2026-09-02 05:23:12,67.03,3,0,0,68.62,73.70,8,59.85,7,67.55,8
2026-09-02 05:23:26,66.47,3,0,0,68.59,64.95,8,62.90,7,71.55,8
2026-09-02 05:23:40,63.18,3,0,0,67.63,65.10,8,59.85,7,64.60,8
2026-09-02 05:23:55,63.97,3,0,0,68.04,65.75,8,60.80,7,65.35,8
2026-09-02 05:24:09,69.30,3,0,0,67.62,73.35,8,62.80,8,71.75,8
2026-09-02 05:24:23,66.92,3,0,0,67.65,64.60,8,63.05,8,73.10,8
2026-09-02 05:24:37,66.83,3,0,0,70.28,65.05,8,64.45,8,71.00,8
2026-09-02 05:24:52,69.08,3,0,0,70.00,66.55,8,73.05,8,67.65,8
2026-09-02 05:25:07,72.05,3,0,0,70.09,73.70,8,69.05,8,73.40,8
2026-09-02 05:25:21,68.22,3,0,0,70.09,71.20,9,68.65,8,64.80,8
2026-09-02 05:25:35,69.13,3,0,0,72.06,78.15,9,64.65,8,64.60,8
2026-09-02 05:25:49,68.35,3,0,0,72.06,72.55,9,63.65,8,68.85,8
2026-09-02 05:26:03,71.00,3,0,0,73.68,75.65,9,68.70,8,68.65,8
2026-09-02 05:26:18,68.62,3,0,0,73.68,75.65,9,64.30,8,65.90,8
2026-09-02 05:26:32,70.17,3,0,0,74.45,71.45,9,72.55,8,66.50,9
2026-09-02 05:26:46,71.95,3,0,0,74.15,75.75,9,73.05,8,67.05,9
2026-09-02 05:27:01,72.52,3,0,0,73.97,75.70,9,68.60,8,73.25,9
2026-09-02 05:27:16,70.95,3,0,0,73.62,71.40,9,66.30,8,75.15,9
2026-09-02 05:27:30,75.47,3,0,0,73.66,75.65,9,73.40,8,77.35,9
2026-09-02 05:27:45,71.98,3,0,0,73.52,75.80,9,68.70,8,71.45,9
2026-09-02 05:28:00,72.42,3,0,0,72.96,71.75,9,70.90,9,74.60,9
2026-09-02 05:28:15,77.22,3,0,0,75.03,77.90,9,78.20,9,75.55,9
2026-09-02 05:28:30,75.47,3,0,0,74.69,70.95,9,80.05,9,75.40,9
2026-09-02 05:28:45,76.87,3,0,0,75.36,75.85,9,77.40,9,77.35,9
2026-09-02 05:28:59,74.20,3,0,0,75.36,71.70,9,71.45,9,79.45,9
2026-09-02 05:29:13,73.38,3,0,0,75.29,77.60,9,71.65,9,70.90,9
2026-09-02 05:29:28,75.98,3,0,0,75.29,75.75,9,79.25,9,72.95,9
2026-09-02 05:29:43,72.13,3,0,0,73.56,75.90,9,68.85,8,71.65,9
2026-09-02 05:29:57,74.85,3,0,0,73.56,71.45,9,73.50,8,79.60,9
2026-09-02 05:30:12,70.43,3,0,0,73.33,75.10,9,65.00,8,71.20,9
2026-09-02 05:30:26,74.32,3,0,0,72.17,75.65,9,73.00,8,74.30,9
2026-09-02 05:30:40,69.07,3,0,0,72.44,75.80,9,64.70,8,66.70,9
2026-09-02 05:30:55,70.97,3,0,0,72.53,75.70,9,64.40,8,72.80,8
2026-09-02 05:31:09,68.13,3,0,0,71.88,72.70,9,68.10,8,63.60,8
2026-09-02 05:31:23,72.80,3,0,0,71.22,80.05,9,68.65,8,69.70,8
2026-09-02 05:31:39,69.97,3,0,0,69.50,75.70,9,66.60,8,67.60,8
2026-09-02 05:31:54,71.73,3,0,0,69.36,75.65,9,70.85,8,68.70,8
2026-09-02 05:32:09,67.52,3,0,0,65.33,66.95,8,68.70,8,66.90,8
2026-09-02 05:32:24,69.37,3,0,0,65.42,73.55,8,65.85,8,68.70,8
2026-09-02 05:32:38,67.53,3,0,0,65.53,65.05,8,68.65,8,68.90,8
2026-09-02 05:32:53,66.13,3,0,0,64.37,64.65,8,68.90,8,64.85,8
2026-09-02 05:33:07,66.67,3,0,0,64.75,69.70,8,57.95,7,72.35,8
2026-09-02 05:33:22,65.77,3,0,0,63.97,69.00,8,64.10,7,64.20,8
2026-09-02 05:33:36,62.82,3,0,0,63.92,65.85,8,57.75,7,64.85,8
2026-09-02 05:33:51,64.33,3,0,0,63.68,65.00,8,60.00,7,68.00,8
2026-09-02 05:34:06,69.28,3,0,0,63.99,73.20,8,65.95,7,68.70,8
2026-09-02 05:34:21,60.40,3,0,0,64.03,64.65,8,57.95,7,58.60,7
2026-09-02 05:34:35,67.22,3,0,0,62.55,70.90,8,64.85,7,65.90,7
2026-09-02 05:34:50,65.60,3,0,0,61.86,68.05,8,62.15,7,66.60,7
2026-09-02 05:35:06,64.28,3,0,0,60.94,74.05,8,58.55,7,60.25,7
2026-09-02 05:35:21,64.68,3,0,0,61.87,65.05,8,66.85,7,62.15,7
2026-09-02 05:35:37,61.12,3,0,0,59.78,73.30,8,51.30,6,58.75,7
2026-09-02 05:35:51,64.43,3,0,0,59.35,73.00,8,59.50,6,60.80,7
2026-09-02 05:36:06,62.17,3,0,0,57.65,69.15,8,55.25,6,62.10,7
2026-09-02 05:36:20,60.08,3,0,0,56.45,67.00,8,53.45,6,59.80,7
2026-09-02 05:36:35,62.10,3,0,0,55.48,68.95,8,55.25,6,62.10,7
2026-09-02 05:36:50,59.27,3,0,0,55.00,69.10,8,53.40,6,55.30,6
2026-09-02 05:37:05,58.63,3,0,0,54.92,64.95,8,58.95,6,52.00,6
2026-09-02 05:37:19,60.48,3,0,0,54.22,70.75,8,50.85,6,59.85,6
2026-09-02 05:37:34,59.55,3,0,0,54.14,69.00,8,58.05,6,51.60,6
2026-09-02 05:37:49,56.35,3,0,0,53.87,64.30,8,51.35,6,53.40,6
2026-09-02 05:38:03,55.68,3,0,0,50.26,65.15,8,46.60,5,55.30,6
2026-09-02 05:38:19,58.37,3,0,0,50.18,73.20,8,48.55,5,53.35,6
2026-09-02 05:38:34,55.80,3,0,0,48.30,64.60,8,47.50,5,55.30,6
2026-09-02 05:38:50,55.68,3,0,0,48.40,67.40,8,44.25,5,55.40,6
2026-09-02 05:39:06,57.75,3,0,0,49.19,72.05,8,47.80,5,53.40,6
2026-09-02 05:39:21,51.33,3,0,0,47.68,64.95,8,44.30,5,44.75,5
2026-09-02 05:39:35,58.88,3,0,0,47.44,70.75,8,52.55,5,53.35,5
2026-09-02 05:39:50,55.72,3,0,0,47.55,73.80,8,44.70,5,48.65,5
2026-09-02 05:40:04,56.12,3,0,0,46.67,73.90,8,46.90,5,47.55,5
2026-09-02 05:40:20,52.25,3,0,0,43.01,65.95,8,41.85,4,48.95,5
2026-09-02 05:40:34,55.50,3,0,0,41.81,73.70,8,42.00,4,50.80,5
2026-09-02 05:40:52,54.60,3,0,0,44.60,69.25,8,41.70,4,52.85,5
2026-09-02 05:41:07,54.40,3,0,0,41.77,65.60,8,45.90,4,51.70,5
2026-09-02 05:41:24,51.97,3,0,0,41.37,69.05,8,40.30,4,46.55,5
2026-09-02 05:41:40,49.12,3,0,0,40.93,71.80,8,38.20,4,37.35,4
2026-09-02 05:41:57,51.60,3,0,0,40.12,69.30,8,41.80,4,43.70,4
2026-09-02 05:42:11,47.72,3,0,0,38.68,65.15,8,40.10,4,37.90,4
2026-09-02 05:42:26,53.65,3,0,0,37.45,73.00,8,41.75,4,46.20,4
2026-09-02 05:42:41,45.50,3,0,0,36.77,64.05,8,34.45,3,38.00,4
2026-09-02 05:42:55,46.72,3,0,0,36.30,65.05,8,34.90,3,40.20,4
2026-09-02 05:43:09,46.70,3,0,0,37.27,65.05,8,33.20,3,41.85,4
2026-09-02 05:43:23,49.68,3,0,0,35.00,73.25,8,34.90,3,40.90,4
2026-09-02 05:43:39,45.40,3,0,0,39.56,64.45,8,34.40,3,37.35,4
2026-09-02 05:43:54,44.08,3,0,0,38.25,67.60,8,30.95,3,33.70,3
2026-09-02 05:44:09,45.32,3,0,0,37.24,68.10,8,37.05,3,30.80,3
2026-09-02 05:44:24,46.37,3,0,0,36.58,69.05,8,30.90,3,39.15,3
2026-09-02 05:44:39,44.42,3,0,0,32.65,67.10,8,34.90,3,31.25,3
2026-09-02 05:44:54,49.50,3,0,0,33.42,74.05,8,34.55,3,39.90,3
2026-09-02 05:45:10,45.02,3,0,0,36.51,73.90,8,28.25,2,32.90,3
2026-09-02 05:45:27,43.40,3,0,0,33.10,70.30,8,28.20,2,31.70,3
2026-09-02 05:45:44,43.05,3,0,0,32.92,65.05,8,32.90,2,31.20,3
2026-09-02 05:45:58,43.10,3,0,0,31.48,67.60,8,24.80,2,36.90,3
2026-09-02 05:46:14,43.20,3,0,0,33.32,73.00,8,28.20,2,28.40,2
2026-09-02 05:46:29,43.43,3,0,0,32.54,65.05,8,32.60,2,32.65,2
2026-09-02 05:46:44,41.23,3,0,0,30.69,72.90,8,25.85,2,24.95,2
2026-09-02 05:47:00,42.12,3,0,0,30.61,69.15,8,28.50,2,28.70,2
2026-09-02 05:47:15,42.68,3,0,0,30.78,64.95,8,32.55,2,30.55,2
2026-09-02 05:47:29,37.60,3,0,0,31.00,70.60,8,24.55,2,17.65,1
2026-09-02 05:47:44,41.15,3,0,0,30.98,69.10,8,28.25,2,26.10,1
2026-09-02 05:47:58,36.55,3,0,0,30.69,64.85,8,27.10,2,17.70,1
2026-09-02 05:48:12,39.92,3,0,0,30.15,65.05,8,28.25,2,26.45,1
2026-09-02 05:48:27,38.38,3,0,0,30.31,71.25,8,29.80,2,14.10,1
2026-09-02 05:48:41,34.63,2,1,0,31.22,69.10,8,24.05,2,10.75,0
2026-09-02 05:48:55,32.75,2,1,0,31.09,65.55,8,32.70,2,0.00,0
2026-09-02 05:49:13,29.60,2,1,0,31.09,64.95,8,23.85,2,0.00,0
2026-09-02 05:49:26,44.75,2,0,1,41.40,64.95,8,24.55,2,0.00,0
2026-09-02 05:49:39,48.15,2,0,1,41.40,70.60,8,25.70,1,0.00,0
2026-09-02 05:49:52,45.73,2,0,1,41.92,74.00,8,17.45,1,0.00,0
2026-09-02 05:50:06,49.83,2,0,1,41.92,73.70,8,25.95,1,0.00,0
2026-09-02 05:50:19,43.32,2,0,1,42.14,69.10,8,17.55,1,0.00,0
2026-09-02 05:50:32,45.93,2,0,1,39.10,65.95,8,25.90,1,0.00,0
2026-09-02 05:50:45,42.45,2,0,1,39.10,73.35,8,11.55,1,0.00,0
2026-09-02 05:50:58,46.70,1,1,1,41.42,73.80,8,19.60,0,0.00,0
2026-09-02 05:51:10,36.68,1,1,1,41.42,73.35,8,0.00,0,0.00,0
2026-09-02 05:51:27,34.62,1,1,1,41.78,69.25,8,0.00,0,0.00,0
2026-09-02 05:51:39,73.80,1,0,2,69.51,73.80,8,0.00,0,0.00,0
2026-09-02 05:51:51,64.85,1,0,2,60.22,64.85,8,0.00,0,0.00,0
2026-09-02 05:52:03,62.55,1,0,2,60.22,62.55,7,0.00,0,0.00,0
2026-09-02 05:52:15,57.95,1,0,2,60.22,57.95,7,0.00,0,0.00,0
2026-09-02 05:52:26,58.45,1,0,2,54.28,58.45,7,0.00,0,0.00,0
2026-09-02 05:52:38,63.20,1,0,2,54.28,63.20,7,0.00,0,0.00,0
2026-09-02 05:52:50,67.10,1,0,2,54.28,67.10,7,0.00,0,0.00,0
2026-09-02 05:53:02,66.70,1,0,2,51.46,66.70,7,0.00,0,0.00,0
2026-09-02 05:53:14,57.55,1,0,2,51.46,57.55,6,0.00,0,0.00,0
2026-09-02 05:53:26,56.50,1,0,2,45.06,56.50,6,0.00,0,0.00,0
2026-09-02 05:53:38,56.55,1,0,2,45.06,56.55,6,0.00,0,0.00,0
2026-09-02 05:53:50,57.55,1,0,2,45.06,57.55,6,0.00,0,0.00,0
2026-09-02 05:54:02,51.75,1,0,2,38.03,51.75,6,0.00,0,0.00,0
2026-09-02 05:54:15,44.25,1,0,2,38.03,44.25,6,0.00,0,0.00,0
2026-09-02 05:54:27,48.70,1,0,2,36.92,48.70,5,0.00,0,0.00,0
2026-09-02 05:54:39,48.70,1,0,2,36.92,48.70,5,0.00,0,0.00,0
2026-09-02 05:54:50,48.70,1,0,2,36.92,48.70,5,0.00,0,0.00,0
2026-09-02 05:55:02,52.95,1,0,2,31.08,52.95,5,0.00,0,0.00,0
2026-09-02 05:55:14,50.55,1,0,2,31.08,50.55,5,0.00,0,0.00,0
2026-09-02 05:55:26,46.40,1,0,2,31.08,46.40,5,0.00,0,0.00,0
2026-09-02 05:55:37,42.00,1,0,2,28.45,42.00,4,0.00,0,0.00,0
2026-09-02 05:55:49,38.55,1,0,2,28.45,38.55,4,0.00,0,0.00,0
2026-09-02 05:56:01,38.40,1,0,2,21.73,38.40,4,0.00,0,0.00,0
2026-09-02 05:56:12,44.10,1,0,2,21.73,44.10,4,0.00,0,0.00,0
2026-09-02 05:56:24,42.00,1,0,2,21.73,42.00,4,0.00,0,0.00,0
2026-09-02 05:56:36,31.00,1,0,2,18.65,31.00,3,0.00,0,0.00,0
2026-09-02 05:56:48,34.50,1,0,2,18.65,34.50,3,0.00,0,0.00,0
2026-09-02 05:57:00,39.75,1,0,2,18.65,39.75,3,0.00,0,0.00,0
2026-09-02 05:57:12,35.10,1,0,2,15.41,35.10,3,0.00,0,0.00,0
2026-09-02 05:57:23,31.80,1,0,2,15.41,31.80,3,0.00,0,0.00,0
2026-09-02 05:57:35,37.45,1,0,2,13.28,37.45,3,0.00,0,0.00,0
2026-09-02 05:57:47,28.30,1,0,2,13.28,28.30,2,0.00,0,0.00,0
2026-09-02 05:57:59,24.05,1,0,2,13.28,24.05,2,0.00,0,0.00,0
2026-09-02 05:58:10,25.40,1,0,2,17.56,25.40,2,0.00,0,0.00,0
2026-09-02 05:58:22,32.45,1,0,2,17.56,32.45,2,0.00,0,0.00,0
2026-09-02 05:58:33,28.40,1,0,2,16.06,28.40,2,0.00,0,0.00,0
2026-09-02 05:58:45,26.10,1,0,2,16.06,26.10,2,0.00,0,0.00,0
2026-09-02 05:58:57,25.50,1,0,2,16.06,25.50,1,0.00,0,0.00,0
2026-09-02 05:59:08,26.50,1,0,2,21.24,26.50,1,0.00,0,0.00,0
2026-09-02 05:59:20,17.65,1,0,2,21.24,17.65,1,0.00,0,0.00,0
2026-09-02 05:59:31,23.70,1,0,2,21.24,23.70,1,0.00,0,0.00,0
2026-09-02 05:59:43,21.65,1,0,2,21.32,21.65,1,0.00,0,0.00,0
2026-09-02 05:59:55,18.05,1,0,2,21.32,18.05,1,0.00,0,0.00,0
2026-09-02 06:00:07,16.65,0,1,2,25.21,16.65,0,0.00,0,0.00,0
2026-09-02 06:00:19,10.35,0,1,2,25.21,10.35,0,0.00,0,0.00,0
2026-09-02 06:00:30,18.05,0,1,2,25.21,18.05,0,0.00,0,0.00,0
2026-09-02 06:00:42,10.60,0,1,2,28.47,10.60,0,0.00,0,0.00,0
2026-09-02 06:00:53,19.15,0,1,2,28.47,19.15,0,0.00,0,0.00,0
2026-09-02 06:01:05,10.95,0,1,2,28.47,10.95,0,0.00,0,0.00,0
2026-09-02 06:01:17,19.05,0,1,2,30.91,19.05,0,0.00,0,0.00,0
2026-09-02 06:01:28,11.05,0,1,2,30.91,11.05,0,0.00,0,0.00,0
2026-09-02 06:01:41,19.35,0,1,2,34.22,19.35,0,0.00,0,0.00,0
2026-09-02 06:01:53,17.10,1,0,2,34.22,17.10,1,0.00,0,0.00,0
2026-09-02 06:02:05,24.00,1,0,2,34.22,24.00,1,0.00,0,0.00,0
2026-09-02 06:02:17,18.40,1,0,2,36.33,18.40,1,0.00,0,0.00,0
2026-09-02 06:02:29,17.20,1,0,2,36.33,17.20,1,0.00,0,0.00,0
2026-09-02 06:02:41,17.65,1,0,2,39.61,17.65,1,0.00,0,0.00,0
2026-09-02 06:02:52,20.35,1,0,2,39.61,20.35,1,0.00,0,0.00,0
2026-09-02 06:03:04,21.10,1,0,2,39.61,21.10,2,0.00,0,0.00,0
2026-09-02 06:03:16,21.00,1,0,2,41.90,21.00,2,0.00,0,0.00,0
2026-09-02 06:03:27,27.10,1,0,2,41.90,27.10,2,0.00,0,0.00,0
2026-09-02 06:03:39,32.55,1,0,2,41.90,32.55,2,0.00,0,0.00,0
2026-09-02 06:03:51,27.25,1,0,2,43.96,27.25,2,0.00,0,0.00,0
2026-09-02 06:04:03,24.40,1,0,2,43.96,24.40,2,0.00,0,0.00,0
2026-09-02 06:04:16,24.25,1,0,2,48.48,24.25,2,0.00,0,0.00,0
2026-09-02 06:04:28,31.25,1,0,2,48.48,31.25,3,0.00,0,0.00,0
2026-09-02 06:04:40,37.95,1,0,2,48.48,37.95,3,0.00,0,0.00,0
2026-09-02 06:04:51,34.15,1,0,2,48.07,34.15,3,0.00,0,0.00,0
2026-09-02 06:05:03,31.25,1,0,2,48.07,31.25,3,0.00,0,0.00,0
2026-09-02 06:05:15,39.65,1,0,2,48.07,39.65,3,0.00,0,0.00,0
2026-09-02 06:05:27,35.75,1,0,2,51.95,35.75,3,0.00,0,0.00,0
2026-09-02 06:05:39,33.25,1,0,2,51.95,33.25,4,0.00,0,0.00,0
2026-09-02 06:05:51,39.45,1,0,2,56.59,39.45,4,0.00,0,0.00,0
2026-09-02 06:06:03,44.75,1,0,2,56.59,44.75,4,0.00,0,0.00,0
2026-09-02 06:06:15,37.55,1,0,2,56.59,37.55,4,0.00,0,0.00,0
2026-09-02 06:06:27,42.10,1,0,2,58.45,42.10,4,0.00,0,0.00,0
2026-09-02 06:06:40,46.05,1,0,2,58.45,46.05,4,0.00,0,0.00,0
2026-09-02 06:06:52,39.50,1,0,2,60.51,39.50,5,0.00,0,0.00,0
2026-09-02 06:07:04,40.00,1,0,2,60.51,40.00,5,0.00,0,0.00,0
2026-09-02 06:07:15,50.20,1,0,2,60.51,50.20,5,0.00,0,0.00,0
2026-09-02 06:07:27,44.90,1,0,2,62.01,44.90,5,0.00,0,0.00,0
2026-09-02 06:07:39,48.80,1,0,2,62.01,48.80,5,0.00,0,0.00,0
2026-09-02 06:07:51,53.55,1,0,2,62.01,53.55,5,0.00,0,0.00,0
2026-09-02 06:08:03,47.40,1,0,2,66.94,47.40,5,0.00,0,0.00,0
2026-09-02 06:08:15,50.95,1,0,2,66.94,50.95,6,0.00,0,0.00,0
2026-09-02 06:08:26,51.35,1,0,2,69.62,51.35,6,0.00,0,0.00,0
2026-09-02 06:08:38,50.20,1,0,2,69.62,50.20,6,0.00,0,0.00,0
2026-09-02 06:08:50,55.55,1,0,2,69.62,55.55,6,0.00,0,0.00,0
2026-09-02 06:09:02,60.00,1,0,2,70.10,60.00,6,0.00,0,0.00,0
2026-09-02 06:09:14,51.65,1,0,2,70.10,51.65,6,0.00,0,0.00,0
2026-09-02 06:09:26,60.30,1,0,2,75.15,60.30,7,0.00,0,0.00,0
2026-09-02 06:09:38,54.35,1,0,2,75.15,54.35,7,0.00,0,0.00,0
2026-09-02 06:09:50,54.85,1,0,2,75.15,54.85,7,0.00,0,0.00,0
2026-09-02 06:10:02,65.65,1,0,2,75.52,65.65,7,0.00,0,0.00,0
2026-09-02 06:10:13,59.00,1,0,2,75.52,59.00,7,0.00,0,0.00,0
2026-09-02 06:10:26,67.15,1,0,2,75.52,67.15,7,0.00,0,0.00,0
2026-09-02 06:10:39,38.35,2,0,1,75.30,63.75,7,12.95,1,0.00,0
2026-09-02 06:10:52,39.65,2,0,1,75.30,60.00,7,19.30,1,0.00,0
2026-09-02 06:11:06,41.95,2,0,1,75.20,58.35,7,25.55,1,0.00,0
2026-09-02 06:11:19,39.40,2,0,1,75.20,57.95,7,20.85,1,0.00,0
2026-09-02 06:11:32,41.50,2,0,1,70.74,58.30,7,24.70,1,0.00,0
2026-09-02 06:11:45,42.17,2,0,1,70.74,58.35,7,26.00,1,0.00,0
2026-09-02 06:11:59,45.25,2,0,1,70.74,62.40,7,28.10,2,0.00,0
2026-09-02 06:12:13,36.80,2,1,0,68.32,62.35,7,29.50,2,18.55,0
2026-09-02 06:12:27,33.12,2,1,0,68.32,62.35,7,24.25,2,12.75,0
2026-09-02 06:12:41,31.17,2,1,0,70.36,59.15,7,23.80,2,10.55,0
2026-09-02 06:12:56,34.82,2,1,0,70.36,67.15,7,22.80,2,14.50,0
2026-09-02 06:13:11,34.97,3,0,0,69.13,58.45,7,27.90,2,18.55,1
2026-09-02 06:13:25,33.10,3,0,0,69.13,58.30,7,23.85,2,17.15,1
2026-09-02 06:13:40,37.57,3,0,0,64.15,65.55,7,29.60,2,17.55,1
2026-09-02 06:13:54,34.35,3,0,0,64.15,57.70,7,27.90,2,17.45,1
2026-09-02 06:14:08,35.68,3,0,0,63.60,61.30,7,28.00,2,17.75,1
2026-09-02 06:14:23,37.22,3,0,0,63.60,61.70,7,23.90,2,26.05,1
2026-09-02 06:14:37,40.02,3,0,0,64.58,62.30,7,29.80,2,27.95,2
2026-09-02 06:14:51,36.12,3,0,0,64.58,58.65,7,23.45,2,26.25,2
2026-09-02 06:15:05,40.87,3,0,0,64.58,66.85,7,31.40,2,24.35,2
2026-09-02 06:15:19,38.25,3,0,0,62.03,62.45,7,23.85,2,28.45,2
2026-09-02 06:15:33,39.02,3,0,0,62.03,62.40,7,26.30,2,28.35,2
2026-09-02 06:15:47,40.53,3,0,0,66.59,58.30,7,27.90,2,35.40,3
2026-09-02 06:16:01,42.27,3,0,0,66.59,64.20,7,26.10,2,36.50,3
2026-09-02 06:16:15,39.90,3,0,0,66.57,62.40,7,27.90,2,29.40,3
2026-09-02 06:16:29,42.08,3,0,0,66.57,67.15,7,23.95,2,35.15,3
2026-09-02 06:16:44,43.60,3,0,0,62.20,58.35,7,32.70,2,39.75,3
2026-09-02 06:16:58,43.22,3,0,0,62.20,66.50,7,24.10,3,39.05,3
2026-09-02 06:17:12,40.47,3,0,0,61.38,57.90,7,26.75,3,36.75,3
2026-09-02 06:17:26,43.88,3,0,0,61.38,62.50,7,34.00,3,35.15,3
2026-09-02 06:17:40,43.32,3,0,0,61.38,60.65,7,36.40,3,32.90,3
2026-09-02 06:17:54,44.72,3,0,0,63.75,67.15,7,33.10,3,33.90,3
2026-09-02 06:18:09,43.23,3,0,0,63.75,58.35,7,39.10,3,32.25,3
2026-09-02 06:18:23,41.78,3,0,0,63.90,60.60,7,29.75,3,35.00,4
2026-09-02 06:18:37,43.13,3,0,0,63.90,63.05,7,30.30,3,36.05,4
2026-09-02 06:18:51,44.98,3,0,0,64.98,62.30,7,30.80,3,41.85,4
2026-09-02 06:19:05,45.20,3,0,0,64.98,58.90,7,29.90,3,46.80,4
2026-09-02 06:19:19,50.05,3,0,0,65.74,66.70,7,36.95,3,46.50,4
2026-09-02 06:19:33,47.00,3,0,0,65.74,64.55,7,39.45,4,37.00,4
2026-09-02 06:19:49,48.55,3,0,0,61.78,57.80,7,41.80,4,46.05,4
2026-09-02 06:20:05,49.70,3,0,0,58.46,66.55,7,45.00,4,37.55,4
2026-09-02 06:20:20,49.50,3,0,0,58.26,58.35,7,43.60,4,46.55,4
2026-09-02 06:20:35,46.70,3,0,0,60.26,58.35,7,39.90,4,41.85,4
2026-09-02 06:20:49,50.05,3,0,0,60.26,66.65,7,43.35,4,40.15,5
2026-09-02 06:21:03,46.92,3,0,0,61.40,58.10,7,41.50,4,41.15,5
2026-09-02 06:21:17,49.78,3,0,0,59.70,63.95,7,37.50,4,47.90,5
2026-09-02 06:21:32,50.85,3,0,0,59.81,62.05,7,37.80,4,52.70,5
2026-09-02 06:21:46,50.80,3,0,0,57.41,62.35,7,37.50,4,52.55,5
2026-09-02 06:22:01,51.73,3,0,0,58.31,60.65,7,45.95,4,48.60,5
2026-09-02 06:22:16,51.58,3,0,0,59.49,62.30,7,48.35,5,44.10,5
2026-09-02 06:22:30,53.13,3,0,0,59.58,62.40,7,49.85,5,47.15,5
2026-09-02 06:22:45,50.60,3,0,0,58.22,58.55,7,43.30,5,49.95,5
2026-09-02 06:22:59,55.82,3,0,0,56.93,66.60,7,48.15,5,52.70,5
2026-09-02 06:23:14,51.77,3,0,0,56.39,58.30,7,48.35,5,48.65,5
2026-09-02 06:23:28,51.80,3,0,0,55.53,58.80,7,45.65,5,50.95,6
2026-09-02 06:23:43,56.27,3,0,0,54.97,63.45,7,52.35,5,53.00,6
2026-09-02 06:23:58,58.57,3,0,0,54.73,62.80,7,52.80,5,60.10,6
2026-09-02 06:24:13,58.43,3,0,0,54.47,63.55,7,52.20,5,59.55,6
2026-09-02 06:24:28,55.22,3,0,0,54.47,67.25,7,43.75,5,54.65,6
2026-09-02 06:24:42,55.73,3,0,0,55.61,62.35,7,44.90,6,59.95,6
2026-09-02 06:24:56,53.82,2,1,0,59.25,59.60,7,50.70,6,51.15,-1
2026-09-02 06:26:07,57.88,3,0,0,63.11,62.85,7,53.40,6,57.40,6
2026-09-02 06:26:22,57.50,3,0,0,62.50,62.70,7,52.70,6,57.10,6
2026-09-02 06:26:38,58.22,3,0,0,63.12,66.75,7,50.50,6,57.40,6
2026-09-02 06:26:53,58.20,3,0,0,62.73,60.90,7,58.95,6,54.75,6
2026-09-02 06:27:07,57.42,3,0,0,62.86,66.85,7,52.25,6,53.15,6
2026-09-02 06:27:22,54.90,3,0,0,61.13,58.35,7,51.00,6,55.35,6
2026-09-02 06:27:37,59.15,3,0,0,59.89,58.90,7,59.25,6,59.30,7
2026-09-02 06:27:51,57.78,3,0,0,61.01,63.95,7,51.40,6,58.00,7
2026-09-02 06:28:06,62.62,3,0,0,61.01,62.45,7,59.35,6,66.05,7
2026-09-02 06:28:21,58.90,3,0,0,60.47,60.95,7,51.35,6,64.40,7
2026-09-02 06:28:37,58.92,3,0,0,60.18,64.10,7,54.15,6,58.50,7
2026-09-02 06:28:52,62.53,3,0,0,61.23,62.45,7,58.95,6,66.20,7
2026-09-02 06:29:07,61.00,3,0,0,61.56,63.65,7,61.70,7,57.65,7
2026-09-02 06:29:23,61.88,3,0,0,61.94,62.85,7,64.60,7,58.20,7
2026-09-02 06:29:38,60.12,3,0,0,64.56,58.35,7,63.90,7,58.10,7
2026-09-02 06:29:53,61.02,3,0,0,64.23,64.05,7,60.85,7,58.15,7
2026-09-02 06:30:08,60.92,3,0,0,65.49,57.95,7,58.00,7,66.80,7
2026-09-02 06:30:22,62.33,3,0,0,66.81,60.75,8,64.00,7,62.25,7
2026-09-02 06:30:37,62.32,3,0,0,66.12,66.90,8,61.90,7,58.15,7
2026-09-02 06:30:51,65.45,3,0,0,67.19,68.00,8,61.90,7,66.45,7
2026-09-02 06:31:07,63.77,3,0,0,66.71,66.85,8,65.90,7,58.55,7
2026-09-02 06:31:21,63.50,3,0,0,66.97,67.80,8,58.00,7,64.70,7
2026-09-02 06:31:35,65.57,3,0,0,66.19,67.25,8,66.10,7,63.35,8
2026-09-02 06:31:50,65.72,3,0,0,65.92,66.75,8,66.85,7,63.55,8
2026-09-02 06:32:04,65.03,3,0,0,68.03,73.35,8,57.65,7,64.10,8
2026-09-02 06:32:19,69.30,3,0,0,68.71,73.10,8,65.85,7,68.95,8
2026-09-02 06:32:34,68.07,3,0,0,67.42,73.10,8,57.95,7,73.15,8
2026-09-02 06:32:51,67.93,3,0,0,67.41,69.00,8,66.00,7,68.80,8
2026-09-02 06:33:06,66.25,3,0,0,70.49,67.40,8,66.05,8,65.30,8
2026-09-02 06:33:20,68.42,3,0,0,70.13,69.10,8,65.20,8,70.95,8
2026-09-02 06:33:35,66.42,3,0,0,71.32,69.15,8,65.10,8,65.00,8
2026-09-02 06:33:49,66.58,3,0,0,71.32,65.00,8,68.75,8,66.00,8
2026-09-02 06:34:05,70.85,3,0,0,70.38,71.10,8,72.70,8,68.75,8
2026-09-02 06:34:20,69.13,3,0,0,70.38,76.10,9,64.10,8,67.20,8
2026-09-02 06:34:35,68.42,3,0,0,71.76,72.50,9,67.20,8,65.55,8
2026-09-02 06:34:49,73.33,3,0,0,71.73,75.65,9,70.80,8,73.55,8
2026-09-02 06:35:04,68.77,3,0,0,72.44,76.75,9,64.70,8,64.85,8
2026-09-02 06:35:19,73.17,3,0,0,71.87,79.60,9,66.55,8,73.35,8
